# guardian start uptime=7770 gap=30s reboot_on_fail=1 emerg=3550000uV max=14h
up=7770 write=ok timing=10 (mmc HS400) clock=200000000 Hz apss_shut=147081 apss_xo=0 lpass_shut=105 vlow=0 vmin=0 susp_ok=1 susp_fail=0 cap=97 v=4411253 i=185089 chg=Charging online=1
up=7800 write=ok timing=10 (mmc HS400) clock=200000000 Hz apss_shut=147650 apss_xo=0 lpass_shut=105 vlow=0 vmin=0 susp_ok=1 susp_fail=0 cap=97 v=4413589 i=224762 chg=Charging online=1
up=7830 write=ok timing=10 (mmc HS400) clock=200000000 Hz apss_shut=148109 apss_xo=0 lpass_shut=105 vlow=0 vmin=0 susp_ok=1 susp_fail=0 cap=97 v=4273450 i=-190429 chg=Discharging online=0
up=7861 write=ok timing=10 (mmc HS400) clock=200000000 Hz apss_shut=148338 apss_xo=0 lpass_shut=105 vlow=0 vmin=0 susp_ok=1 susp_fail=0 cap=97 v=3889626 i=-1036835 chg=Discharging online=0
up=7891 write=ok timing=10 (mmc HS400) clock=200000000 Hz apss_shut=148338 apss_xo=0 lpass_shut=105 vlow=0 vmin=0 susp_ok=1 susp_fail=0 cap=97 v=3891378 i=-995484 chg=Discharging online=0
up=7921 write=ok timing=10 (mmc HS400) clock=200000000 Hz apss_shut=148338 apss_xo=0 lpass_shut=105 vlow=0 vmin=0 susp_ok=1 susp_fail=0 cap=96 v=3839604 i=-1022797 chg=Discharging online=0
up=7951 write=ok timing=10 (mmc HS400) clock=200000000 Hz apss_shut=148616 apss_xo=0 lpass_shut=105 vlow=0 vmin=0 susp_ok=1 susp_fail=0 cap=96 v=4140318 i=-123291 chg=Discharging online=0
up=7981 write=ok timing=10 (mmc HS400) clock=200000000 Hz apss_shut=148817 apss_xo=0 lpass_shut=105 vlow=0 vmin=0 susp_ok=1 susp_fail=0 cap=96 v=3840967 i=-1075287 chg=Discharging online=0
up=8011 write=ok timing=10 (mmc HS400) clock=200000000 Hz apss_shut=148817 apss_xo=0 lpass_shut=105 vlow=0 vmin=0 susp_ok=1 susp_fail=0 cap=96 v=3800871 i=-1100464 chg=Discharging online=0
up=8041 write=ok timing=10 (mmc HS400) clock=200000000 Hz apss_shut=148817 apss_xo=0 lpass_shut=105 vlow=0 vmin=0 susp_ok=1 susp_fail=0 cap=95 v=3750655 i=-1051789 chg=Discharging online=0
up=8071 write=ok timing=10 (mmc HS400) clock=200000000 Hz apss_shut=149033 apss_xo=0 lpass_shut=105 vlow=0 vmin=0 susp_ok=1 susp_fail=0 cap=95 v=4110928 i=-228271 chg=Discharging online=0
up=8101 write=ok timing=10 (mmc HS400) clock=200000000 Hz apss_shut=149217 apss_xo=0 lpass_shut=105 vlow=0 vmin=0 susp_ok=1 susp_fail=0 cap=95 v=3812160 i=-1023102 chg=Discharging online=0
up=8132 write=ok timing=10 (mmc HS400) clock=200000000 Hz apss_shut=149217 apss_xo=0 lpass_shut=105 vlow=0 vmin=0 susp_ok=1 susp_fail=0 cap=95 v=3741896 i=-1125489 chg=Discharging online=0
up=8162 write=ok timing=10 (mmc HS400) clock=200000000 Hz apss_shut=149217 apss_xo=0 lpass_shut=105 vlow=0 vmin=0 susp_ok=1 susp_fail=0 cap=94 v=3734889 i=-990601 chg=Discharging online=0
up=8192 write=ok timing=10 (mmc HS400) clock=200000000 Hz apss_shut=149470 apss_xo=0 lpass_shut=105 vlow=0 vmin=0 susp_ok=1 susp_fail=0 cap=94 v=4083095 i=-74615 chg=Discharging online=0
up=8222 write=ok timing=10 (mmc HS400) clock=200000000 Hz apss_shut=149656 apss_xo=0 lpass_shut=105 vlow=0 vmin=0 susp_ok=1 susp_fail=0 cap=94 v=3803207 i=-1008301 chg=Discharging online=0
up=8252 write=ok timing=10 (mmc HS400) clock=200000000 Hz apss_shut=149656 apss_xo=0 lpass_shut=105 vlow=0 vmin=0 susp_ok=1 susp_fail=0 cap=94 v=3739561 i=-1042176 chg=Discharging online=0
up=8282 write=ok timing=10 (mmc HS400) clock=200000000 Hz apss_shut=149656 apss_xo=0 lpass_shut=105 vlow=0 vmin=0 susp_ok=1 susp_fail=0 cap=94 v=3751239 i=-999603 chg=Discharging online=0
up=8312 write=ok timing=10 (mmc HS400) clock=200000000 Hz apss_shut=149931 apss_xo=0 lpass_shut=105 vlow=0 vmin=0 susp_ok=1 susp_fail=0 cap=93 v=4051369 i=-119018 chg=Discharging online=0
up=8342 write=ok timing=10 (mmc HS400) clock=200000000 Hz apss_shut=150151 apss_xo=0 lpass_shut=105 vlow=0 vmin=0 susp_ok=1 susp_fail=0 cap=93 v=3803596 i=-1049958 chg=Discharging online=0
up=8373 write=ok timing=10 (mmc HS400) clock=200000000 Hz apss_shut=150151 apss_xo=0 lpass_shut=105 vlow=0 vmin=0 susp_ok=1 susp_fail=0 cap=93 v=3740534 i=-1083832 chg=Discharging online=0
up=8403 write=ok timing=10 (mmc HS400) clock=200000000 Hz apss_shut=150151 apss_xo=0 lpass_shut=105 vlow=0 vmin=0 susp_ok=1 susp_fail=0 cap=93 v=3776736 i=-858002 chg=Discharging online=0
up=8433 write=ok timing=10 (mmc HS400) clock=200000000 Hz apss_shut=150402 apss_xo=0 lpass_shut=105 vlow=0 vmin=0 susp_ok=1 susp_fail=0 cap=93 v=4060517 i=-169983 chg=Discharging online=0
up=8463 write=ok timing=10 (mmc HS400) clock=200000000 Hz apss_shut=150937 apss_xo=0 lpass_shut=105 vlow=0 vmin=0 susp_ok=1 susp_fail=0 cap=93 v=4085625 i=-130920 chg=Discharging online=0
up=8493 write=ok timing=10 (mmc HS400) clock=200000000 Hz apss_shut=151456 apss_xo=0 lpass_shut=105 vlow=0 vmin=0 susp_ok=1 susp_fail=0 cap=93 v=4106646 i=-117187 chg=Discharging online=0
# guardian start uptime=9166 gap=30s reboot_on_fail=1 emerg=3550000uV max=14h
up=9166 write=ok timing=10 (mmc HS400) clock=200000000 Hz apss_shut=176574 apss_xo=0 lpass_shut=106 vlow=0 vmin=0 susp_ok=2 susp_fail=0 cap=94 v=4394514 i=335235 chg=Charging online=1
up=9196 write=ok timing=10 (mmc HS400) clock=200000000 Hz apss_shut=177978 apss_xo=0 lpass_shut=106 vlow=0 vmin=0 susp_ok=2 susp_fail=0 cap=94 v=4395487 i=230102 chg=Charging online=1
up=9226 write=ok timing=10 (mmc HS400) clock=200000000 Hz apss_shut=179519 apss_xo=0 lpass_shut=106 vlow=0 vmin=0 susp_ok=2 susp_fail=0 cap=94 v=4395682 i=278167 chg=Charging online=1
up=9256 write=ok timing=10 (mmc HS400) clock=200000000 Hz apss_shut=181115 apss_xo=0 lpass_shut=106 vlow=0 vmin=0 susp_ok=2 susp_fail=0 cap=94 v=4412226 i=279236 chg=Charging online=1
up=9286 write=ok timing=10 (mmc HS400) clock=200000000 Hz apss_shut=182698 apss_xo=0 lpass_shut=106 vlow=0 vmin=0 susp_ok=2 susp_fail=0 cap=94 v=4413394 i=334167 chg=Charging online=1
up=9316 write=ok timing=10 (mmc HS400) clock=200000000 Hz apss_shut=184243 apss_xo=0 lpass_shut=106 vlow=0 vmin=0 susp_ok=2 susp_fail=0 cap=94 v=4412810 i=324402 chg=Charging online=1
up=9347 write=ok timing=10 (mmc HS400) clock=200000000 Hz apss_shut=185714 apss_xo=0 lpass_shut=106 vlow=0 vmin=0 susp_ok=2 susp_fail=0 cap=94 v=4412421 i=316162 chg=Charging online=1
up=9377 write=ok timing=10 (mmc HS400) clock=200000000 Hz apss_shut=187221 apss_xo=0 lpass_shut=106 vlow=0 vmin=0 susp_ok=2 susp_fail=0 cap=94 v=4413199 i=258331 chg=Charging online=1
up=9407 write=ok timing=10 (mmc HS400) clock=200000000 Hz apss_shut=188686 apss_xo=0 lpass_shut=106 vlow=0 vmin=0 susp_ok=2 susp_fail=0 cap=94 v=4413589 i=305328 chg=Charging online=1
up=9437 write=ok timing=10 (mmc HS400) clock=200000000 Hz apss_shut=190127 apss_xo=0 lpass_shut=106 vlow=0 vmin=0 susp_ok=2 susp_fail=0 cap=94 v=4413199 i=296783 chg=Charging online=1
up=9467 write=ok timing=10 (mmc HS400) clock=200000000 Hz apss_shut=191593 apss_xo=0 lpass_shut=106 vlow=0 vmin=0 susp_ok=2 susp_fail=0 cap=94 v=4413005 i=301208 chg=Charging online=1
up=9497 write=ok timing=10 (mmc HS400) clock=200000000 Hz apss_shut=192890 apss_xo=0 lpass_shut=106 vlow=0 vmin=0 susp_ok=2 susp_fail=0 cap=95 v=4413005 i=284576 chg=Charging online=1
up=9527 write=ok timing=10 (mmc HS400) clock=200000000 Hz apss_shut=194481 apss_xo=0 lpass_shut=106 vlow=0 vmin=0 susp_ok=2 susp_fail=0 cap=95 v=4413394 i=277557 chg=Charging online=1
up=9557 write=ok timing=10 (mmc HS400) clock=200000000 Hz apss_shut=196035 apss_xo=0 lpass_shut=106 vlow=0 vmin=0 susp_ok=2 susp_fail=0 cap=95 v=4413394 i=276489 chg=Charging online=1
up=9587 write=ok timing=10 (mmc HS400) clock=200000000 Hz apss_shut=197537 apss_xo=0 lpass_shut=106 vlow=0 vmin=0 susp_ok=2 susp_fail=0 cap=95 v=4413589 i=265808 chg=Charging online=1
up=9617 write=ok timing=10 (mmc HS400) clock=200000000 Hz apss_shut=199071 apss_xo=0 lpass_shut=106 vlow=0 vmin=0 susp_ok=2 susp_fail=0 cap=95 v=4413394 i=263672 chg=Charging online=1
up=9647 write=ok timing=10 (mmc HS400) clock=200000000 Hz apss_shut=200523 apss_xo=0 lpass_shut=106 vlow=0 vmin=0 susp_ok=2 susp_fail=0 cap=95 v=4413394 i=261841 chg=Charging online=1
up=9677 write=ok timing=10 (mmc HS400) clock=200000000 Hz apss_shut=202028 apss_xo=0 lpass_shut=106 vlow=0 vmin=0 susp_ok=2 susp_fail=0 cap=95 v=4413005 i=252227 chg=Charging online=1
up=9707 write=ok timing=10 (mmc HS400) clock=200000000 Hz apss_shut=203482 apss_xo=0 lpass_shut=106 vlow=0 vmin=0 susp_ok=2 susp_fail=0 cap=95 v=4412810 i=247802 chg=Charging online=1
up=9738 write=ok timing=10 (mmc HS400) clock=200000000 Hz apss_shut=204825 apss_xo=0 lpass_shut=106 vlow=0 vmin=0 susp_ok=2 susp_fail=0 cap=95 v=4413589 i=243225 chg=Charging online=1
up=9768 write=ok timing=10 (mmc HS400) clock=200000000 Hz apss_shut=206138 apss_xo=0 lpass_shut=106 vlow=0 vmin=0 susp_ok=2 susp_fail=0 cap=95 v=4413199 i=240326 chg=Charging online=1
up=9798 write=ok timing=10 (mmc HS400) clock=200000000 Hz apss_shut=207525 apss_xo=0 lpass_shut=106 vlow=0 vmin=0 susp_ok=2 susp_fail=0 cap=95 v=4412421 i=236053 chg=Charging online=1
up=9828 write=ok timing=10 (mmc HS400) clock=200000000 Hz apss_shut=208899 apss_xo=0 lpass_shut=106 vlow=0 vmin=0 susp_ok=2 susp_fail=0 cap=95 v=4412810 i=229187 chg=Charging online=1
up=9858 write=ok timing=10 (mmc HS400) clock=200000000 Hz apss_shut=210419 apss_xo=0 lpass_shut=106 vlow=0 vmin=0 susp_ok=2 susp_fail=0 cap=95 v=4413394 i=227356 chg=Charging online=1
up=9888 write=ok timing=10 (mmc HS400) clock=200000000 Hz apss_shut=211974 apss_xo=0 lpass_shut=106 vlow=0 vmin=0 susp_ok=2 susp_fail=0 cap=95 v=4413589 i=223083 chg=Charging online=1
up=9918 write=ok timing=10 (mmc HS400) clock=200000000 Hz apss_shut=213491 apss_xo=0 lpass_shut=106 vlow=0 vmin=0 susp_ok=2 susp_fail=0 cap=96 v=4412810 i=218963 chg=Charging online=1
up=9948 write=ok timing=10 (mmc HS400) clock=200000000 Hz apss_shut=214992 apss_xo=0 lpass_shut=106 vlow=0 vmin=0 susp_ok=2 susp_fail=0 cap=96 v=4413589 i=214996 chg=Charging online=1
up=9978 write=ok timing=10 (mmc HS400) clock=200000000 Hz apss_shut=216406 apss_xo=0 lpass_shut=106 vlow=0 vmin=0 susp_ok=2 susp_fail=0 cap=96 v=4412615 i=216522 chg=Charging online=1
up=10008 write=ok timing=10 (mmc HS400) clock=200000000 Hz apss_shut=217862 apss_xo=0 lpass_shut=106 vlow=0 vmin=0 susp_ok=2 susp_fail=0 cap=96 v=4413394 i=210876 chg=Charging online=1
up=10038 write=ok timing=10 (mmc HS400) clock=200000000 Hz apss_shut=219385 apss_xo=0 lpass_shut=106 vlow=0 vmin=0 susp_ok=2 susp_fail=0 cap=96 v=4412615 i=195617 chg=Charging online=1
up=10068 write=ok timing=10 (mmc HS400) clock=200000000 Hz apss_shut=220837 apss_xo=0 lpass_shut=106 vlow=0 vmin=0 susp_ok=2 susp_fail=0 cap=96 v=4412615 i=199890 chg=Charging online=1
up=10098 write=ok timing=10 (mmc HS400) clock=200000000 Hz apss_shut=222366 apss_xo=0 lpass_shut=106 vlow=0 vmin=0 susp_ok=2 susp_fail=0 cap=96 v=4413394 i=199737 chg=Charging online=1
up=10128 write=ok timing=10 (mmc HS400) clock=200000000 Hz apss_shut=223917 apss_xo=0 lpass_shut=106 vlow=0 vmin=0 susp_ok=2 susp_fail=0 cap=96 v=4412421 i=198669 chg=Charging online=1
up=10159 write=ok timing=10 (mmc HS400) clock=200000000 Hz apss_shut=225357 apss_xo=0 lpass_shut=106 vlow=0 vmin=0 susp_ok=2 susp_fail=0 cap=96 v=4413199 i=198516 chg=Charging online=1
up=10189 write=ok timing=10 (mmc HS400) clock=200000000 Hz apss_shut=226857 apss_xo=0 lpass_shut=106 vlow=0 vmin=0 susp_ok=2 susp_fail=0 cap=96 v=4413005 i=192413 chg=Charging online=1
up=10219 write=ok timing=10 (mmc HS400) clock=200000000 Hz apss_shut=228414 apss_xo=0 lpass_shut=106 vlow=0 vmin=0 susp_ok=2 susp_fail=0 cap=96 v=4412421 i=188903 chg=Charging online=1
up=10249 write=ok timing=10 (mmc HS400) clock=200000000 Hz apss_shut=229913 apss_xo=0 lpass_shut=106 vlow=0 vmin=0 susp_ok=2 susp_fail=0 cap=96 v=4412810 i=186767 chg=Charging online=1
up=10279 write=ok timing=10 (mmc HS400) clock=200000000 Hz apss_shut=231470 apss_xo=0 lpass_shut=106 vlow=0 vmin=0 susp_ok=2 susp_fail=0 cap=96 v=4412615 i=180664 chg=Charging online=1
up=10309 write=ok timing=10 (mmc HS400) clock=200000000 Hz apss_shut=232997 apss_xo=0 lpass_shut=106 vlow=0 vmin=0 susp_ok=2 susp_fail=0 cap=96 v=4413005 i=180053 chg=Charging online=1
up=10339 write=ok timing=10 (mmc HS400) clock=200000000 Hz apss_shut=234504 apss_xo=0 lpass_shut=106 vlow=0 vmin=0 susp_ok=2 susp_fail=0 cap=96 v=4412810 i=175171 chg=Charging online=1
up=10369 write=ok timing=10 (mmc HS400) clock=200000000 Hz apss_shut=235960 apss_xo=0 lpass_shut=106 vlow=0 vmin=0 susp_ok=2 susp_fail=0 cap=96 v=4413005 i=173950 chg=Charging online=1
up=10399 write=ok timing=10 (mmc HS400) clock=200000000 Hz apss_shut=237447 apss_xo=0 lpass_shut=106 vlow=0 vmin=0 susp_ok=2 susp_fail=0 cap=96 v=4412421 i=172271 chg=Charging online=1
up=10429 write=ok timing=10 (mmc HS400) clock=200000000 Hz apss_shut=238888 apss_xo=0 lpass_shut=106 vlow=0 vmin=0 susp_ok=2 susp_fail=0 cap=96 v=4413394 i=169677 chg=Charging online=1
up=10459 write=ok timing=10 (mmc HS400) clock=200000000 Hz apss_shut=239893 apss_xo=0 lpass_shut=106 vlow=0 vmin=0 susp_ok=2 susp_fail=0 cap=96 v=4319384 i=-255127 chg=Charging online=1
up=10489 write=ok timing=10 (mmc HS400) clock=200000000 Hz apss_shut=240424 apss_xo=0 lpass_shut=106 vlow=0 vmin=0 susp_ok=2 susp_fail=0 cap=96 v=4413005 i=173645 chg=Charging online=1
up=10519 write=ok timing=10 (mmc HS400) clock=200000000 Hz apss_shut=240917 apss_xo=0 lpass_shut=106 vlow=0 vmin=0 susp_ok=2 susp_fail=0 cap=100 v=4342157 i=0 chg=Full online=1
up=10550 write=ok timing=10 (mmc HS400) clock=200000000 Hz apss_shut=241137 apss_xo=0 lpass_shut=106 vlow=0 vmin=0 susp_ok=2 susp_fail=0 cap=100 v=4162507 i=-511780 chg=Charging online=1
up=10580 write=ok timing=10 (mmc HS400) clock=200000000 Hz apss_shut=241137 apss_xo=0 lpass_shut=106 vlow=0 vmin=0 susp_ok=2 susp_fail=0 cap=100 v=4170487 i=-365295 chg=Charging online=1
up=10610 write=ok timing=10 (mmc HS400) clock=200000000 Hz apss_shut=241385 apss_xo=0 lpass_shut=106 vlow=0 vmin=0 susp_ok=2 susp_fail=0 cap=100 v=4413394 i=319214 chg=Charging online=1
up=10640 write=ok timing=10 (mmc HS400) clock=200000000 Hz apss_shut=241976 apss_xo=0 lpass_shut=106 vlow=0 vmin=0 susp_ok=2 susp_fail=0 cap=100 v=4413005 i=254821 chg=Charging online=1
up=10670 write=ok timing=10 (mmc HS400) clock=200000000 Hz apss_shut=242541 apss_xo=0 lpass_shut=106 vlow=0 vmin=0 susp_ok=2 susp_fail=0 cap=100 v=4413005 i=223694 chg=Charging online=1
up=10700 write=ok timing=10 (mmc HS400) clock=200000000 Hz apss_shut=243084 apss_xo=0 lpass_shut=106 vlow=0 vmin=0 susp_ok=2 susp_fail=0 cap=100 v=4413783 i=204010 chg=Charging online=1
up=10730 write=ok timing=10 (mmc HS400) clock=200000000 Hz apss_shut=243643 apss_xo=0 lpass_shut=106 vlow=0 vmin=0 susp_ok=2 susp_fail=0 cap=100 v=4412810 i=193634 chg=Charging online=1
up=10760 write=ok timing=10 (mmc HS400) clock=200000000 Hz apss_shut=244214 apss_xo=0 lpass_shut=106 vlow=0 vmin=0 susp_ok=2 susp_fail=0 cap=100 v=4412810 i=185394 chg=Charging online=1
up=10790 write=ok timing=10 (mmc HS400) clock=200000000 Hz apss_shut=244778 apss_xo=0 lpass_shut=106 vlow=0 vmin=0 susp_ok=2 susp_fail=0 cap=100 v=4413199 i=179748 chg=Charging online=1
up=10820 write=ok timing=10 (mmc HS400) clock=200000000 Hz apss_shut=245319 apss_xo=0 lpass_shut=106 vlow=0 vmin=0 susp_ok=2 susp_fail=0 cap=100 v=4412226 i=172424 chg=Charging online=1
up=10850 write=ok timing=10 (mmc HS400) clock=200000000 Hz apss_shut=245927 apss_xo=0 lpass_shut=106 vlow=0 vmin=0 susp_ok=2 susp_fail=0 cap=100 v=4413199 i=172271 chg=Charging online=1
up=10880 write=ok timing=10 (mmc HS400) clock=200000000 Hz apss_shut=246476 apss_xo=0 lpass_shut=106 vlow=0 vmin=0 susp_ok=2 susp_fail=0 cap=100 v=4412615 i=167083 chg=Charging online=1
up=10911 write=ok timing=10 (mmc HS400) clock=200000000 Hz apss_shut=247046 apss_xo=0 lpass_shut=106 vlow=0 vmin=0 susp_ok=2 susp_fail=0 cap=100 v=4412421 i=162658 chg=Charging online=1
up=10941 write=ok timing=10 (mmc HS400) clock=200000000 Hz apss_shut=247571 apss_xo=0 lpass_shut=106 vlow=0 vmin=0 susp_ok=2 susp_fail=0 cap=100 v=4412421 i=159759 chg=Charging online=1
# guardian start uptime=13243 gap=30s reboot_on_fail=1 emerg=3550000uV max=14h
up=13243 write=ok timing=10 (mmc HS400) clock=200000000 Hz apss_shut=289566 apss_xo=0 lpass_shut=106 vlow=0 vmin=0 susp_ok=2 susp_fail=0 cap=100 v=4349358 i=0 chg=Full online=1
up=13273 write=ok timing=10 (mmc HS400) clock=200000000 Hz apss_shut=290116 apss_xo=0 lpass_shut=106 vlow=0 vmin=0 susp_ok=2 susp_fail=0 cap=100 v=4349358 i=0 chg=Discharging online=0
up=13303 write=ok timing=10 (mmc HS400) clock=200000000 Hz apss_shut=290678 apss_xo=0 lpass_shut=106 vlow=0 vmin=0 susp_ok=2 susp_fail=0 cap=100 v=4315686 i=-100402 chg=Discharging online=0
up=13333 write=ok timing=10 (mmc HS400) clock=200000000 Hz apss_shut=290774 apss_xo=0 lpass_shut=106 vlow=0 vmin=0 susp_ok=2 susp_fail=0 cap=100 v=3933030 i=-1019440 chg=Discharging online=0
up=13363 write=ok timing=10 (mmc HS400) clock=200000000 Hz apss_shut=290774 apss_xo=0 lpass_shut=106 vlow=0 vmin=0 susp_ok=2 susp_fail=0 cap=99 v=3910257 i=-875549 chg=Discharging online=0
up=13393 write=ok timing=10 (mmc HS400) clock=200000000 Hz apss_shut=290774 apss_xo=0 lpass_shut=106 vlow=0 vmin=0 susp_ok=2 susp_fail=0 cap=99 v=3860625 i=-929566 chg=Discharging online=0
up=13423 write=ok timing=10 (mmc HS400) clock=200000000 Hz apss_shut=291297 apss_xo=0 lpass_shut=106 vlow=0 vmin=0 susp_ok=2 susp_fail=0 cap=99 v=4213891 i=-59204 chg=Discharging online=0
up=13453 write=ok timing=10 (mmc HS400) clock=200000000 Hz apss_shut=291387 apss_xo=0 lpass_shut=106 vlow=0 vmin=0 susp_ok=2 susp_fail=0 cap=99 v=3852839 i=-1016541 chg=Discharging online=0
up=13484 write=ok timing=10 (mmc HS400) clock=200000000 Hz apss_shut=291387 apss_xo=0 lpass_shut=106 vlow=0 vmin=0 susp_ok=2 susp_fail=0 cap=99 v=3817805 i=-1028290 chg=Discharging online=0
up=13514 write=ok timing=10 (mmc HS400) clock=200000000 Hz apss_shut=291387 apss_xo=0 lpass_shut=106 vlow=0 vmin=0 susp_ok=2 susp_fail=0 cap=98 v=3753185 i=-1077576 chg=Discharging online=0
up=13544 write=ok timing=10 (mmc HS400) clock=200000000 Hz apss_shut=291901 apss_xo=0 lpass_shut=106 vlow=0 vmin=0 susp_ok=2 susp_fail=0 cap=98 v=4167178 i=-71411 chg=Discharging online=0
up=13574 write=ok timing=10 (mmc HS400) clock=200000000 Hz apss_shut=291974 apss_xo=0 lpass_shut=106 vlow=0 vmin=0 susp_ok=2 susp_fail=0 cap=98 v=3822087 i=-946350 chg=Discharging online=0
up=13604 write=ok timing=10 (mmc HS400) clock=200000000 Hz apss_shut=291974 apss_xo=0 lpass_shut=106 vlow=0 vmin=0 susp_ok=2 susp_fail=0 cap=98 v=3773622 i=-1066132 chg=Discharging online=0
up=13634 write=ok timing=10 (mmc HS400) clock=200000000 Hz apss_shut=291974 apss_xo=0 lpass_shut=106 vlow=0 vmin=0 susp_ok=2 susp_fail=0 cap=98 v=3723600 i=-1047364 chg=Discharging online=0
up=13664 write=ok timing=10 (mmc HS400) clock=200000000 Hz apss_shut=292458 apss_xo=0 lpass_shut=106 vlow=0 vmin=0 susp_ok=2 susp_fail=0 cap=97 v=4141291 i=-65307 chg=Discharging online=0
up=13694 write=ok timing=10 (mmc HS400) clock=200000000 Hz apss_shut=292521 apss_xo=0 lpass_shut=106 vlow=0 vmin=0 susp_ok=2 susp_fail=0 cap=97 v=3802428 i=-1059876 chg=Discharging online=0
up=13725 write=ok timing=10 (mmc HS400) clock=200000000 Hz apss_shut=292521 apss_xo=0 lpass_shut=106 vlow=0 vmin=0 susp_ok=2 susp_fail=0 cap=97 v=3775763 i=-1092377 chg=Discharging online=0
up=13755 write=ok timing=10 (mmc HS400) clock=200000000 Hz apss_shut=292521 apss_xo=0 lpass_shut=106 vlow=0 vmin=0 susp_ok=2 susp_fail=0 cap=97 v=3786079 i=-900726 chg=Discharging online=0
up=13785 write=ok timing=10 (mmc HS400) clock=200000000 Hz apss_shut=292977 apss_xo=0 lpass_shut=106 vlow=0 vmin=0 susp_ok=2 susp_fail=0 cap=97 v=4129224 i=-63934 chg=Discharging online=0
up=13815 write=ok timing=10 (mmc HS400) clock=200000000 Hz apss_shut=293027 apss_xo=0 lpass_shut=106 vlow=0 vmin=0 susp_ok=2 susp_fail=0 cap=96 v=3797368 i=-1068573 chg=Discharging online=0
up=13845 write=ok timing=10 (mmc HS400) clock=200000000 Hz apss_shut=293027 apss_xo=0 lpass_shut=106 vlow=0 vmin=0 susp_ok=2 susp_fail=0 cap=96 v=3825980 i=-856781 chg=Discharging online=0
up=13875 write=ok timing=10 (mmc HS400) clock=200000000 Hz apss_shut=293027 apss_xo=0 lpass_shut=106 vlow=0 vmin=0 susp_ok=2 susp_fail=0 cap=96 v=3804180 i=-1021881 chg=Discharging online=0
up=13905 write=ok timing=10 (mmc HS400) clock=200000000 Hz apss_shut=293576 apss_xo=0 lpass_shut=106 vlow=0 vmin=0 susp_ok=2 susp_fail=0 cap=96 v=4117546 i=-64239 chg=Discharging online=0
up=13935 write=ok timing=10 (mmc HS400) clock=200000000 Hz apss_shut=293630 apss_xo=0 lpass_shut=106 vlow=0 vmin=0 susp_ok=2 susp_fail=0 cap=96 v=3814885 i=-982361 chg=Discharging online=0
up=13966 write=ok timing=10 (mmc HS400) clock=200000000 Hz apss_shut=293630 apss_xo=0 lpass_shut=106 vlow=0 vmin=0 susp_ok=2 susp_fail=0 cap=95 v=3825201 i=-889435 chg=Discharging online=0
up=13996 write=ok timing=10 (mmc HS400) clock=200000000 Hz apss_shut=293630 apss_xo=0 lpass_shut=106 vlow=0 vmin=0 susp_ok=2 susp_fail=0 cap=95 v=3828704 i=-953522 chg=Discharging online=0
up=14026 write=ok timing=10 (mmc HS400) clock=200000000 Hz apss_shut=294154 apss_xo=0 lpass_shut=106 vlow=0 vmin=0 susp_ok=2 susp_fail=0 cap=95 v=4098861 i=-100402 chg=Discharging online=0
up=14056 write=ok timing=10 (mmc HS400) clock=200000000 Hz apss_shut=294196 apss_xo=0 lpass_shut=106 vlow=0 vmin=0 susp_ok=2 susp_fail=0 cap=95 v=3794448 i=-927887 chg=Discharging online=0
up=14086 write=ok timing=10 (mmc HS400) clock=200000000 Hz apss_shut=294196 apss_xo=0 lpass_shut=106 vlow=0 vmin=0 susp_ok=2 susp_fail=0 cap=95 v=3840188 i=-721741 chg=Discharging online=0
up=14116 write=ok timing=10 (mmc HS400) clock=200000000 Hz apss_shut=294196 apss_xo=0 lpass_shut=106 vlow=0 vmin=0 susp_ok=2 susp_fail=0 cap=94 v=3783159 i=-986023 chg=Discharging online=0
up=14146 write=ok timing=10 (mmc HS400) clock=200000000 Hz apss_shut=294736 apss_xo=0 lpass_shut=106 vlow=0 vmin=0 susp_ok=2 susp_fail=0 cap=94 v=4095357 i=-178375 chg=Discharging online=0
up=14176 write=ok timing=10 (mmc HS400) clock=200000000 Hz apss_shut=294763 apss_xo=0 lpass_shut=106 vlow=0 vmin=0 susp_ok=2 susp_fail=0 cap=94 v=3849725 i=-768890 chg=Discharging online=0
up=14206 write=ok timing=10 (mmc HS400) clock=200000000 Hz apss_shut=294763 apss_xo=0 lpass_shut=106 vlow=0 vmin=0 susp_ok=2 susp_fail=0 cap=94 v=3833570 i=-780335 chg=Discharging online=0
up=14237 write=ok timing=10 (mmc HS400) clock=200000000 Hz apss_shut=294763 apss_xo=0 lpass_shut=106 vlow=0 vmin=0 susp_ok=2 susp_fail=0 cap=93 v=3815274 i=-790100 chg=Discharging online=0
up=14267 write=ok timing=10 (mmc HS400) clock=200000000 Hz apss_shut=295328 apss_xo=0 lpass_shut=106 vlow=0 vmin=0 susp_ok=2 susp_fail=0 cap=93 v=4077840 i=-110473 chg=Discharging online=0
up=14297 write=ok timing=10 (mmc HS400) clock=200000000 Hz apss_shut=295344 apss_xo=0 lpass_shut=106 vlow=0 vmin=0 susp_ok=2 susp_fail=0 cap=93 v=3845249 i=-1049347 chg=Discharging online=0
up=14327 write=ok timing=10 (mmc HS400) clock=200000000 Hz apss_shut=295344 apss_xo=0 lpass_shut=106 vlow=0 vmin=0 susp_ok=2 susp_fail=0 cap=93 v=3828899 i=-791321 chg=Discharging online=0
up=14357 write=ok timing=10 (mmc HS400) clock=200000000 Hz apss_shut=295344 apss_xo=0 lpass_shut=106 vlow=0 vmin=0 susp_ok=2 susp_fail=0 cap=93 v=3804569 i=-892334 chg=Discharging online=0
up=14387 write=ok timing=10 (mmc HS400) clock=200000000 Hz apss_shut=295895 apss_xo=0 lpass_shut=106 vlow=0 vmin=0 susp_ok=2 susp_fail=0 cap=93 v=4071222 i=-71106 chg=Discharging online=0
up=14417 write=ok timing=10 (mmc HS400) clock=200000000 Hz apss_shut=295911 apss_xo=0 lpass_shut=106 vlow=0 vmin=0 susp_ok=2 susp_fail=0 cap=92 v=3835127 i=-797272 chg=Discharging online=0
up=14447 write=ok timing=10 (mmc HS400) clock=200000000 Hz apss_shut=295911 apss_xo=0 lpass_shut=106 vlow=0 vmin=0 susp_ok=2 susp_fail=0 cap=92 v=3802039 i=-795899 chg=Discharging online=0
up=14477 write=ok timing=10 (mmc HS400) clock=200000000 Hz apss_shut=295911 apss_xo=0 lpass_shut=106 vlow=0 vmin=0 susp_ok=2 susp_fail=0 cap=92 v=3797368 i=-623474 chg=Discharging online=0
up=14508 write=ok timing=10 (mmc HS400) clock=200000000 Hz apss_shut=296474 apss_xo=0 lpass_shut=106 vlow=0 vmin=0 susp_ok=2 susp_fail=0 cap=92 v=4047087 i=-154266 chg=Discharging online=0
up=14538 write=ok timing=10 (mmc HS400) clock=200000000 Hz apss_shut=296480 apss_xo=0 lpass_shut=106 vlow=0 vmin=0 susp_ok=2 susp_fail=0 cap=92 v=3810603 i=-854797 chg=Discharging online=0
up=14568 write=ok timing=10 (mmc HS400) clock=200000000 Hz apss_shut=296480 apss_xo=0 lpass_shut=106 vlow=0 vmin=0 susp_ok=2 susp_fail=0 cap=91 v=3809241 i=-828705 chg=Discharging online=0
up=14598 write=ok timing=10 (mmc HS400) clock=200000000 Hz apss_shut=296480 apss_xo=0 lpass_shut=106 vlow=0 vmin=0 susp_ok=2 susp_fail=0 cap=91 v=3821503 i=-730438 chg=Discharging online=0
up=14628 write=ok timing=10 (mmc HS400) clock=200000000 Hz apss_shut=297078 apss_xo=0 lpass_shut=106 vlow=0 vmin=0 susp_ok=2 susp_fail=0 cap=91 v=4035798 i=-956726 chg=Discharging online=0
up=14658 write=ok timing=10 (mmc HS400) clock=200000000 Hz apss_shut=297078 apss_xo=0 lpass_shut=106 vlow=0 vmin=0 susp_ok=2 susp_fail=0 cap=91 v=3781602 i=-991364 chg=Discharging online=0
up=14688 write=ok timing=10 (mmc HS400) clock=200000000 Hz apss_shut=297078 apss_xo=0 lpass_shut=106 vlow=0 vmin=0 susp_ok=2 susp_fail=0 cap=91 v=3799704 i=-803833 chg=Discharging online=0
up=14718 write=ok timing=10 (mmc HS400) clock=200000000 Hz apss_shut=297083 apss_xo=0 lpass_shut=106 vlow=0 vmin=0 susp_ok=2 susp_fail=0 cap=90 v=3925244 i=-183715 chg=Discharging online=0
up=14748 write=ok timing=10 (mmc HS400) clock=200000000 Hz apss_shut=297651 apss_xo=0 lpass_shut=106 vlow=0 vmin=0 susp_ok=2 susp_fail=0 cap=90 v=3820140 i=-1085205 chg=Discharging online=0
up=14779 write=ok timing=10 (mmc HS400) clock=200000000 Hz apss_shut=297651 apss_xo=0 lpass_shut=106 vlow=0 vmin=0 susp_ok=2 susp_fail=0 cap=90 v=3809241 i=-862122 chg=Discharging online=0
up=14809 write=ok timing=10 (mmc HS400) clock=200000000 Hz apss_shut=297651 apss_xo=0 lpass_shut=106 vlow=0 vmin=0 susp_ok=2 susp_fail=0 cap=90 v=3757857 i=-721588 chg=Discharging online=0
up=14839 write=ok timing=10 (mmc HS400) clock=200000000 Hz apss_shut=297670 apss_xo=0 lpass_shut=106 vlow=0 vmin=0 susp_ok=2 susp_fail=0 cap=90 v=3955608 i=-131988 chg=Discharging online=0
up=14869 write=ok timing=10 (mmc HS400) clock=200000000 Hz apss_shut=298227 apss_xo=0 lpass_shut=106 vlow=0 vmin=0 susp_ok=2 susp_fail=0 cap=90 v=4003099 i=-290985 chg=Discharging online=0
up=14899 write=ok timing=10 (mmc HS400) clock=200000000 Hz apss_shut=298644 apss_xo=0 lpass_shut=106 vlow=0 vmin=0 susp_ok=2 susp_fail=0 cap=90 v=4044557 i=-103454 chg=Discharging online=0
up=14929 write=ok timing=10 (mmc HS400) clock=200000000 Hz apss_shut=299089 apss_xo=0 lpass_shut=106 vlow=0 vmin=0 susp_ok=2 susp_fail=0 cap=90 v=4065383 i=-78887 chg=Discharging online=0
up=14959 write=ok timing=10 (mmc HS400) clock=200000000 Hz apss_shut=299526 apss_xo=0 lpass_shut=106 vlow=0 vmin=0 susp_ok=2 susp_fail=0 cap=90 v=4074726 i=-63018 chg=Discharging online=0
up=14989 write=ok timing=10 (mmc HS400) clock=200000000 Hz apss_shut=299926 apss_xo=0 lpass_shut=106 vlow=0 vmin=0 susp_ok=2 susp_fail=0 cap=90 v=4080759 i=-61950 chg=Discharging online=0
up=15019 write=ok timing=10 (mmc HS400) clock=200000000 Hz apss_shut=300358 apss_xo=0 lpass_shut=106 vlow=0 vmin=0 susp_ok=2 susp_fail=0 cap=89 v=4084847 i=-62103 chg=Discharging online=0
up=15049 write=ok timing=10 (mmc HS400) clock=200000000 Hz apss_shut=300785 apss_xo=0 lpass_shut=106 vlow=0 vmin=0 susp_ok=2 susp_fail=0 cap=89 v=4088545 i=-60577 chg=Discharging online=0
up=15079 write=ok timing=10 (mmc HS400) clock=200000000 Hz apss_shut=301256 apss_xo=0 lpass_shut=106 vlow=0 vmin=0 susp_ok=2 susp_fail=0 cap=89 v=4088545 i=-71258 chg=Discharging online=0
up=15110 write=ok timing=10 (mmc HS400) clock=200000000 Hz apss_shut=301691 apss_xo=0 lpass_shut=106 vlow=0 vmin=0 susp_ok=2 susp_fail=0 cap=89 v=4091075 i=-113372 chg=Discharging online=0
up=15140 write=ok timing=10 (mmc HS400) clock=200000000 Hz apss_shut=302146 apss_xo=0 lpass_shut=106 vlow=0 vmin=0 susp_ok=2 susp_fail=0 cap=89 v=4079397 i=-149688 chg=Discharging online=0
up=15170 write=ok timing=10 (mmc HS400) clock=200000000 Hz apss_shut=302592 apss_xo=0 lpass_shut=106 vlow=0 vmin=0 susp_ok=2 susp_fail=0 cap=89 v=4086793 i=-131225 chg=Discharging online=0
up=15200 write=ok timing=10 (mmc HS400) clock=200000000 Hz apss_shut=303061 apss_xo=0 lpass_shut=106 vlow=0 vmin=0 susp_ok=2 susp_fail=0 cap=89 v=4089129 i=-60730 chg=Discharging online=0
up=15230 write=ok timing=10 (mmc HS400) clock=200000000 Hz apss_shut=303564 apss_xo=0 lpass_shut=106 vlow=0 vmin=0 susp_ok=2 susp_fail=0 cap=89 v=4087572 i=-153198 chg=Discharging online=0
up=15260 write=ok timing=10 (mmc HS400) clock=200000000 Hz apss_shut=304007 apss_xo=0 lpass_shut=106 vlow=0 vmin=0 susp_ok=2 susp_fail=0 cap=89 v=4093216 i=-166778 chg=Discharging online=0
up=15290 write=ok timing=10 (mmc HS400) clock=200000000 Hz apss_shut=304470 apss_xo=0 lpass_shut=106 vlow=0 vmin=0 susp_ok=2 susp_fail=0 cap=89 v=4090491 i=-100860 chg=Discharging online=0
up=15320 write=ok timing=10 (mmc HS400) clock=200000000 Hz apss_shut=304922 apss_xo=0 lpass_shut=106 vlow=0 vmin=0 susp_ok=2 susp_fail=0 cap=89 v=4099055 i=-59051 chg=Discharging online=0
up=15350 write=ok timing=10 (mmc HS400) clock=200000000 Hz apss_shut=305390 apss_xo=0 lpass_shut=106 vlow=0 vmin=0 susp_ok=2 susp_fail=0 cap=89 v=4092632 i=-138092 chg=Discharging online=0
up=15380 write=ok timing=10 (mmc HS400) clock=200000000 Hz apss_shut=305831 apss_xo=0 lpass_shut=106 vlow=0 vmin=0 susp_ok=2 susp_fail=0 cap=89 v=4076283 i=-183868 chg=Discharging online=0
up=15410 write=ok timing=10 (mmc HS400) clock=200000000 Hz apss_shut=306269 apss_xo=0 lpass_shut=106 vlow=0 vmin=0 susp_ok=2 susp_fail=0 cap=89 v=4100418 i=-58136 chg=Discharging online=0
up=15440 write=ok timing=10 (mmc HS400) clock=200000000 Hz apss_shut=306725 apss_xo=0 lpass_shut=106 vlow=0 vmin=0 susp_ok=2 susp_fail=0 cap=89 v=4097498 i=-59509 chg=Discharging online=0
up=15470 write=ok timing=10 (mmc HS400) clock=200000000 Hz apss_shut=307201 apss_xo=0 lpass_shut=106 vlow=0 vmin=0 susp_ok=2 susp_fail=0 cap=89 v=4089907 i=-115966 chg=Discharging online=0
up=15501 write=ok timing=10 (mmc HS400) clock=200000000 Hz apss_shut=307637 apss_xo=0 lpass_shut=106 vlow=0 vmin=0 susp_ok=2 susp_fail=0 cap=89 v=4100418 i=-130767 chg=Discharging online=0
up=15531 write=ok timing=10 (mmc HS400) clock=200000000 Hz apss_shut=308092 apss_xo=0 lpass_shut=106 vlow=0 vmin=0 susp_ok=2 susp_fail=0 cap=89 v=4096136 i=-78735 chg=Discharging online=0
up=15561 write=ok timing=10 (mmc HS400) clock=200000000 Hz apss_shut=308517 apss_xo=0 lpass_shut=106 vlow=0 vmin=0 susp_ok=2 susp_fail=0 cap=89 v=4100612 i=-58746 chg=Discharging online=0
up=15639 write=ok timing=0 (legacy) clock=0 Hz apss_shut=308976 apss_xo=0 lpass_shut=107 vlow=0 vmin=0 susp_ok=3 susp_fail=0 cap=89 v=4080759 i=-138549 chg=Discharging online=0
up=15758 write=ok timing=0 (legacy) clock=0 Hz apss_shut=310364 apss_xo=0 lpass_shut=108 vlow=0 vmin=0 susp_ok=4 susp_fail=0 cap=89 v=4097109 i=-323944 chg=Discharging online=0
up=15788 write=ok timing=10 (mmc HS400) clock=200000000 Hz apss_shut=311806 apss_xo=0 lpass_shut=108 vlow=0 vmin=0 susp_ok=4 susp_fail=0 cap=89 v=4091659 i=-94146 chg=Discharging online=0
up=15848 write=ok timing=10 (mmc HS400) clock=200000000 Hz apss_shut=313166 apss_xo=0 lpass_shut=109 vlow=0 vmin=0 susp_ok=5 susp_fail=0 cap=89 v=4089518 i=-88348 chg=Discharging online=0
up=15936 write=ok timing=10 (mmc HS400) clock=200000000 Hz apss_shut=314546 apss_xo=0 lpass_shut=110 vlow=0 vmin=0 susp_ok=6 susp_fail=0 cap=89 v=4073168 i=-158844 chg=Discharging online=0
up=15966 write=ok timing=10 (mmc HS400) clock=200000000 Hz apss_shut=316083 apss_xo=0 lpass_shut=110 vlow=0 vmin=0 susp_ok=6 susp_fail=0 cap=89 v=4083484 i=-88653 chg=Discharging online=0
up=15996 write=ok timing=10 (mmc HS400) clock=200000000 Hz apss_shut=317600 apss_xo=0 lpass_shut=110 vlow=0 vmin=0 susp_ok=6 susp_fail=0 cap=89 v=4088350 i=-266723 chg=Discharging online=0
up=16027 write=ok timing=10 (mmc HS400) clock=200000000 Hz apss_shut=319188 apss_xo=0 lpass_shut=110 vlow=0 vmin=0 susp_ok=6 susp_fail=0 cap=89 v=4085625 i=-93231 chg=Discharging online=0
up=16057 write=ok timing=10 (mmc HS400) clock=200000000 Hz apss_shut=320747 apss_xo=0 lpass_shut=110 vlow=0 vmin=0 susp_ok=6 susp_fail=0 cap=89 v=4069860 i=-166778 chg=Discharging online=0
up=16087 write=ok timing=10 (mmc HS400) clock=200000000 Hz apss_shut=322323 apss_xo=0 lpass_shut=110 vlow=0 vmin=0 susp_ok=6 susp_fail=0 cap=89 v=4083484 i=-104370 chg=Discharging online=0
up=16117 write=ok timing=10 (mmc HS400) clock=200000000 Hz apss_shut=323829 apss_xo=0 lpass_shut=110 vlow=0 vmin=0 susp_ok=6 susp_fail=0 cap=89 v=4070833 i=-151214 chg=Discharging online=0
up=16147 write=ok timing=10 (mmc HS400) clock=200000000 Hz apss_shut=325419 apss_xo=0 lpass_shut=110 vlow=0 vmin=0 susp_ok=6 susp_fail=0 cap=89 v=4068886 i=-166473 chg=Discharging online=0
up=16177 write=ok timing=10 (mmc HS400) clock=200000000 Hz apss_shut=326994 apss_xo=0 lpass_shut=110 vlow=0 vmin=0 susp_ok=6 susp_fail=0 cap=89 v=4083290 i=-100250 chg=Discharging online=0
up=16207 write=ok timing=10 (mmc HS400) clock=200000000 Hz apss_shut=328569 apss_xo=0 lpass_shut=110 vlow=0 vmin=0 susp_ok=6 susp_fail=0 cap=89 v=4080954 i=-106048 chg=Discharging online=0
up=16237 write=ok timing=10 (mmc HS400) clock=200000000 Hz apss_shut=330158 apss_xo=0 lpass_shut=110 vlow=0 vmin=0 susp_ok=6 susp_fail=0 cap=89 v=4081927 i=-84533 chg=Discharging online=0
up=16267 write=ok timing=10 (mmc HS400) clock=200000000 Hz apss_shut=331735 apss_xo=0 lpass_shut=110 vlow=0 vmin=0 susp_ok=6 susp_fail=0 cap=89 v=4078424 i=-89111 chg=Discharging online=0
up=16297 write=ok timing=10 (mmc HS400) clock=200000000 Hz apss_shut=333300 apss_xo=0 lpass_shut=110 vlow=0 vmin=0 susp_ok=6 susp_fail=0 cap=89 v=4081149 i=-88806 chg=Discharging online=0
up=16327 write=ok timing=10 (mmc HS400) clock=200000000 Hz apss_shut=334871 apss_xo=0 lpass_shut=110 vlow=0 vmin=0 susp_ok=6 susp_fail=0 cap=88 v=4080175 i=-84075 chg=Discharging online=0
up=16357 write=ok timing=10 (mmc HS400) clock=200000000 Hz apss_shut=336473 apss_xo=0 lpass_shut=110 vlow=0 vmin=0 susp_ok=6 susp_fail=0 cap=88 v=4078618 i=-85449 chg=Discharging online=0
up=16387 write=ok timing=10 (mmc HS400) clock=200000000 Hz apss_shut=338042 apss_xo=0 lpass_shut=110 vlow=0 vmin=0 susp_ok=6 susp_fail=0 cap=88 v=4079786 i=-87890 chg=Discharging online=0
up=16418 write=ok timing=10 (mmc HS400) clock=200000000 Hz apss_shut=339540 apss_xo=0 lpass_shut=110 vlow=0 vmin=0 susp_ok=6 susp_fail=0 cap=88 v=4077840 i=-97198 chg=Discharging online=0
up=16448 write=ok timing=10 (mmc HS400) clock=200000000 Hz apss_shut=341038 apss_xo=0 lpass_shut=110 vlow=0 vmin=0 susp_ok=6 susp_fail=0 cap=88 v=4072779 i=-95214 chg=Discharging online=0
up=16478 write=ok timing=10 (mmc HS400) clock=200000000 Hz apss_shut=342558 apss_xo=0 lpass_shut=110 vlow=0 vmin=0 susp_ok=6 susp_fail=0 cap=88 v=4067524 i=-144043 chg=Discharging online=0
up=16508 write=ok timing=10 (mmc HS400) clock=200000000 Hz apss_shut=344152 apss_xo=0 lpass_shut=110 vlow=0 vmin=0 susp_ok=6 susp_fail=0 cap=88 v=4077061 i=-88348 chg=Discharging online=0
up=16538 write=ok timing=10 (mmc HS400) clock=200000000 Hz apss_shut=345683 apss_xo=0 lpass_shut=110 vlow=0 vmin=0 susp_ok=6 susp_fail=0 cap=88 v=4074920 i=-93841 chg=Discharging online=0
up=16568 write=ok timing=10 (mmc HS400) clock=200000000 Hz apss_shut=347069 apss_xo=0 lpass_shut=110 vlow=0 vmin=0 susp_ok=6 susp_fail=0 cap=88 v=4073558 i=-91400 chg=Discharging online=0
up=16598 write=ok timing=10 (mmc HS400) clock=200000000 Hz apss_shut=348580 apss_xo=0 lpass_shut=110 vlow=0 vmin=0 susp_ok=6 susp_fail=0 cap=88 v=4074726 i=-84838 chg=Discharging online=0
up=16628 write=ok timing=10 (mmc HS400) clock=200000000 Hz apss_shut=350113 apss_xo=0 lpass_shut=110 vlow=0 vmin=0 susp_ok=6 susp_fail=0 cap=88 v=4073752 i=-84838 chg=Discharging online=0
up=16658 write=ok timing=10 (mmc HS400) clock=200000000 Hz apss_shut=351677 apss_xo=0 lpass_shut=110 vlow=0 vmin=0 susp_ok=6 susp_fail=0 cap=88 v=4069860 i=-122680 chg=Discharging online=0
up=16688 write=ok timing=10 (mmc HS400) clock=200000000 Hz apss_shut=353253 apss_xo=0 lpass_shut=110 vlow=0 vmin=0 susp_ok=6 susp_fail=0 cap=88 v=4061685 i=-144348 chg=Discharging online=0
up=16718 write=ok timing=10 (mmc HS400) clock=200000000 Hz apss_shut=354846 apss_xo=0 lpass_shut=110 vlow=0 vmin=0 susp_ok=6 susp_fail=0 cap=88 v=4071417 i=-110015 chg=Discharging online=0
up=16748 write=ok timing=10 (mmc HS400) clock=200000000 Hz apss_shut=356402 apss_xo=0 lpass_shut=110 vlow=0 vmin=0 susp_ok=6 susp_fail=0 cap=88 v=4071222 i=-87127 chg=Discharging online=0
up=16778 write=ok timing=10 (mmc HS400) clock=200000000 Hz apss_shut=357966 apss_xo=0 lpass_shut=110 vlow=0 vmin=0 susp_ok=6 susp_fail=0 cap=88 v=4055651 i=-202331 chg=Discharging online=0
up=16809 write=ok timing=10 (mmc HS400) clock=200000000 Hz apss_shut=359543 apss_xo=0 lpass_shut=110 vlow=0 vmin=0 susp_ok=6 susp_fail=0 cap=88 v=4070249 i=-94757 chg=Discharging online=0
up=16839 write=ok timing=10 (mmc HS400) clock=200000000 Hz apss_shut=361133 apss_xo=0 lpass_shut=110 vlow=0 vmin=0 susp_ok=6 susp_fail=0 cap=88 v=4068108 i=-161132 chg=Discharging online=0
up=16869 write=ok timing=10 (mmc HS400) clock=200000000 Hz apss_shut=362738 apss_xo=0 lpass_shut=110 vlow=0 vmin=0 susp_ok=6 susp_fail=0 cap=88 v=4055067 i=-120239 chg=Discharging online=0
up=16899 write=ok timing=10 (mmc HS400) clock=200000000 Hz apss_shut=364325 apss_xo=0 lpass_shut=110 vlow=0 vmin=0 susp_ok=6 susp_fail=0 cap=88 v=4053899 i=-210418 chg=Discharging online=0
up=16929 write=ok timing=10 (mmc HS400) clock=200000000 Hz apss_shut=365884 apss_xo=0 lpass_shut=110 vlow=0 vmin=0 susp_ok=6 susp_fail=0 cap=88 v=4066162 i=-89416 chg=Discharging online=0
up=16959 write=ok timing=10 (mmc HS400) clock=200000000 Hz apss_shut=367440 apss_xo=0 lpass_shut=110 vlow=0 vmin=0 susp_ok=6 susp_fail=0 cap=88 v=4066745 i=-88348 chg=Discharging online=0
up=16989 write=ok timing=10 (mmc HS400) clock=200000000 Hz apss_shut=369058 apss_xo=0 lpass_shut=110 vlow=0 vmin=0 susp_ok=6 susp_fail=0 cap=88 v=4064215 i=-91400 chg=Discharging online=0
up=17019 write=ok timing=10 (mmc HS400) clock=200000000 Hz apss_shut=370565 apss_xo=0 lpass_shut=110 vlow=0 vmin=0 susp_ok=6 susp_fail=0 cap=88 v=4055262 i=-146179 chg=Discharging online=0
up=17049 write=ok timing=10 (mmc HS400) clock=200000000 Hz apss_shut=372173 apss_xo=0 lpass_shut=110 vlow=0 vmin=0 susp_ok=6 susp_fail=0 cap=88 v=4051175 i=-193023 chg=Discharging online=0
up=17079 write=ok timing=10 (mmc HS400) clock=200000000 Hz apss_shut=373701 apss_xo=0 lpass_shut=110 vlow=0 vmin=0 susp_ok=6 susp_fail=0 cap=88 v=4059739 i=-88653 chg=Discharging online=0
up=17109 write=ok timing=10 (mmc HS400) clock=200000000 Hz apss_shut=375270 apss_xo=0 lpass_shut=110 vlow=0 vmin=0 susp_ok=6 susp_fail=0 cap=88 v=4048839 i=-198059 chg=Discharging online=0
up=17139 write=ok timing=10 (mmc HS400) clock=200000000 Hz apss_shut=376766 apss_xo=0 lpass_shut=110 vlow=0 vmin=0 susp_ok=6 susp_fail=0 cap=88 v=4049423 i=-135345 chg=Discharging online=0
up=17169 write=ok timing=10 (mmc HS400) clock=200000000 Hz apss_shut=378301 apss_xo=0 lpass_shut=110 vlow=0 vmin=0 susp_ok=6 susp_fail=0 cap=88 v=4055262 i=-156555 chg=Discharging online=0
up=17200 write=ok timing=10 (mmc HS400) clock=200000000 Hz apss_shut=379741 apss_xo=0 lpass_shut=110 vlow=0 vmin=0 susp_ok=6 susp_fail=0 cap=88 v=4048839 i=-164947 chg=Discharging online=0
up=17230 write=ok timing=10 (mmc HS400) clock=200000000 Hz apss_shut=381267 apss_xo=0 lpass_shut=110 vlow=0 vmin=0 susp_ok=6 susp_fail=0 cap=88 v=4060322 i=-85601 chg=Discharging online=0
up=17260 write=ok timing=10 (mmc HS400) clock=200000000 Hz apss_shut=382848 apss_xo=0 lpass_shut=110 vlow=0 vmin=0 susp_ok=6 susp_fail=0 cap=88 v=4049423 i=-95062 chg=Discharging online=0
up=17290 write=ok timing=10 (mmc HS400) clock=200000000 Hz apss_shut=384399 apss_xo=0 lpass_shut=110 vlow=0 vmin=0 susp_ok=6 susp_fail=0 cap=88 v=4055457 i=-86364 chg=Discharging online=0
up=17320 write=ok timing=10 (mmc HS400) clock=200000000 Hz apss_shut=385950 apss_xo=0 lpass_shut=110 vlow=0 vmin=0 susp_ok=6 susp_fail=0 cap=88 v=4058376 i=-108490 chg=Discharging online=0
up=17350 write=ok timing=10 (mmc HS400) clock=200000000 Hz apss_shut=387518 apss_xo=0 lpass_shut=110 vlow=0 vmin=0 susp_ok=6 susp_fail=0 cap=88 v=4035993 i=-168609 chg=Discharging online=0
up=17380 write=ok timing=10 (mmc HS400) clock=200000000 Hz apss_shut=389051 apss_xo=0 lpass_shut=110 vlow=0 vmin=0 susp_ok=6 susp_fail=0 cap=88 v=4057792 i=-85144 chg=Discharging online=0
up=17410 write=ok timing=10 (mmc HS400) clock=200000000 Hz apss_shut=390634 apss_xo=0 lpass_shut=110 vlow=0 vmin=0 susp_ok=6 susp_fail=0 cap=87 v=4057208 i=-158386 chg=Discharging online=0
up=17440 write=ok timing=10 (mmc HS400) clock=200000000 Hz apss_shut=392177 apss_xo=0 lpass_shut=110 vlow=0 vmin=0 susp_ok=6 susp_fail=0 cap=87 v=4055846 i=-136566 chg=Discharging online=0
up=17470 write=ok timing=10 (mmc HS400) clock=200000000 Hz apss_shut=393657 apss_xo=0 lpass_shut=110 vlow=0 vmin=0 susp_ok=6 susp_fail=0 cap=87 v=4056819 i=-88348 chg=Discharging online=0
up=17500 write=ok timing=10 (mmc HS400) clock=200000000 Hz apss_shut=395203 apss_xo=0 lpass_shut=110 vlow=0 vmin=0 susp_ok=6 susp_fail=0 cap=87 v=4040469 i=-192871 chg=Discharging online=0
up=17530 write=ok timing=10 (mmc HS400) clock=200000000 Hz apss_shut=396741 apss_xo=0 lpass_shut=110 vlow=0 vmin=0 susp_ok=6 susp_fail=0 cap=87 v=4053121 i=-88501 chg=Discharging online=0
up=17560 write=ok timing=10 (mmc HS400) clock=200000000 Hz apss_shut=398323 apss_xo=0 lpass_shut=110 vlow=0 vmin=0 susp_ok=6 susp_fail=0 cap=87 v=4055067 i=-85144 chg=Discharging online=0
up=17591 write=ok timing=10 (mmc HS400) clock=200000000 Hz apss_shut=399808 apss_xo=0 lpass_shut=110 vlow=0 vmin=0 susp_ok=6 susp_fail=0 cap=87 v=4048644 i=-89263 chg=Discharging online=0
up=17621 write=ok timing=10 (mmc HS400) clock=200000000 Hz apss_shut=401355 apss_xo=0 lpass_shut=110 vlow=0 vmin=0 susp_ok=6 susp_fail=0 cap=87 v=4037939 i=-158691 chg=Discharging online=0
up=17651 write=ok timing=10 (mmc HS400) clock=200000000 Hz apss_shut=402855 apss_xo=0 lpass_shut=110 vlow=0 vmin=0 susp_ok=6 susp_fail=0 cap=87 v=4050396 i=-171203 chg=Discharging online=0
up=17681 write=ok timing=10 (mmc HS400) clock=200000000 Hz apss_shut=404463 apss_xo=0 lpass_shut=110 vlow=0 vmin=0 susp_ok=6 susp_fail=0 cap=87 v=4050396 i=-134277 chg=Discharging online=0
up=17711 write=ok timing=10 (mmc HS400) clock=200000000 Hz apss_shut=406006 apss_xo=0 lpass_shut=110 vlow=0 vmin=0 susp_ok=6 susp_fail=0 cap=87 v=4052342 i=-192108 chg=Discharging online=0
up=17741 write=ok timing=10 (mmc HS400) clock=200000000 Hz apss_shut=407599 apss_xo=0 lpass_shut=110 vlow=0 vmin=0 susp_ok=6 susp_fail=0 cap=87 v=4050201 i=-95825 chg=Discharging online=0
up=17771 write=ok timing=10 (mmc HS400) clock=200000000 Hz apss_shut=409169 apss_xo=0 lpass_shut=110 vlow=0 vmin=0 susp_ok=6 susp_fail=0 cap=87 v=4049423 i=-95214 chg=Discharging online=0
up=17801 write=ok timing=10 (mmc HS400) clock=200000000 Hz apss_shut=410693 apss_xo=0 lpass_shut=110 vlow=0 vmin=0 susp_ok=6 susp_fail=0 cap=87 v=4040859 i=-196685 chg=Discharging online=0
up=17831 write=ok timing=10 (mmc HS400) clock=200000000 Hz apss_shut=412215 apss_xo=0 lpass_shut=110 vlow=0 vmin=0 susp_ok=6 susp_fail=0 cap=87 v=4042610 i=-126495 chg=Discharging online=0
up=17861 write=ok timing=10 (mmc HS400) clock=200000000 Hz apss_shut=413821 apss_xo=0 lpass_shut=110 vlow=0 vmin=0 susp_ok=6 susp_fail=0 cap=87 v=4049617 i=-84228 chg=Discharging online=0
up=17891 write=ok timing=10 (mmc HS400) clock=200000000 Hz apss_shut=415327 apss_xo=0 lpass_shut=110 vlow=0 vmin=0 susp_ok=6 susp_fail=0 cap=87 v=4048450 i=-208282 chg=Discharging online=0
up=17921 write=ok timing=10 (mmc HS400) clock=200000000 Hz apss_shut=416957 apss_xo=0 lpass_shut=110 vlow=0 vmin=0 susp_ok=6 susp_fail=0 cap=87 v=4048060 i=-84381 chg=Discharging online=0
up=17951 write=ok timing=10 (mmc HS400) clock=200000000 Hz apss_shut=418464 apss_xo=0 lpass_shut=110 vlow=0 vmin=0 susp_ok=6 susp_fail=0 cap=87 v=4048450 i=-189514 chg=Discharging online=0
up=17981 write=ok timing=10 (mmc HS400) clock=200000000 Hz apss_shut=419959 apss_xo=0 lpass_shut=110 vlow=0 vmin=0 susp_ok=6 susp_fail=0 cap=87 v=4039496 i=-150146 chg=Discharging online=0
up=18012 write=ok timing=10 (mmc HS400) clock=200000000 Hz apss_shut=421497 apss_xo=0 lpass_shut=110 vlow=0 vmin=0 susp_ok=6 susp_fail=0 cap=87 v=4044946 i=-100860 chg=Discharging online=0
up=18042 write=ok timing=10 (mmc HS400) clock=200000000 Hz apss_shut=423046 apss_xo=0 lpass_shut=110 vlow=0 vmin=0 susp_ok=6 susp_fail=0 cap=87 v=4026456 i=-228271 chg=Discharging online=0
up=18072 write=ok timing=10 (mmc HS400) clock=200000000 Hz apss_shut=424567 apss_xo=0 lpass_shut=110 vlow=0 vmin=0 susp_ok=6 susp_fail=0 cap=87 v=4027429 i=-144043 chg=Discharging online=0
up=18102 write=ok timing=10 (mmc HS400) clock=200000000 Hz apss_shut=426033 apss_xo=0 lpass_shut=110 vlow=0 vmin=0 susp_ok=6 susp_fail=0 cap=87 v=4046503 i=-87890 chg=Discharging online=0
up=18132 write=ok timing=10 (mmc HS400) clock=200000000 Hz apss_shut=427626 apss_xo=0 lpass_shut=110 vlow=0 vmin=0 susp_ok=6 susp_fail=0 cap=87 v=4030932 i=-137634 chg=Discharging online=0
up=18162 write=ok timing=10 (mmc HS400) clock=200000000 Hz apss_shut=429230 apss_xo=0 lpass_shut=110 vlow=0 vmin=0 susp_ok=6 susp_fail=0 cap=87 v=4045141 i=-91095 chg=Discharging online=0
up=18192 write=ok timing=10 (mmc HS400) clock=200000000 Hz apss_shut=430759 apss_xo=0 lpass_shut=110 vlow=0 vmin=0 susp_ok=6 susp_fail=0 cap=87 v=4044362 i=-217743 chg=Discharging online=0
up=18222 write=ok timing=10 (mmc HS400) clock=200000000 Hz apss_shut=432354 apss_xo=0 lpass_shut=110 vlow=0 vmin=0 susp_ok=6 susp_fail=0 cap=87 v=4043389 i=-89416 chg=Discharging online=0
up=18252 write=ok timing=10 (mmc HS400) clock=200000000 Hz apss_shut=433962 apss_xo=0 lpass_shut=110 vlow=0 vmin=0 susp_ok=6 susp_fail=0 cap=87 v=4042221 i=-97045 chg=Discharging online=0
up=18282 write=ok timing=10 (mmc HS400) clock=200000000 Hz apss_shut=435499 apss_xo=0 lpass_shut=110 vlow=0 vmin=0 susp_ok=6 susp_fail=0 cap=87 v=4035798 i=-149841 chg=Discharging online=0
up=18312 write=ok timing=10 (mmc HS400) clock=200000000 Hz apss_shut=437068 apss_xo=0 lpass_shut=110 vlow=0 vmin=0 susp_ok=6 susp_fail=0 cap=87 v=4026456 i=-144195 chg=Discharging online=0
up=18342 write=ok timing=10 (mmc HS400) clock=200000000 Hz apss_shut=438640 apss_xo=0 lpass_shut=110 vlow=0 vmin=0 susp_ok=6 susp_fail=0 cap=87 v=4041832 i=-85144 chg=Discharging online=0
up=18372 write=ok timing=10 (mmc HS400) clock=200000000 Hz apss_shut=440171 apss_xo=0 lpass_shut=110 vlow=0 vmin=0 susp_ok=6 susp_fail=0 cap=87 v=4042610 i=-89111 chg=Discharging online=0
up=18403 write=ok timing=10 (mmc HS400) clock=200000000 Hz apss_shut=441659 apss_xo=0 lpass_shut=110 vlow=0 vmin=0 susp_ok=6 susp_fail=0 cap=86 v=4039691 i=-86822 chg=Discharging online=0
up=18433 write=ok timing=10 (mmc HS400) clock=200000000 Hz apss_shut=443184 apss_xo=0 lpass_shut=110 vlow=0 vmin=0 susp_ok=6 susp_fail=0 cap=86 v=4024120 i=-222625 chg=Discharging online=0
up=18463 write=ok timing=10 (mmc HS400) clock=200000000 Hz apss_shut=444658 apss_xo=0 lpass_shut=110 vlow=0 vmin=0 susp_ok=6 susp_fail=0 cap=86 v=4039302 i=0 chg=Not charging online=1
up=18493 write=ok timing=10 (mmc HS400) clock=200000000 Hz apss_shut=444879 apss_xo=0 lpass_shut=110 vlow=0 vmin=0 susp_ok=6 susp_fail=0 cap=86 v=4190145 i=163421 chg=Charging online=1
up=18523 write=ok timing=10 (mmc HS400) clock=200000000 Hz apss_shut=446072 apss_xo=0 lpass_shut=110 vlow=0 vmin=0 susp_ok=6 susp_fail=0 cap=87 v=4244449 i=419464 chg=Charging online=1
up=18553 write=ok timing=10 (mmc HS400) clock=200000000 Hz apss_shut=446859 apss_xo=0 lpass_shut=110 vlow=0 vmin=0 susp_ok=6 susp_fail=0 cap=87 v=4259047 i=261688 chg=Charging online=1
up=18583 write=ok timing=10 (mmc HS400) clock=200000000 Hz apss_shut=447389 apss_xo=0 lpass_shut=110 vlow=0 vmin=0 susp_ok=6 susp_fail=0 cap=87 v=4268389 i=349579 chg=Charging online=1
up=18613 write=ok timing=10 (mmc HS400) clock=200000000 Hz apss_shut=447936 apss_xo=0 lpass_shut=110 vlow=0 vmin=0 susp_ok=6 susp_fail=0 cap=87 v=4282987 i=282440 chg=Charging online=1
up=18643 write=ok timing=10 (mmc HS400) clock=200000000 Hz apss_shut=448546 apss_xo=0 lpass_shut=110 vlow=0 vmin=0 susp_ok=6 susp_fail=0 cap=87 v=4300894 i=445709 chg=Charging online=1
up=18673 write=ok timing=10 (mmc HS400) clock=200000000 Hz apss_shut=449145 apss_xo=0 lpass_shut=110 vlow=0 vmin=0 susp_ok=6 susp_fail=0 cap=87 v=4295444 i=365600 chg=Charging online=1
up=18703 write=ok timing=10 (mmc HS400) clock=200000000 Hz apss_shut=449707 apss_xo=0 lpass_shut=110 vlow=0 vmin=0 susp_ok=6 susp_fail=0 cap=87 v=4312572 i=446014 chg=Charging online=1
up=18733 write=ok timing=10 (mmc HS400) clock=200000000 Hz apss_shut=450279 apss_xo=0 lpass_shut=110 vlow=0 vmin=0 susp_ok=6 susp_fail=0 cap=87 v=4317438 i=369873 chg=Charging online=1
up=18763 write=ok timing=10 (mmc HS400) clock=200000000 Hz apss_shut=450844 apss_xo=0 lpass_shut=110 vlow=0 vmin=0 susp_ok=6 susp_fail=0 cap=87 v=4318995 i=432281 chg=Charging online=1
up=18794 write=ok timing=10 (mmc HS400) clock=200000000 Hz apss_shut=451435 apss_xo=0 lpass_shut=110 vlow=0 vmin=0 susp_ok=6 susp_fail=0 cap=88 v=4300115 i=307159 chg=Charging online=1
up=18824 write=ok timing=10 (mmc HS400) clock=200000000 Hz apss_shut=451996 apss_xo=0 lpass_shut=110 vlow=0 vmin=0 susp_ok=6 susp_fail=0 cap=88 v=4330673 i=444031 chg=Charging online=1
up=18854 write=ok timing=10 (mmc HS400) clock=200000000 Hz apss_shut=452551 apss_xo=0 lpass_shut=110 vlow=0 vmin=0 susp_ok=6 susp_fail=0 cap=88 v=4320747 i=358734 chg=Charging online=1
up=18884 write=ok timing=10 (mmc HS400) clock=200000000 Hz apss_shut=453124 apss_xo=0 lpass_shut=110 vlow=0 vmin=0 susp_ok=6 susp_fail=0 cap=88 v=4335345 i=433807 chg=Charging online=1
up=18914 write=ok timing=10 (mmc HS400) clock=200000000 Hz apss_shut=453714 apss_xo=0 lpass_shut=110 vlow=0 vmin=0 susp_ok=6 susp_fail=0 cap=88 v=4322109 i=337219 chg=Charging online=1
up=18944 write=ok timing=10 (mmc HS400) clock=200000000 Hz apss_shut=454264 apss_xo=0 lpass_shut=110 vlow=0 vmin=0 susp_ok=6 susp_fail=0 cap=88 v=4344103 i=442200 chg=Charging online=1
up=18974 write=ok timing=10 (mmc HS400) clock=200000000 Hz apss_shut=454800 apss_xo=0 lpass_shut=110 vlow=0 vmin=0 susp_ok=6 susp_fail=0 cap=88 v=4347996 i=349731 chg=Charging online=1
up=19004 write=ok timing=10 (mmc HS400) clock=200000000 Hz apss_shut=455347 apss_xo=0 lpass_shut=110 vlow=0 vmin=0 susp_ok=6 susp_fail=0 cap=88 v=4349553 i=440979 chg=Charging online=1
up=19034 write=ok timing=10 (mmc HS400) clock=200000000 Hz apss_shut=455898 apss_xo=0 lpass_shut=110 vlow=0 vmin=0 susp_ok=6 susp_fail=0 cap=89 v=4341184 i=336303 chg=Charging online=1
up=19064 write=ok timing=10 (mmc HS400) clock=200000000 Hz apss_shut=456437 apss_xo=0 lpass_shut=110 vlow=0 vmin=0 susp_ok=6 susp_fail=0 cap=89 v=4357922 i=441437 chg=Charging online=1
up=19094 write=ok timing=10 (mmc HS400) clock=200000000 Hz apss_shut=456929 apss_xo=0 lpass_shut=110 vlow=0 vmin=0 susp_ok=6 susp_fail=0 cap=89 v=4360647 i=345154 chg=Charging online=1
up=19124 write=ok timing=10 (mmc HS400) clock=200000000 Hz apss_shut=457496 apss_xo=0 lpass_shut=110 vlow=0 vmin=0 susp_ok=6 susp_fail=0 cap=89 v=4363762 i=440826 chg=Charging online=1
up=19154 write=ok timing=10 (mmc HS400) clock=200000000 Hz apss_shut=458057 apss_xo=0 lpass_shut=110 vlow=0 vmin=0 susp_ok=6 susp_fail=0 cap=89 v=4362788 i=383758 chg=Charging online=1
up=19185 write=ok timing=10 (mmc HS400) clock=200000000 Hz apss_shut=458574 apss_xo=0 lpass_shut=110 vlow=0 vmin=0 susp_ok=6 susp_fail=0 cap=89 v=4370185 i=441742 chg=Charging online=1
up=19215 write=ok timing=10 (mmc HS400) clock=200000000 Hz apss_shut=459105 apss_xo=0 lpass_shut=110 vlow=0 vmin=0 susp_ok=6 susp_fail=0 cap=89 v=4363372 i=392761 chg=Charging online=1
up=19245 write=ok timing=10 (mmc HS400) clock=200000000 Hz apss_shut=459678 apss_xo=0 lpass_shut=110 vlow=0 vmin=0 susp_ok=6 susp_fail=0 cap=89 v=4375829 i=440216 chg=Charging online=1
up=19275 write=ok timing=10 (mmc HS400) clock=200000000 Hz apss_shut=460219 apss_xo=0 lpass_shut=110 vlow=0 vmin=0 susp_ok=6 susp_fail=0 cap=89 v=4357922 i=352936 chg=Charging online=1
up=19305 write=ok timing=10 (mmc HS400) clock=200000000 Hz apss_shut=460781 apss_xo=0 lpass_shut=110 vlow=0 vmin=0 susp_ok=6 susp_fail=0 cap=90 v=4366681 i=335235 chg=Charging online=1
up=19335 write=ok timing=10 (mmc HS400) clock=200000000 Hz apss_shut=461346 apss_xo=0 lpass_shut=110 vlow=0 vmin=0 susp_ok=6 susp_fail=0 cap=90 v=4199099 i=-63781 chg=Discharging online=0
up=19365 write=ok timing=10 (mmc HS400) clock=200000000 Hz apss_shut=461576 apss_xo=0 lpass_shut=110 vlow=0 vmin=0 susp_ok=6 susp_fail=0 cap=89 v=3825006 i=-1077576 chg=Discharging online=0
up=19395 write=ok timing=10 (mmc HS400) clock=200000000 Hz apss_shut=461576 apss_xo=0 lpass_shut=110 vlow=0 vmin=0 susp_ok=6 susp_fail=0 cap=89 v=3767199 i=-1047974 chg=Discharging online=0
up=19425 write=ok timing=10 (mmc HS400) clock=200000000 Hz apss_shut=461576 apss_xo=0 lpass_shut=110 vlow=0 vmin=0 susp_ok=6 susp_fail=0 cap=89 v=3702580 i=-1059418 chg=Discharging online=0
up=19455 write=ok timing=10 (mmc HS400) clock=200000000 Hz apss_shut=461973 apss_xo=0 lpass_shut=110 vlow=0 vmin=0 susp_ok=6 susp_fail=0 cap=89 v=4055651 i=-61492 chg=Discharging online=0
up=19485 write=ok timing=10 (mmc HS400) clock=200000000 Hz apss_shut=462162 apss_xo=0 lpass_shut=110 vlow=0 vmin=0 susp_ok=6 susp_fail=0 cap=88 v=3719902 i=-956574 chg=Discharging online=0
up=19516 write=ok timing=10 (mmc HS400) clock=200000000 Hz apss_shut=462162 apss_xo=0 lpass_shut=110 vlow=0 vmin=0 susp_ok=6 susp_fail=0 cap=88 v=3634846 i=-1059571 chg=Discharging online=0
up=19546 write=ok timing=10 (mmc HS400) clock=200000000 Hz apss_shut=462162 apss_xo=0 lpass_shut=110 vlow=0 vmin=0 susp_ok=6 susp_fail=0 cap=88 v=3573730 i=-1011048 chg=Discharging online=0
up=19576 write=ok timing=10 (mmc HS400) clock=200000000 Hz apss_shut=462502 apss_xo=0 lpass_shut=110 vlow=0 vmin=0 susp_ok=6 susp_fail=0 cap=88 v=3996482 i=-64544 chg=Discharging online=0
up=19606 write=ok timing=10 (mmc HS400) clock=200000000 Hz apss_shut=462979 apss_xo=0 lpass_shut=110 vlow=0 vmin=0 susp_ok=6 susp_fail=0 cap=88 v=4035798 i=-65002 chg=Discharging online=0
up=19636 write=ok timing=10 (mmc HS400) clock=200000000 Hz apss_shut=463427 apss_xo=0 lpass_shut=110 vlow=0 vmin=0 susp_ok=6 susp_fail=0 cap=88 v=4040275 i=-139618 chg=Discharging online=0
up=19666 write=ok timing=10 (mmc HS400) clock=200000000 Hz apss_shut=463875 apss_xo=0 lpass_shut=110 vlow=0 vmin=0 susp_ok=6 susp_fail=0 cap=88 v=4067524 i=-64239 chg=Discharging online=0
up=19696 write=ok timing=10 (mmc HS400) clock=200000000 Hz apss_shut=464348 apss_xo=0 lpass_shut=110 vlow=0 vmin=0 susp_ok=6 susp_fail=0 cap=88 v=4076088 i=-61492 chg=Discharging online=0
up=19726 write=ok timing=10 (mmc HS400) clock=200000000 Hz apss_shut=464789 apss_xo=0 lpass_shut=110 vlow=0 vmin=0 susp_ok=6 susp_fail=0 cap=88 v=4079202 i=-62255 chg=Discharging online=0
up=19756 write=ok timing=10 (mmc HS400) clock=200000000 Hz apss_shut=465225 apss_xo=0 lpass_shut=110 vlow=0 vmin=0 susp_ok=6 susp_fail=0 cap=88 v=4068497 i=-114746 chg=Discharging online=0
up=19786 write=ok timing=10 (mmc HS400) clock=200000000 Hz apss_shut=465708 apss_xo=0 lpass_shut=110 vlow=0 vmin=0 susp_ok=6 susp_fail=0 cap=88 v=4084457 i=-61645 chg=Discharging online=0
up=19816 write=ok timing=10 (mmc HS400) clock=200000000 Hz apss_shut=466172 apss_xo=0 lpass_shut=110 vlow=0 vmin=0 susp_ok=6 susp_fail=0 cap=88 v=4084068 i=-160217 chg=Discharging online=0
up=19846 write=ok timing=10 (mmc HS400) clock=200000000 Hz apss_shut=466684 apss_xo=0 lpass_shut=110 vlow=0 vmin=0 susp_ok=6 susp_fail=0 cap=88 v=4086598 i=-61492 chg=Discharging online=0
up=19877 write=ok timing=10 (mmc HS400) clock=200000000 Hz apss_shut=467144 apss_xo=0 lpass_shut=110 vlow=0 vmin=0 susp_ok=6 susp_fail=0 cap=88 v=4087377 i=-135650 chg=Discharging online=0
up=19907 write=ok timing=10 (mmc HS400) clock=200000000 Hz apss_shut=467579 apss_xo=0 lpass_shut=110 vlow=0 vmin=0 susp_ok=6 susp_fail=0 cap=87 v=4086598 i=-100097 chg=Discharging online=0
up=19937 write=ok timing=10 (mmc HS400) clock=200000000 Hz apss_shut=468051 apss_xo=0 lpass_shut=110 vlow=0 vmin=0 susp_ok=6 susp_fail=0 cap=87 v=4075699 i=-158996 chg=Discharging online=0
up=19967 write=ok timing=10 (mmc HS400) clock=200000000 Hz apss_shut=468526 apss_xo=0 lpass_shut=110 vlow=0 vmin=0 susp_ok=6 susp_fail=0 cap=87 v=4087182 i=-60272 chg=Discharging online=0
up=19997 write=ok timing=10 (mmc HS400) clock=200000000 Hz apss_shut=469035 apss_xo=0 lpass_shut=110 vlow=0 vmin=0 susp_ok=6 susp_fail=0 cap=87 v=4073558 i=-176086 chg=Discharging online=0
up=20027 write=ok timing=10 (mmc HS400) clock=200000000 Hz apss_shut=469497 apss_xo=0 lpass_shut=110 vlow=0 vmin=0 susp_ok=6 susp_fail=0 cap=87 v=4087377 i=-76141 chg=Discharging online=0
up=20057 write=ok timing=10 (mmc HS400) clock=200000000 Hz apss_shut=469938 apss_xo=0 lpass_shut=110 vlow=0 vmin=0 susp_ok=6 susp_fail=0 cap=87 v=4078034 i=-115051 chg=Discharging online=0
up=20087 write=ok timing=10 (mmc HS400) clock=200000000 Hz apss_shut=470408 apss_xo=0 lpass_shut=110 vlow=0 vmin=0 susp_ok=6 susp_fail=0 cap=87 v=4084263 i=-89263 chg=Discharging online=0
up=20117 write=ok timing=10 (mmc HS400) clock=200000000 Hz apss_shut=470857 apss_xo=0 lpass_shut=110 vlow=0 vmin=0 susp_ok=6 susp_fail=0 cap=87 v=4077645 i=-65307 chg=Discharging online=0
up=20147 write=ok timing=10 (mmc HS400) clock=200000000 Hz apss_shut=471343 apss_xo=0 lpass_shut=110 vlow=0 vmin=0 susp_ok=6 susp_fail=0 cap=87 v=4071027 i=-205688 chg=Discharging online=0
up=20177 write=ok timing=10 (mmc HS400) clock=200000000 Hz apss_shut=471762 apss_xo=0 lpass_shut=110 vlow=0 vmin=0 susp_ok=6 susp_fail=0 cap=87 v=4085820 i=-59661 chg=Discharging online=0
up=20207 write=ok timing=10 (mmc HS400) clock=200000000 Hz apss_shut=472199 apss_xo=0 lpass_shut=110 vlow=0 vmin=0 susp_ok=6 susp_fail=0 cap=87 v=4083484 i=-178222 chg=Discharging online=0
up=20237 write=ok timing=10 (mmc HS400) clock=200000000 Hz apss_shut=472645 apss_xo=0 lpass_shut=110 vlow=0 vmin=0 susp_ok=6 susp_fail=0 cap=87 v=4074726 i=-67901 chg=Discharging online=0
up=20267 write=ok timing=10 (mmc HS400) clock=200000000 Hz apss_shut=473090 apss_xo=0 lpass_shut=110 vlow=0 vmin=0 susp_ok=6 susp_fail=0 cap=87 v=4085431 i=-59509 chg=Discharging online=0
up=20298 write=ok timing=10 (mmc HS400) clock=200000000 Hz apss_shut=473516 apss_xo=0 lpass_shut=110 vlow=0 vmin=0 susp_ok=6 susp_fail=0 cap=87 v=4069860 i=-214691 chg=Discharging online=0
up=20928 write=ok timing=10 (mmc HS400) clock=200000000 Hz apss_shut=474720 apss_xo=0 lpass_shut=111 vlow=0 vmin=0 susp_ok=7 susp_fail=0 cap=87 v=4064021 i=-245819 chg=Discharging online=0
up=21558 write=ok timing=10 (mmc HS400) clock=200000000 Hz apss_shut=476174 apss_xo=0 lpass_shut=112 vlow=0 vmin=0 susp_ok=8 susp_fail=0 cap=87 v=4067135 i=-93841 chg=Discharging online=0
up=22188 write=ok timing=10 (mmc HS400) clock=200000000 Hz apss_shut=477593 apss_xo=0 lpass_shut=113 vlow=0 vmin=0 susp_ok=9 susp_fail=0 cap=87 v=4061101 i=-89569 chg=Discharging online=0
up=22819 write=ok timing=10 (mmc HS400) clock=200000000 Hz apss_shut=478951 apss_xo=0 lpass_shut=114 vlow=0 vmin=0 susp_ok=10 susp_fail=0 cap=87 v=4057208 i=-211639 chg=Discharging online=0
up=22849 write=ok timing=10 (mmc HS400) clock=200000000 Hz apss_shut=480383 apss_xo=0 lpass_shut=114 vlow=0 vmin=0 susp_ok=10 susp_fail=0 cap=87 v=4053316 i=-105438 chg=Discharging online=0
up=22879 write=ok timing=10 (mmc HS400) clock=200000000 Hz apss_shut=481866 apss_xo=0 lpass_shut=114 vlow=0 vmin=0 susp_ok=10 susp_fail=0 cap=87 v=4048839 i=-97351 chg=Discharging online=0
up=22909 write=ok timing=10 (mmc HS400) clock=200000000 Hz apss_shut=483503 apss_xo=0 lpass_shut=114 vlow=0 vmin=0 susp_ok=10 susp_fail=0 cap=87 v=4039302 i=-107727 chg=Discharging online=0
up=22939 write=ok timing=10 (mmc HS400) clock=200000000 Hz apss_shut=485142 apss_xo=0 lpass_shut=114 vlow=0 vmin=0 susp_ok=10 susp_fail=0 cap=87 v=4027429 i=-291290 chg=Discharging online=0
up=22969 write=ok timing=10 (mmc HS400) clock=200000000 Hz apss_shut=486816 apss_xo=0 lpass_shut=114 vlow=0 vmin=0 susp_ok=10 susp_fail=0 cap=87 v=4030348 i=-207061 chg=Discharging online=0
up=22999 write=ok timing=10 (mmc HS400) clock=200000000 Hz apss_shut=488403 apss_xo=0 lpass_shut=114 vlow=0 vmin=0 susp_ok=10 susp_fail=0 cap=87 v=4037550 i=-133972 chg=Discharging online=0
up=23029 write=ok timing=10 (mmc HS400) clock=200000000 Hz apss_shut=490014 apss_xo=0 lpass_shut=114 vlow=0 vmin=0 susp_ok=10 susp_fail=0 cap=87 v=4044168 i=-92163 chg=Discharging online=0
up=23059 write=ok timing=10 (mmc HS400) clock=200000000 Hz apss_shut=491633 apss_xo=0 lpass_shut=114 vlow=0 vmin=0 susp_ok=10 susp_fail=0 cap=87 v=4043000 i=-93689 chg=Discharging online=0
up=23089 write=ok timing=10 (mmc HS400) clock=200000000 Hz apss_shut=493169 apss_xo=0 lpass_shut=114 vlow=0 vmin=0 susp_ok=10 susp_fail=0 cap=87 v=4027429 i=-263672 chg=Discharging online=0
up=23120 write=ok timing=10 (mmc HS400) clock=200000000 Hz apss_shut=494781 apss_xo=0 lpass_shut=114 vlow=0 vmin=0 susp_ok=10 susp_fail=0 cap=87 v=4040469 i=-115966 chg=Discharging online=0
up=23150 write=ok timing=10 (mmc HS400) clock=200000000 Hz apss_shut=496350 apss_xo=0 lpass_shut=114 vlow=0 vmin=0 susp_ok=10 susp_fail=0 cap=87 v=4031711 i=-93689 chg=Discharging online=0
up=23180 write=ok timing=10 (mmc HS400) clock=200000000 Hz apss_shut=497862 apss_xo=0 lpass_shut=114 vlow=0 vmin=0 susp_ok=10 susp_fail=0 cap=87 v=4023536 i=-257721 chg=Discharging online=0
up=23210 write=ok timing=10 (mmc HS400) clock=200000000 Hz apss_shut=499491 apss_xo=0 lpass_shut=114 vlow=0 vmin=0 susp_ok=10 susp_fail=0 cap=87 v=4039302 i=-90026 chg=Discharging online=0
up=23240 write=ok timing=10 (mmc HS400) clock=200000000 Hz apss_shut=501092 apss_xo=0 lpass_shut=114 vlow=0 vmin=0 susp_ok=10 susp_fail=0 cap=87 v=4035798 i=-91705 chg=Discharging online=0
up=23270 write=ok timing=10 (mmc HS400) clock=200000000 Hz apss_shut=502703 apss_xo=0 lpass_shut=114 vlow=0 vmin=0 susp_ok=10 susp_fail=0 cap=87 v=4038328 i=-89569 chg=Discharging online=0
up=23300 write=ok timing=10 (mmc HS400) clock=200000000 Hz apss_shut=504280 apss_xo=0 lpass_shut=114 vlow=0 vmin=0 susp_ok=10 susp_fail=0 cap=87 v=4007187 i=-194549 chg=Discharging online=0
up=23330 write=ok timing=10 (mmc HS400) clock=200000000 Hz apss_shut=505885 apss_xo=0 lpass_shut=114 vlow=0 vmin=0 susp_ok=10 susp_fail=0 cap=87 v=4031127 i=-104522 chg=Discharging online=0
up=23360 write=ok timing=10 (mmc HS400) clock=200000000 Hz apss_shut=507455 apss_xo=0 lpass_shut=114 vlow=0 vmin=0 susp_ok=10 susp_fail=0 cap=87 v=4035409 i=-93383 chg=Discharging online=0
up=23390 write=ok timing=10 (mmc HS400) clock=200000000 Hz apss_shut=509058 apss_xo=0 lpass_shut=114 vlow=0 vmin=0 susp_ok=10 susp_fail=0 cap=87 v=4033852 i=-167541 chg=Discharging online=0
up=23420 write=ok timing=10 (mmc HS400) clock=200000000 Hz apss_shut=510608 apss_xo=0 lpass_shut=114 vlow=0 vmin=0 susp_ok=10 susp_fail=0 cap=87 v=4020422 i=-137176 chg=Discharging online=0
up=23450 write=ok timing=10 (mmc HS400) clock=200000000 Hz apss_shut=512214 apss_xo=0 lpass_shut=114 vlow=0 vmin=0 susp_ok=10 susp_fail=0 cap=87 v=4034046 i=-89569 chg=Discharging online=0
up=23480 write=ok timing=10 (mmc HS400) clock=200000000 Hz apss_shut=513727 apss_xo=0 lpass_shut=114 vlow=0 vmin=0 susp_ok=10 susp_fail=0 cap=87 v=4032489 i=-111999 chg=Discharging online=0
up=23511 write=ok timing=10 (mmc HS400) clock=200000000 Hz apss_shut=515378 apss_xo=0 lpass_shut=114 vlow=0 vmin=0 susp_ok=10 susp_fail=0 cap=87 v=4032489 i=-206909 chg=Discharging online=0
up=23541 write=ok timing=10 (mmc HS400) clock=200000000 Hz apss_shut=517001 apss_xo=0 lpass_shut=114 vlow=0 vmin=0 susp_ok=10 susp_fail=0 cap=86 v=4032295 i=-111847 chg=Discharging online=0
up=23571 write=ok timing=10 (mmc HS400) clock=200000000 Hz apss_shut=518619 apss_xo=0 lpass_shut=114 vlow=0 vmin=0 susp_ok=10 susp_fail=0 cap=86 v=4031127 i=-92620 chg=Discharging online=0
up=23601 write=ok timing=10 (mmc HS400) clock=200000000 Hz apss_shut=520237 apss_xo=0 lpass_shut=114 vlow=0 vmin=0 susp_ok=10 susp_fail=0 cap=86 v=4031127 i=-166320 chg=Discharging online=0
up=23631 write=ok timing=10 (mmc HS400) clock=200000000 Hz apss_shut=521820 apss_xo=0 lpass_shut=114 vlow=0 vmin=0 susp_ok=10 susp_fail=0 cap=86 v=4015751 i=-108490 chg=Discharging online=0
up=23661 write=ok timing=10 (mmc HS400) clock=200000000 Hz apss_shut=523429 apss_xo=0 lpass_shut=114 vlow=0 vmin=0 susp_ok=10 susp_fail=0 cap=86 v=4021784 i=-90332 chg=Discharging online=0
up=23691 write=ok timing=10 (mmc HS400) clock=200000000 Hz apss_shut=524937 apss_xo=0 lpass_shut=114 vlow=0 vmin=0 susp_ok=10 susp_fail=0 cap=86 v=4030932 i=-90484 chg=Discharging online=0
up=23721 write=ok timing=10 (mmc HS400) clock=200000000 Hz apss_shut=526556 apss_xo=0 lpass_shut=114 vlow=0 vmin=0 susp_ok=10 susp_fail=0 cap=86 v=4007381 i=-200958 chg=Discharging online=0
up=23751 write=ok timing=10 (mmc HS400) clock=200000000 Hz apss_shut=528145 apss_xo=0 lpass_shut=114 vlow=0 vmin=0 susp_ok=10 susp_fail=0 cap=86 v=4017502 i=-111389 chg=Discharging online=0
up=23781 write=ok timing=10 (mmc HS400) clock=200000000 Hz apss_shut=529760 apss_xo=0 lpass_shut=114 vlow=0 vmin=0 susp_ok=10 susp_fail=0 cap=86 v=4028597 i=-102996 chg=Discharging online=0
up=23811 write=ok timing=10 (mmc HS400) clock=200000000 Hz apss_shut=531383 apss_xo=0 lpass_shut=114 vlow=0 vmin=0 susp_ok=10 susp_fail=0 cap=86 v=4028013 i=-199585 chg=Discharging online=0
up=23841 write=ok timing=10 (mmc HS400) clock=200000000 Hz apss_shut=532960 apss_xo=0 lpass_shut=114 vlow=0 vmin=0 susp_ok=10 susp_fail=0 cap=86 v=4027234 i=-89874 chg=Discharging online=0
up=23871 write=ok timing=10 (mmc HS400) clock=200000000 Hz apss_shut=534588 apss_xo=0 lpass_shut=114 vlow=0 vmin=0 susp_ok=10 susp_fail=0 cap=86 v=4025677 i=-91400 chg=Discharging online=0
up=23901 write=ok timing=10 (mmc HS400) clock=200000000 Hz apss_shut=536176 apss_xo=0 lpass_shut=114 vlow=0 vmin=0 susp_ok=10 susp_fail=0 cap=86 v=4016724 i=-220642 chg=Discharging online=0
up=23931 write=ok timing=10 (mmc HS400) clock=200000000 Hz apss_shut=537811 apss_xo=0 lpass_shut=114 vlow=0 vmin=0 susp_ok=10 susp_fail=0 cap=86 v=4026650 i=-89874 chg=Discharging online=0
up=23962 write=ok timing=10 (mmc HS400) clock=200000000 Hz apss_shut=539432 apss_xo=0 lpass_shut=114 vlow=0 vmin=0 susp_ok=10 susp_fail=0 cap=86 v=4022368 i=-101776 chg=Discharging online=0
up=23992 write=ok timing=10 (mmc HS400) clock=200000000 Hz apss_shut=541029 apss_xo=0 lpass_shut=114 vlow=0 vmin=0 susp_ok=10 susp_fail=0 cap=86 v=4024315 i=-97351 chg=Discharging online=0
up=24022 write=ok timing=10 (mmc HS400) clock=200000000 Hz apss_shut=542573 apss_xo=0 lpass_shut=114 vlow=0 vmin=0 susp_ok=10 susp_fail=0 cap=86 v=4006213 i=-207519 chg=Discharging online=0
up=24052 write=ok timing=10 (mmc HS400) clock=200000000 Hz apss_shut=544190 apss_xo=0 lpass_shut=114 vlow=0 vmin=0 susp_ok=10 susp_fail=0 cap=86 v=4024315 i=-89569 chg=Discharging online=0
up=24082 write=ok timing=10 (mmc HS400) clock=200000000 Hz apss_shut=545763 apss_xo=0 lpass_shut=114 vlow=0 vmin=0 susp_ok=10 susp_fail=0 cap=86 v=4021006 i=-124511 chg=Discharging online=0
up=24112 write=ok timing=10 (mmc HS400) clock=200000000 Hz apss_shut=547221 apss_xo=0 lpass_shut=114 vlow=0 vmin=0 susp_ok=10 susp_fail=0 cap=86 v=4016529 i=-288543 chg=Discharging online=0
up=24142 write=ok timing=10 (mmc HS400) clock=200000000 Hz apss_shut=548846 apss_xo=0 lpass_shut=114 vlow=0 vmin=0 susp_ok=10 susp_fail=0 cap=86 v=4007381 i=-172577 chg=Discharging online=0
up=24172 write=ok timing=10 (mmc HS400) clock=200000000 Hz apss_shut=550483 apss_xo=0 lpass_shut=114 vlow=0 vmin=0 susp_ok=10 susp_fail=0 cap=86 v=4021590 i=-98266 chg=Discharging online=0
up=24202 write=ok timing=10 (mmc HS400) clock=200000000 Hz apss_shut=552081 apss_xo=0 lpass_shut=114 vlow=0 vmin=0 susp_ok=10 susp_fail=0 cap=86 v=4021200 i=-229644 chg=Discharging online=0
up=24232 write=ok timing=10 (mmc HS400) clock=200000000 Hz apss_shut=553658 apss_xo=0 lpass_shut=114 vlow=0 vmin=0 susp_ok=10 susp_fail=0 cap=86 v=4018086 i=-142059 chg=Discharging online=0
up=24262 write=ok timing=10 (mmc HS400) clock=200000000 Hz apss_shut=555247 apss_xo=0 lpass_shut=114 vlow=0 vmin=0 susp_ok=10 susp_fail=0 cap=86 v=4020617 i=-89263 chg=Discharging online=0
up=24292 write=ok timing=10 (mmc HS400) clock=200000000 Hz apss_shut=556859 apss_xo=0 lpass_shut=114 vlow=0 vmin=0 susp_ok=10 susp_fail=0 cap=86 v=4016918 i=-95977 chg=Discharging online=0
up=24322 write=ok timing=10 (mmc HS400) clock=200000000 Hz apss_shut=558476 apss_xo=0 lpass_shut=114 vlow=0 vmin=0 susp_ok=10 susp_fail=0 cap=86 v=4000569 i=-227966 chg=Discharging online=0
up=24352 write=ok timing=10 (mmc HS400) clock=200000000 Hz apss_shut=560064 apss_xo=0 lpass_shut=114 vlow=0 vmin=0 susp_ok=10 susp_fail=0 cap=86 v=4016140 i=-142822 chg=Discharging online=0
up=24382 write=ok timing=10 (mmc HS400) clock=200000000 Hz apss_shut=561670 apss_xo=0 lpass_shut=114 vlow=0 vmin=0 susp_ok=10 susp_fail=0 cap=86 v=4005240 i=-151062 chg=Discharging online=0
up=24413 write=ok timing=10 (mmc HS400) clock=200000000 Hz apss_shut=563241 apss_xo=0 lpass_shut=114 vlow=0 vmin=0 susp_ok=10 susp_fail=0 cap=86 v=4016724 i=-169677 chg=Discharging online=0
up=24443 write=ok timing=10 (mmc HS400) clock=200000000 Hz apss_shut=564849 apss_xo=0 lpass_shut=114 vlow=0 vmin=0 susp_ok=10 susp_fail=0 cap=86 v=4012442 i=-95977 chg=Discharging online=0
up=24473 write=ok timing=10 (mmc HS400) clock=200000000 Hz apss_shut=566466 apss_xo=0 lpass_shut=114 vlow=0 vmin=0 susp_ok=10 susp_fail=0 cap=86 v=4018476 i=-98724 chg=Discharging online=0
up=24503 write=ok timing=10 (mmc HS400) clock=200000000 Hz apss_shut=568040 apss_xo=0 lpass_shut=114 vlow=0 vmin=0 susp_ok=10 susp_fail=0 cap=86 v=4017113 i=-185852 chg=Discharging online=0
up=24533 write=ok timing=10 (mmc HS400) clock=200000000 Hz apss_shut=569654 apss_xo=0 lpass_shut=114 vlow=0 vmin=0 susp_ok=10 susp_fail=0 cap=85 v=4015751 i=-93231 chg=Discharging online=0
up=24563 write=ok timing=10 (mmc HS400) clock=200000000 Hz apss_shut=571258 apss_xo=0 lpass_shut=114 vlow=0 vmin=0 susp_ok=10 susp_fail=0 cap=85 v=4003683 i=-117034 chg=Discharging online=0
up=24593 write=ok timing=10 (mmc HS400) clock=200000000 Hz apss_shut=572782 apss_xo=0 lpass_shut=114 vlow=0 vmin=0 susp_ok=10 susp_fail=0 cap=85 v=4010885 i=-93689 chg=Discharging online=0
up=24623 write=ok timing=10 (mmc HS400) clock=200000000 Hz apss_shut=574404 apss_xo=0 lpass_shut=114 vlow=0 vmin=0 susp_ok=10 susp_fail=0 cap=85 v=3975655 i=-271606 chg=Discharging online=0
up=24653 write=ok timing=10 (mmc HS400) clock=200000000 Hz apss_shut=576024 apss_xo=0 lpass_shut=114 vlow=0 vmin=0 susp_ok=10 susp_fail=0 cap=85 v=4014583 i=-101318 chg=Discharging online=0
up=24683 write=ok timing=10 (mmc HS400) clock=200000000 Hz apss_shut=577651 apss_xo=0 lpass_shut=114 vlow=0 vmin=0 susp_ok=10 susp_fail=0 cap=85 v=4001737 i=-157318 chg=Discharging online=0
up=24713 write=ok timing=10 (mmc HS400) clock=200000000 Hz apss_shut=579258 apss_xo=0 lpass_shut=114 vlow=0 vmin=0 susp_ok=10 susp_fail=0 cap=85 v=4014583 i=-205688 chg=Discharging online=0
up=24743 write=ok timing=10 (mmc HS400) clock=200000000 Hz apss_shut=580773 apss_xo=0 lpass_shut=114 vlow=0 vmin=0 susp_ok=10 susp_fail=0 cap=85 v=4008354 i=-93689 chg=Discharging online=0
up=24773 write=ok timing=10 (mmc HS400) clock=200000000 Hz apss_shut=582408 apss_xo=0 lpass_shut=114 vlow=0 vmin=0 susp_ok=10 susp_fail=0 cap=85 v=4012247 i=-92620 chg=Discharging online=0
up=24803 write=ok timing=10 (mmc HS400) clock=200000000 Hz apss_shut=584033 apss_xo=0 lpass_shut=114 vlow=0 vmin=0 susp_ok=10 susp_fail=0 cap=85 v=4003099 i=-206909 chg=Discharging online=0
up=24834 write=ok timing=10 (mmc HS400) clock=200000000 Hz apss_shut=585582 apss_xo=0 lpass_shut=114 vlow=0 vmin=0 susp_ok=10 susp_fail=0 cap=85 v=4005435 i=-95367 chg=Discharging online=0
up=24864 write=ok timing=10 (mmc HS400) clock=200000000 Hz apss_shut=587216 apss_xo=0 lpass_shut=114 vlow=0 vmin=0 susp_ok=10 susp_fail=0 cap=85 v=4006408 i=-93078 chg=Discharging online=0
up=24894 write=ok timing=10 (mmc HS400) clock=200000000 Hz apss_shut=588845 apss_xo=0 lpass_shut=114 vlow=0 vmin=0 susp_ok=10 susp_fail=0 cap=85 v=4007381 i=-93383 chg=Discharging online=0
up=24924 write=ok timing=10 (mmc HS400) clock=200000000 Hz apss_shut=590465 apss_xo=0 lpass_shut=114 vlow=0 vmin=0 susp_ok=10 susp_fail=0 cap=85 v=3998817 i=-213928 chg=Discharging online=0
up=24954 write=ok timing=10 (mmc HS400) clock=200000000 Hz apss_shut=592046 apss_xo=0 lpass_shut=114 vlow=0 vmin=0 susp_ok=10 susp_fail=0 cap=85 v=4008938 i=-99182 chg=Discharging online=0
up=24984 write=ok timing=10 (mmc HS400) clock=200000000 Hz apss_shut=593684 apss_xo=0 lpass_shut=114 vlow=0 vmin=0 susp_ok=10 susp_fail=0 cap=85 v=4006992 i=-89874 chg=Discharging online=0
up=25014 write=ok timing=10 (mmc HS400) clock=200000000 Hz apss_shut=595303 apss_xo=0 lpass_shut=114 vlow=0 vmin=0 susp_ok=10 susp_fail=0 cap=85 v=4008744 i=-198211 chg=Discharging online=0
up=25044 write=ok timing=10 (mmc HS400) clock=200000000 Hz apss_shut=596901 apss_xo=0 lpass_shut=114 vlow=0 vmin=0 susp_ok=10 susp_fail=0 cap=85 v=3997649 i=-145263 chg=Discharging online=0
up=25074 write=ok timing=10 (mmc HS400) clock=200000000 Hz apss_shut=598489 apss_xo=0 lpass_shut=114 vlow=0 vmin=0 susp_ok=10 susp_fail=0 cap=85 v=4006992 i=-90026 chg=Discharging online=0
up=25104 write=ok timing=10 (mmc HS400) clock=200000000 Hz apss_shut=600051 apss_xo=0 lpass_shut=114 vlow=0 vmin=0 susp_ok=10 susp_fail=0 cap=85 v=3933614 i=-257568 chg=Discharging online=0
up=25134 write=ok timing=10 (mmc HS400) clock=200000000 Hz apss_shut=601620 apss_xo=0 lpass_shut=114 vlow=0 vmin=0 susp_ok=10 susp_fail=0 cap=85 v=4006797 i=-105133 chg=Discharging online=0
up=25164 write=ok timing=10 (mmc HS400) clock=200000000 Hz apss_shut=603171 apss_xo=0 lpass_shut=114 vlow=0 vmin=0 susp_ok=10 susp_fail=0 cap=85 v=3996676 i=-139923 chg=Discharging online=0
up=25194 write=ok timing=10 (mmc HS400) clock=200000000 Hz apss_shut=604800 apss_xo=0 lpass_shut=114 vlow=0 vmin=0 susp_ok=10 susp_fail=0 cap=85 v=4003683 i=-101471 chg=Discharging online=0
up=25224 write=ok timing=10 (mmc HS400) clock=200000000 Hz apss_shut=606319 apss_xo=0 lpass_shut=114 vlow=0 vmin=0 susp_ok=10 susp_fail=0 cap=85 v=3995508 i=-199127 chg=Discharging online=0
up=25255 write=ok timing=10 (mmc HS400) clock=200000000 Hz apss_shut=607931 apss_xo=0 lpass_shut=114 vlow=0 vmin=0 susp_ok=10 susp_fail=0 cap=85 v=4005629 i=-93078 chg=Discharging online=0
up=25285 write=ok timing=10 (mmc HS400) clock=200000000 Hz apss_shut=609559 apss_xo=0 lpass_shut=114 vlow=0 vmin=0 susp_ok=10 susp_fail=0 cap=85 v=4004267 i=-95825 chg=Discharging online=0
up=25315 write=ok timing=10 (mmc HS400) clock=200000000 Hz apss_shut=611182 apss_xo=0 lpass_shut=114 vlow=0 vmin=0 susp_ok=10 susp_fail=0 cap=85 v=4003099 i=-164947 chg=Discharging online=0
up=25345 write=ok timing=10 (mmc HS400) clock=200000000 Hz apss_shut=612758 apss_xo=0 lpass_shut=114 vlow=0 vmin=0 susp_ok=10 susp_fail=0 cap=85 v=3997455 i=-89874 chg=Discharging online=0
up=25375 write=ok timing=10 (mmc HS400) clock=200000000 Hz apss_shut=613294 apss_xo=0 lpass_shut=114 vlow=0 vmin=0 susp_ok=10 susp_fail=0 cap=85 v=4114821 i=139312 chg=Charging online=1
up=25405 write=ok timing=10 (mmc HS400) clock=200000000 Hz apss_shut=613971 apss_xo=0 lpass_shut=114 vlow=0 vmin=0 susp_ok=10 susp_fail=0 cap=85 v=4204354 i=413360 chg=Charging online=1
up=25435 write=ok timing=10 (mmc HS400) clock=200000000 Hz apss_shut=615024 apss_xo=0 lpass_shut=114 vlow=0 vmin=0 susp_ok=10 susp_fail=0 cap=85 v=4234912 i=449219 chg=Charging online=1
up=25465 write=ok timing=10 (mmc HS400) clock=200000000 Hz apss_shut=615594 apss_xo=0 lpass_shut=114 vlow=0 vmin=0 susp_ok=10 susp_fail=0 cap=85 v=4237442 i=371399 chg=Charging online=1
up=25495 write=ok timing=10 (mmc HS400) clock=200000000 Hz apss_shut=616137 apss_xo=0 lpass_shut=114 vlow=0 vmin=0 susp_ok=10 susp_fail=0 cap=85 v=4260799 i=447693 chg=Charging online=1
up=25525 write=ok timing=10 (mmc HS400) clock=200000000 Hz apss_shut=616727 apss_xo=0 lpass_shut=114 vlow=0 vmin=0 susp_ok=10 susp_fail=0 cap=85 v=4255154 i=331421 chg=Charging online=1
up=25555 write=ok timing=10 (mmc HS400) clock=200000000 Hz apss_shut=617316 apss_xo=0 lpass_shut=114 vlow=0 vmin=0 susp_ok=10 susp_fail=0 cap=85 v=4274812 i=444794 chg=Charging online=1
up=25585 write=ok timing=10 (mmc HS400) clock=200000000 Hz apss_shut=617881 apss_xo=0 lpass_shut=114 vlow=0 vmin=0 susp_ok=10 susp_fail=0 cap=85 v=4269557 i=365753 chg=Charging online=1
up=25615 write=ok timing=10 (mmc HS400) clock=200000000 Hz apss_shut=618402 apss_xo=0 lpass_shut=114 vlow=0 vmin=0 susp_ok=10 susp_fail=0 cap=86 v=4285712 i=445251 chg=Charging online=1
up=25645 write=ok timing=10 (mmc HS400) clock=200000000 Hz apss_shut=618892 apss_xo=0 lpass_shut=114 vlow=0 vmin=0 susp_ok=10 susp_fail=0 cap=86 v=4289410 i=443420 chg=Charging online=1
up=25675 write=ok timing=10 (mmc HS400) clock=200000000 Hz apss_shut=619474 apss_xo=0 lpass_shut=114 vlow=0 vmin=0 susp_ok=10 susp_fail=0 cap=86 v=4285128 i=425262 chg=Charging online=1
up=25706 write=ok timing=10 (mmc HS400) clock=200000000 Hz apss_shut=620022 apss_xo=0 lpass_shut=114 vlow=0 vmin=0 susp_ok=10 susp_fail=0 cap=86 v=4287853 i=359192 chg=Charging online=1
up=25736 write=ok timing=10 (mmc HS400) clock=200000000 Hz apss_shut=620601 apss_xo=0 lpass_shut=114 vlow=0 vmin=0 susp_ok=10 susp_fail=0 cap=86 v=4301867 i=442657 chg=Charging online=1
up=25766 write=ok timing=10 (mmc HS400) clock=200000000 Hz apss_shut=621142 apss_xo=0 lpass_shut=114 vlow=0 vmin=0 susp_ok=10 susp_fail=0 cap=86 v=4305565 i=442047 chg=Charging online=1
up=25796 write=ok timing=10 (mmc HS400) clock=200000000 Hz apss_shut=621720 apss_xo=0 lpass_shut=114 vlow=0 vmin=0 susp_ok=10 susp_fail=0 cap=86 v=4295444 i=318908 chg=Charging online=1
up=25826 write=ok timing=10 (mmc HS400) clock=200000000 Hz apss_shut=622204 apss_xo=0 lpass_shut=114 vlow=0 vmin=0 susp_ok=10 susp_fail=0 cap=86 v=4299726 i=400238 chg=Charging online=1
up=25856 write=ok timing=10 (mmc HS400) clock=200000000 Hz apss_shut=622754 apss_xo=0 lpass_shut=114 vlow=0 vmin=0 susp_ok=10 susp_fail=0 cap=86 v=4315686 i=365600 chg=Charging online=1
up=25886 write=ok timing=10 (mmc HS400) clock=200000000 Hz apss_shut=623310 apss_xo=0 lpass_shut=114 vlow=0 vmin=0 susp_ok=10 susp_fail=0 cap=87 v=4318800 i=441131 chg=Charging online=1
up=25916 write=ok timing=10 (mmc HS400) clock=200000000 Hz apss_shut=623892 apss_xo=0 lpass_shut=114 vlow=0 vmin=0 susp_ok=10 susp_fail=0 cap=87 v=4322109 i=441437 chg=Charging online=1
up=25946 write=ok timing=10 (mmc HS400) clock=200000000 Hz apss_shut=624421 apss_xo=0 lpass_shut=114 vlow=0 vmin=0 susp_ok=10 susp_fail=0 cap=87 v=4324250 i=441131 chg=Charging online=1
up=25976 write=ok timing=10 (mmc HS400) clock=200000000 Hz apss_shut=624995 apss_xo=0 lpass_shut=114 vlow=0 vmin=0 susp_ok=10 susp_fail=0 cap=87 v=4327170 i=439300 chg=Charging online=1
up=26006 write=ok timing=10 (mmc HS400) clock=200000000 Hz apss_shut=625548 apss_xo=0 lpass_shut=114 vlow=0 vmin=0 susp_ok=10 susp_fail=0 cap=87 v=4326391 i=434570 chg=Charging online=1
up=26036 write=ok timing=10 (mmc HS400) clock=200000000 Hz apss_shut=626124 apss_xo=0 lpass_shut=114 vlow=0 vmin=0 susp_ok=10 susp_fail=0 cap=87 v=4332620 i=439148 chg=Charging online=1
up=26066 write=ok timing=10 (mmc HS400) clock=200000000 Hz apss_shut=626635 apss_xo=0 lpass_shut=114 vlow=0 vmin=0 susp_ok=10 susp_fail=0 cap=87 v=4309652 i=283508 chg=Charging online=1
up=26096 write=ok timing=10 (mmc HS400) clock=200000000 Hz apss_shut=627194 apss_xo=0 lpass_shut=114 vlow=0 vmin=0 susp_ok=10 susp_fail=0 cap=87 v=4337291 i=440674 chg=Charging online=1
up=26127 write=ok timing=10 (mmc HS400) clock=200000000 Hz apss_shut=627686 apss_xo=0 lpass_shut=114 vlow=0 vmin=0 susp_ok=10 susp_fail=0 cap=88 v=4343130 i=321197 chg=Charging online=1
up=26157 write=ok timing=10 (mmc HS400) clock=200000000 Hz apss_shut=628237 apss_xo=0 lpass_shut=114 vlow=0 vmin=0 susp_ok=10 susp_fail=0 cap=88 v=4345271 i=439758 chg=Charging online=1
up=26187 write=ok timing=10 (mmc HS400) clock=200000000 Hz apss_shut=628775 apss_xo=0 lpass_shut=114 vlow=0 vmin=0 susp_ok=10 susp_fail=0 cap=88 v=4347996 i=438690 chg=Charging online=1
up=26217 write=ok timing=10 (mmc HS400) clock=200000000 Hz apss_shut=629366 apss_xo=0 lpass_shut=114 vlow=0 vmin=0 susp_ok=10 susp_fail=0 cap=88 v=4350526 i=437774 chg=Charging online=1
up=26247 write=ok timing=10 (mmc HS400) clock=200000000 Hz apss_shut=629922 apss_xo=0 lpass_shut=114 vlow=0 vmin=0 susp_ok=10 susp_fail=0 cap=88 v=4353446 i=437927 chg=Charging online=1
up=26277 write=ok timing=10 (mmc HS400) clock=200000000 Hz apss_shut=630446 apss_xo=0 lpass_shut=114 vlow=0 vmin=0 susp_ok=10 susp_fail=0 cap=88 v=4355781 i=368805 chg=Charging online=1
up=26307 write=ok timing=10 (mmc HS400) clock=200000000 Hz apss_shut=631032 apss_xo=0 lpass_shut=114 vlow=0 vmin=0 susp_ok=10 susp_fail=0 cap=88 v=4341378 i=383758 chg=Charging online=1
up=26337 write=ok timing=10 (mmc HS400) clock=200000000 Hz apss_shut=631579 apss_xo=0 lpass_shut=114 vlow=0 vmin=0 susp_ok=10 susp_fail=0 cap=88 v=4348969 i=341644 chg=Charging online=1
up=26367 write=ok timing=10 (mmc HS400) clock=200000000 Hz apss_shut=632130 apss_xo=0 lpass_shut=114 vlow=0 vmin=0 susp_ok=10 susp_fail=0 cap=88 v=4364151 i=436859 chg=Charging online=1
up=26397 write=ok timing=10 (mmc HS400) clock=200000000 Hz apss_shut=632686 apss_xo=0 lpass_shut=114 vlow=0 vmin=0 susp_ok=10 susp_fail=0 cap=89 v=4367070 i=437012 chg=Charging online=1
up=26427 write=ok timing=10 (mmc HS400) clock=200000000 Hz apss_shut=633223 apss_xo=0 lpass_shut=114 vlow=0 vmin=0 susp_ok=10 susp_fail=0 cap=89 v=4369406 i=437012 chg=Charging online=1
up=26457 write=ok timing=10 (mmc HS400) clock=200000000 Hz apss_shut=633804 apss_xo=0 lpass_shut=114 vlow=0 vmin=0 susp_ok=10 susp_fail=0 cap=89 v=4360453 i=402984 chg=Charging online=1
up=26487 write=ok timing=10 (mmc HS400) clock=200000000 Hz apss_shut=634332 apss_xo=0 lpass_shut=114 vlow=0 vmin=0 susp_ok=10 susp_fail=0 cap=89 v=4374272 i=436096 chg=Charging online=1
up=26517 write=ok timing=10 (mmc HS400) clock=200000000 Hz apss_shut=634817 apss_xo=0 lpass_shut=114 vlow=0 vmin=0 susp_ok=10 susp_fail=0 cap=89 v=4376024 i=436401 chg=Charging online=1
up=26548 write=ok timing=10 (mmc HS400) clock=200000000 Hz apss_shut=635399 apss_xo=0 lpass_shut=114 vlow=0 vmin=0 susp_ok=10 susp_fail=0 cap=89 v=4371352 i=314636 chg=Charging online=1
up=26578 write=ok timing=10 (mmc HS400) clock=200000000 Hz apss_shut=635990 apss_xo=0 lpass_shut=114 vlow=0 vmin=0 susp_ok=10 susp_fail=0 cap=89 v=4368627 i=394897 chg=Charging online=1
up=26608 write=ok timing=10 (mmc HS400) clock=200000000 Hz apss_shut=636541 apss_xo=0 lpass_shut=114 vlow=0 vmin=0 susp_ok=10 susp_fail=0 cap=89 v=4383225 i=326385 chg=Charging online=1
up=26638 write=ok timing=10 (mmc HS400) clock=200000000 Hz apss_shut=637091 apss_xo=0 lpass_shut=114 vlow=0 vmin=0 susp_ok=10 susp_fail=0 cap=90 v=4377191 i=414581 chg=Charging online=1
up=26668 write=ok timing=10 (mmc HS400) clock=200000000 Hz apss_shut=637662 apss_xo=0 lpass_shut=114 vlow=0 vmin=0 susp_ok=10 susp_fail=0 cap=90 v=4214086 i=-58593 chg=Discharging online=0
up=26698 write=ok timing=10 (mmc HS400) clock=200000000 Hz apss_shut=638150 apss_xo=0 lpass_shut=114 vlow=0 vmin=0 susp_ok=10 susp_fail=0 cap=89 v=3867048 i=-1059418 chg=Discharging online=0
up=26728 write=ok timing=10 (mmc HS400) clock=200000000 Hz apss_shut=638150 apss_xo=0 lpass_shut=114 vlow=0 vmin=0 susp_ok=10 susp_fail=0 cap=89 v=3770313 i=-1120606 chg=Discharging online=0
up=26758 write=ok timing=10 (mmc HS400) clock=200000000 Hz apss_shut=638150 apss_xo=0 lpass_shut=114 vlow=0 vmin=0 susp_ok=10 susp_fail=0 cap=89 v=3725352 i=-1049805 chg=Discharging online=0
up=26788 write=ok timing=10 (mmc HS400) clock=200000000 Hz apss_shut=638250 apss_xo=0 lpass_shut=114 vlow=0 vmin=0 susp_ok=10 susp_fail=0 cap=89 v=4021979 i=-67596 chg=Discharging online=0
up=26818 write=ok timing=10 (mmc HS400) clock=200000000 Hz apss_shut=638729 apss_xo=0 lpass_shut=114 vlow=0 vmin=0 susp_ok=10 susp_fail=0 cap=89 v=3697130 i=-1185456 chg=Discharging online=0
up=26848 write=ok timing=10 (mmc HS400) clock=200000000 Hz apss_shut=638729 apss_xo=0 lpass_shut=114 vlow=0 vmin=0 susp_ok=10 susp_fail=0 cap=88 v=3655283 i=-1072388 chg=Discharging online=0
up=26879 write=ok timing=10 (mmc HS400) clock=200000000 Hz apss_shut=638729 apss_xo=0 lpass_shut=114 vlow=0 vmin=0 susp_ok=10 susp_fail=0 cap=88 v=3611879 i=-1012573 chg=Discharging online=0
up=26909 write=ok timing=10 (mmc HS400) clock=200000000 Hz apss_shut=638837 apss_xo=0 lpass_shut=114 vlow=0 vmin=0 susp_ok=10 susp_fail=0 cap=88 v=3929526 i=-194091 chg=Discharging online=0
up=26939 write=ok timing=10 (mmc HS400) clock=200000000 Hz apss_shut=639404 apss_xo=0 lpass_shut=114 vlow=0 vmin=0 susp_ok=10 susp_fail=0 cap=88 v=3998039 i=-277862 chg=Discharging online=0
up=26969 write=ok timing=10 (mmc HS400) clock=200000000 Hz apss_shut=639841 apss_xo=0 lpass_shut=114 vlow=0 vmin=0 susp_ok=10 susp_fail=0 cap=88 v=4048450 i=-137024 chg=Discharging online=0
up=26999 write=ok timing=10 (mmc HS400) clock=200000000 Hz apss_shut=640291 apss_xo=0 lpass_shut=114 vlow=0 vmin=0 susp_ok=10 susp_fail=0 cap=88 v=4063047 i=-66223 chg=Discharging online=0
up=27029 write=ok timing=10 (mmc HS400) clock=200000000 Hz apss_shut=640677 apss_xo=0 lpass_shut=114 vlow=0 vmin=0 susp_ok=10 susp_fail=0 cap=88 v=4070054 i=-62866 chg=Discharging online=0
up=27059 write=ok timing=10 (mmc HS400) clock=200000000 Hz apss_shut=641151 apss_xo=0 lpass_shut=114 vlow=0 vmin=0 susp_ok=10 susp_fail=0 cap=88 v=4042805 i=-238189 chg=Discharging online=0
up=27089 write=ok timing=10 (mmc HS400) clock=200000000 Hz apss_shut=641621 apss_xo=0 lpass_shut=114 vlow=0 vmin=0 susp_ok=10 susp_fail=0 cap=88 v=4077256 i=-83160 chg=Discharging online=0
up=27119 write=ok timing=10 (mmc HS400) clock=200000000 Hz apss_shut=642036 apss_xo=0 lpass_shut=114 vlow=0 vmin=0 susp_ok=10 susp_fail=0 cap=88 v=4082900 i=-61340 chg=Discharging online=0
up=27149 write=ok timing=10 (mmc HS400) clock=200000000 Hz apss_shut=642489 apss_xo=0 lpass_shut=114 vlow=0 vmin=0 susp_ok=10 susp_fail=0 cap=88 v=4081343 i=-154113 chg=Discharging online=0
up=27179 write=ok timing=10 (mmc HS400) clock=200000000 Hz apss_shut=642894 apss_xo=0 lpass_shut=114 vlow=0 vmin=0 susp_ok=10 susp_fail=0 cap=88 v=4078034 i=-105743 chg=Discharging online=0
up=27209 write=ok timing=10 (mmc HS400) clock=200000000 Hz apss_shut=643294 apss_xo=0 lpass_shut=114 vlow=0 vmin=0 susp_ok=10 susp_fail=0 cap=88 v=4078618 i=-164947 chg=Discharging online=0
up=27239 write=ok timing=10 (mmc HS400) clock=200000000 Hz apss_shut=643772 apss_xo=0 lpass_shut=114 vlow=0 vmin=0 susp_ok=10 susp_fail=0 cap=87 v=4066551 i=-64086 chg=Discharging online=0
up=27270 write=ok timing=10 (mmc HS400) clock=200000000 Hz apss_shut=644200 apss_xo=0 lpass_shut=114 vlow=0 vmin=0 susp_ok=10 susp_fail=0 cap=87 v=4084457 i=-197448 chg=Discharging online=0
up=27300 write=ok timing=10 (mmc HS400) clock=200000000 Hz apss_shut=644637 apss_xo=0 lpass_shut=114 vlow=0 vmin=0 susp_ok=10 susp_fail=0 cap=87 v=4081149 i=-59967 chg=Discharging online=0
up=27330 write=ok timing=10 (mmc HS400) clock=200000000 Hz apss_shut=645028 apss_xo=0 lpass_shut=114 vlow=0 vmin=0 susp_ok=10 susp_fail=0 cap=87 v=4085431 i=-60119 chg=Discharging online=0
up=27360 write=ok timing=10 (mmc HS400) clock=200000000 Hz apss_shut=645513 apss_xo=0 lpass_shut=114 vlow=0 vmin=0 susp_ok=10 susp_fail=0 cap=87 v=4074142 i=-108642 chg=Discharging online=0
up=27390 write=ok timing=10 (mmc HS400) clock=200000000 Hz apss_shut=645908 apss_xo=0 lpass_shut=114 vlow=0 vmin=0 susp_ok=10 susp_fail=0 cap=87 v=4085625 i=-60272 chg=Discharging online=0
up=27420 write=ok timing=10 (mmc HS400) clock=200000000 Hz apss_shut=646328 apss_xo=0 lpass_shut=114 vlow=0 vmin=0 susp_ok=10 susp_fail=0 cap=87 v=4082316 i=-70495 chg=Discharging online=0
up=27450 write=ok timing=10 (mmc HS400) clock=200000000 Hz apss_shut=646728 apss_xo=0 lpass_shut=114 vlow=0 vmin=0 susp_ok=10 susp_fail=0 cap=87 v=4084847 i=-60119 chg=Discharging online=0
up=27480 write=ok timing=10 (mmc HS400) clock=200000000 Hz apss_shut=647185 apss_xo=0 lpass_shut=114 vlow=0 vmin=0 susp_ok=10 susp_fail=0 cap=87 v=4083874 i=-175171 chg=Discharging online=0
up=27510 write=ok timing=10 (mmc HS400) clock=200000000 Hz apss_shut=647632 apss_xo=0 lpass_shut=114 vlow=0 vmin=0 susp_ok=10 susp_fail=0 cap=87 v=4075504 i=-104675 chg=Discharging online=0
up=27540 write=ok timing=10 (mmc HS400) clock=200000000 Hz apss_shut=648065 apss_xo=0 lpass_shut=114 vlow=0 vmin=0 susp_ok=10 susp_fail=0 cap=87 v=4069276 i=-106964 chg=Discharging online=0
up=27570 write=ok timing=10 (mmc HS400) clock=200000000 Hz apss_shut=648528 apss_xo=0 lpass_shut=114 vlow=0 vmin=0 susp_ok=10 susp_fail=0 cap=87 v=4080175 i=-110168 chg=Discharging online=0
up=27600 write=ok timing=10 (mmc HS400) clock=200000000 Hz apss_shut=648968 apss_xo=0 lpass_shut=114 vlow=0 vmin=0 susp_ok=10 susp_fail=0 cap=87 v=4083095 i=-60272 chg=Discharging online=0
up=27630 write=ok timing=10 (mmc HS400) clock=200000000 Hz apss_shut=649442 apss_xo=0 lpass_shut=114 vlow=0 vmin=0 susp_ok=10 susp_fail=0 cap=87 v=4071027 i=-173492 chg=Discharging online=0
up=28260 write=ok timing=10 (mmc HS400) clock=200000000 Hz apss_shut=650094 apss_xo=0 lpass_shut=115 vlow=0 vmin=0 susp_ok=11 susp_fail=0 cap=87 v=4057987 i=-136108 chg=Discharging online=0
up=28891 write=ok timing=10 (mmc HS400) clock=200000000 Hz apss_shut=651527 apss_xo=0 lpass_shut=116 vlow=0 vmin=0 susp_ok=12 susp_fail=0 cap=87 v=4056235 i=-182342 chg=Discharging online=0
up=29521 write=ok timing=10 (mmc HS400) clock=200000000 Hz apss_shut=652893 apss_xo=0 lpass_shut=117 vlow=0 vmin=0 susp_ok=13 susp_fail=0 cap=87 v=4043973 i=-148010 chg=Discharging online=0
up=30151 write=ok timing=10 (mmc HS400) clock=200000000 Hz apss_shut=654322 apss_xo=0 lpass_shut=118 vlow=0 vmin=0 susp_ok=14 susp_fail=0 cap=87 v=4046893 i=-97656 chg=Discharging online=0
up=30181 write=ok timing=10 (mmc HS400) clock=200000000 Hz apss_shut=655850 apss_xo=0 lpass_shut=118 vlow=0 vmin=0 susp_ok=14 susp_fail=0 cap=87 v=4043000 i=-113067 chg=Discharging online=0
up=30212 write=ok timing=10 (mmc HS400) clock=200000000 Hz apss_shut=657368 apss_xo=0 lpass_shut=118 vlow=0 vmin=0 susp_ok=14 susp_fail=0 cap=87 v=4043389 i=-101318 chg=Discharging online=0
up=30242 write=ok timing=10 (mmc HS400) clock=200000000 Hz apss_shut=658952 apss_xo=0 lpass_shut=118 vlow=0 vmin=0 susp_ok=14 susp_fail=0 cap=87 v=4042610 i=-97961 chg=Discharging online=0
up=30272 write=ok timing=10 (mmc HS400) clock=200000000 Hz apss_shut=660571 apss_xo=0 lpass_shut=118 vlow=0 vmin=0 susp_ok=14 susp_fail=0 cap=87 v=4034436 i=-222778 chg=Discharging online=0
up=30302 write=ok timing=10 (mmc HS400) clock=200000000 Hz apss_shut=662118 apss_xo=0 lpass_shut=118 vlow=0 vmin=0 susp_ok=14 susp_fail=0 cap=87 v=4038523 i=-112609 chg=Discharging online=0
up=30332 write=ok timing=10 (mmc HS400) clock=200000000 Hz apss_shut=663733 apss_xo=0 lpass_shut=118 vlow=0 vmin=0 susp_ok=14 susp_fail=0 cap=87 v=4035604 i=-135040 chg=Discharging online=0
up=30362 write=ok timing=10 (mmc HS400) clock=200000000 Hz apss_shut=665341 apss_xo=0 lpass_shut=118 vlow=0 vmin=0 susp_ok=14 susp_fail=0 cap=87 v=4037939 i=-89416 chg=Discharging online=0
up=30392 write=ok timing=10 (mmc HS400) clock=200000000 Hz apss_shut=666936 apss_xo=0 lpass_shut=118 vlow=0 vmin=0 susp_ok=14 susp_fail=0 cap=87 v=4035604 i=-149231 chg=Discharging online=0
up=30422 write=ok timing=10 (mmc HS400) clock=200000000 Hz apss_shut=668504 apss_xo=0 lpass_shut=118 vlow=0 vmin=0 susp_ok=14 susp_fail=0 cap=87 v=4022368 i=-148010 chg=Discharging online=0
up=30452 write=ok timing=10 (mmc HS400) clock=200000000 Hz apss_shut=670095 apss_xo=0 lpass_shut=118 vlow=0 vmin=0 susp_ok=14 susp_fail=0 cap=87 v=4036187 i=-89569 chg=Discharging online=0
up=30482 write=ok timing=10 (mmc HS400) clock=200000000 Hz apss_shut=671656 apss_xo=0 lpass_shut=118 vlow=0 vmin=0 susp_ok=14 susp_fail=0 cap=87 v=4035993 i=-93078 chg=Discharging online=0
up=30512 write=ok timing=10 (mmc HS400) clock=200000000 Hz apss_shut=673282 apss_xo=0 lpass_shut=118 vlow=0 vmin=0 susp_ok=14 susp_fail=0 cap=87 v=4033463 i=-93994 chg=Discharging online=0
up=30542 write=ok timing=10 (mmc HS400) clock=200000000 Hz apss_shut=674842 apss_xo=0 lpass_shut=118 vlow=0 vmin=0 susp_ok=14 susp_fail=0 cap=87 v=4018670 i=-173797 chg=Discharging online=0
up=30572 write=ok timing=10 (mmc HS400) clock=200000000 Hz apss_shut=676427 apss_xo=0 lpass_shut=118 vlow=0 vmin=0 susp_ok=14 susp_fail=0 cap=87 v=4028791 i=-89569 chg=Discharging online=0
up=30602 write=ok timing=10 (mmc HS400) clock=200000000 Hz apss_shut=678018 apss_xo=0 lpass_shut=118 vlow=0 vmin=0 susp_ok=14 susp_fail=0 cap=87 v=4032489 i=-95367 chg=Discharging online=0
up=30632 write=ok timing=10 (mmc HS400) clock=200000000 Hz apss_shut=679579 apss_xo=0 lpass_shut=118 vlow=0 vmin=0 susp_ok=14 susp_fail=0 cap=87 v=4028791 i=-97656 chg=Discharging online=0
up=30663 write=ok timing=10 (mmc HS400) clock=200000000 Hz apss_shut=681151 apss_xo=0 lpass_shut=118 vlow=0 vmin=0 susp_ok=14 susp_fail=0 cap=87 v=4013610 i=-248108 chg=Discharging online=0
up=30693 write=ok timing=10 (mmc HS400) clock=200000000 Hz apss_shut=682716 apss_xo=0 lpass_shut=118 vlow=0 vmin=0 susp_ok=14 susp_fail=0 cap=87 v=4029375 i=-131988 chg=Discharging online=0
up=30723 write=ok timing=10 (mmc HS400) clock=200000000 Hz apss_shut=684161 apss_xo=0 lpass_shut=118 vlow=0 vmin=0 susp_ok=14 susp_fail=0 cap=87 v=4019449 i=-144653 chg=Discharging online=0
up=30753 write=ok timing=10 (mmc HS400) clock=200000000 Hz apss_shut=685763 apss_xo=0 lpass_shut=118 vlow=0 vmin=0 susp_ok=14 susp_fail=0 cap=87 v=4022758 i=-107269 chg=Discharging online=0
up=30783 write=ok timing=10 (mmc HS400) clock=200000000 Hz apss_shut=687342 apss_xo=0 lpass_shut=118 vlow=0 vmin=0 susp_ok=14 susp_fail=0 cap=87 v=4028986 i=-172119 chg=Discharging online=0
up=30813 write=ok timing=10 (mmc HS400) clock=200000000 Hz apss_shut=688795 apss_xo=0 lpass_shut=118 vlow=0 vmin=0 susp_ok=14 susp_fail=0 cap=86 v=4010106 i=-169983 chg=Discharging online=0
up=30843 write=ok timing=10 (mmc HS400) clock=200000000 Hz apss_shut=690430 apss_xo=0 lpass_shut=118 vlow=0 vmin=0 susp_ok=14 susp_fail=0 cap=86 v=4026650 i=-87585 chg=Discharging online=0
up=30873 write=ok timing=10 (mmc HS400) clock=200000000 Hz apss_shut=692031 apss_xo=0 lpass_shut=118 vlow=0 vmin=0 susp_ok=14 susp_fail=0 cap=86 v=4022758 i=-90026 chg=Discharging online=0
up=30903 write=ok timing=10 (mmc HS400) clock=200000000 Hz apss_shut=693659 apss_xo=0 lpass_shut=118 vlow=0 vmin=0 susp_ok=14 susp_fail=0 cap=86 v=3988112 i=-269775 chg=Discharging online=0
up=30933 write=ok timing=10 (mmc HS400) clock=200000000 Hz apss_shut=695252 apss_xo=0 lpass_shut=118 vlow=0 vmin=0 susp_ok=14 susp_fail=0 cap=86 v=4007576 i=-267029 chg=Discharging online=0
up=30963 write=ok timing=10 (mmc HS400) clock=200000000 Hz apss_shut=696821 apss_xo=0 lpass_shut=118 vlow=0 vmin=0 susp_ok=14 susp_fail=0 cap=86 v=4024509 i=-91400 chg=Discharging online=0
up=30993 write=ok timing=10 (mmc HS400) clock=200000000 Hz apss_shut=698402 apss_xo=0 lpass_shut=118 vlow=0 vmin=0 susp_ok=14 susp_fail=0 cap=86 v=4022368 i=-99487 chg=Discharging online=0
up=31023 write=ok timing=10 (mmc HS400) clock=200000000 Hz apss_shut=700042 apss_xo=0 lpass_shut=118 vlow=0 vmin=0 susp_ok=14 susp_fail=0 cap=86 v=4023731 i=-93383 chg=Discharging online=0
up=31053 write=ok timing=10 (mmc HS400) clock=200000000 Hz apss_shut=701614 apss_xo=0 lpass_shut=118 vlow=0 vmin=0 susp_ok=14 susp_fail=0 cap=86 v=4015361 i=-217285 chg=Discharging online=0
up=31083 write=ok timing=10 (mmc HS400) clock=200000000 Hz apss_shut=703237 apss_xo=0 lpass_shut=118 vlow=0 vmin=0 susp_ok=14 susp_fail=0 cap=86 v=4020422 i=-139770 chg=Discharging online=0
up=31114 write=ok timing=10 (mmc HS400) clock=200000000 Hz apss_shut=704814 apss_xo=0 lpass_shut=118 vlow=0 vmin=0 susp_ok=14 susp_fail=0 cap=86 v=4019449 i=-90179 chg=Discharging online=0
up=31144 write=ok timing=10 (mmc HS400) clock=200000000 Hz apss_shut=706389 apss_xo=0 lpass_shut=118 vlow=0 vmin=0 susp_ok=14 susp_fail=0 cap=86 v=4005046 i=-136566 chg=Discharging online=0
up=31174 write=ok timing=10 (mmc HS400) clock=200000000 Hz apss_shut=707906 apss_xo=0 lpass_shut=118 vlow=0 vmin=0 susp_ok=14 susp_fail=0 cap=86 v=3996676 i=-185547 chg=Discharging online=0
up=31204 write=ok timing=10 (mmc HS400) clock=200000000 Hz apss_shut=709510 apss_xo=0 lpass_shut=118 vlow=0 vmin=0 susp_ok=14 susp_fail=0 cap=86 v=4019643 i=-90026 chg=Discharging online=0
up=31234 write=ok timing=10 (mmc HS400) clock=200000000 Hz apss_shut=711044 apss_xo=0 lpass_shut=118 vlow=0 vmin=0 susp_ok=14 susp_fail=0 cap=86 v=4017697 i=-92773 chg=Discharging online=0
up=31264 write=ok timing=10 (mmc HS400) clock=200000000 Hz apss_shut=712590 apss_xo=0 lpass_shut=118 vlow=0 vmin=0 susp_ok=14 susp_fail=0 cap=86 v=4015556 i=-90637 chg=Discharging online=0
up=31294 write=ok timing=10 (mmc HS400) clock=200000000 Hz apss_shut=714170 apss_xo=0 lpass_shut=118 vlow=0 vmin=0 susp_ok=14 susp_fail=0 cap=86 v=4018086 i=-167083 chg=Discharging online=0
up=31324 write=ok timing=10 (mmc HS400) clock=200000000 Hz apss_shut=715790 apss_xo=0 lpass_shut=118 vlow=0 vmin=0 susp_ok=14 susp_fail=0 cap=86 v=4018281 i=-117034 chg=Discharging online=0
up=31354 write=ok timing=10 (mmc HS400) clock=200000000 Hz apss_shut=717285 apss_xo=0 lpass_shut=118 vlow=0 vmin=0 susp_ok=14 susp_fail=0 cap=86 v=4014583 i=-89569 chg=Discharging online=0
up=31384 write=ok timing=10 (mmc HS400) clock=200000000 Hz apss_shut=718873 apss_xo=0 lpass_shut=118 vlow=0 vmin=0 susp_ok=14 susp_fail=0 cap=86 v=4009328 i=-97198 chg=Discharging online=0
up=31414 write=ok timing=10 (mmc HS400) clock=200000000 Hz apss_shut=720421 apss_xo=0 lpass_shut=118 vlow=0 vmin=0 susp_ok=14 susp_fail=0 cap=86 v=4015556 i=-193481 chg=Discharging online=0
up=31444 write=ok timing=10 (mmc HS400) clock=200000000 Hz apss_shut=721913 apss_xo=0 lpass_shut=118 vlow=0 vmin=0 susp_ok=14 susp_fail=0 cap=86 v=4011858 i=-91095 chg=Discharging online=0
up=31474 write=ok timing=10 (mmc HS400) clock=200000000 Hz apss_shut=723473 apss_xo=0 lpass_shut=118 vlow=0 vmin=0 susp_ok=14 susp_fail=0 cap=86 v=4014777 i=-88501 chg=Discharging online=0
up=31504 write=ok timing=10 (mmc HS400) clock=200000000 Hz apss_shut=724974 apss_xo=0 lpass_shut=118 vlow=0 vmin=0 susp_ok=14 susp_fail=0 cap=86 v=4005629 i=-187988 chg=Discharging online=0
up=31535 write=ok timing=10 (mmc HS400) clock=200000000 Hz apss_shut=726464 apss_xo=0 lpass_shut=118 vlow=0 vmin=0 susp_ok=14 susp_fail=0 cap=86 v=3997455 i=-182495 chg=Discharging online=0
up=31565 write=ok timing=10 (mmc HS400) clock=200000000 Hz apss_shut=727970 apss_xo=0 lpass_shut=118 vlow=0 vmin=0 susp_ok=14 susp_fail=0 cap=86 v=4011079 i=-91857 chg=Discharging online=0
up=31595 write=ok timing=10 (mmc HS400) clock=200000000 Hz apss_shut=729524 apss_xo=0 lpass_shut=118 vlow=0 vmin=0 susp_ok=14 susp_fail=0 cap=86 v=4010301 i=-92315 chg=Discharging online=0
up=31625 write=ok timing=10 (mmc HS400) clock=200000000 Hz apss_shut=731100 apss_xo=0 lpass_shut=118 vlow=0 vmin=0 susp_ok=14 susp_fail=0 cap=86 v=3981884 i=-173492 chg=Discharging online=0
up=31655 write=ok timing=10 (mmc HS400) clock=200000000 Hz apss_shut=732658 apss_xo=0 lpass_shut=118 vlow=0 vmin=0 susp_ok=14 susp_fail=0 cap=86 v=4012636 i=-96435 chg=Discharging online=0
up=31685 write=ok timing=10 (mmc HS400) clock=200000000 Hz apss_shut=734220 apss_xo=0 lpass_shut=118 vlow=0 vmin=0 susp_ok=14 susp_fail=0 cap=86 v=4004656 i=-104980 chg=Discharging online=0
up=31715 write=ok timing=10 (mmc HS400) clock=200000000 Hz apss_shut=735816 apss_xo=0 lpass_shut=118 vlow=0 vmin=0 susp_ok=14 susp_fail=0 cap=86 v=4012247 i=-96740 chg=Discharging online=0
up=31745 write=ok timing=10 (mmc HS400) clock=200000000 Hz apss_shut=737393 apss_xo=0 lpass_shut=118 vlow=0 vmin=0 susp_ok=14 susp_fail=0 cap=86 v=3991226 i=-245666 chg=Discharging online=0
up=31775 write=ok timing=10 (mmc HS400) clock=200000000 Hz apss_shut=738972 apss_xo=0 lpass_shut=118 vlow=0 vmin=0 susp_ok=14 susp_fail=0 cap=86 v=4009328 i=-95825 chg=Discharging online=0
up=31805 write=ok timing=10 (mmc HS400) clock=200000000 Hz apss_shut=740579 apss_xo=0 lpass_shut=118 vlow=0 vmin=0 susp_ok=14 susp_fail=0 cap=85 v=3991226 i=-159301 chg=Discharging online=0
up=31835 write=ok timing=10 (mmc HS400) clock=200000000 Hz apss_shut=742161 apss_xo=0 lpass_shut=118 vlow=0 vmin=0 susp_ok=14 susp_fail=0 cap=85 v=4006992 i=-92315 chg=Discharging online=0
up=31865 write=ok timing=10 (mmc HS400) clock=200000000 Hz apss_shut=743718 apss_xo=0 lpass_shut=118 vlow=0 vmin=0 susp_ok=14 susp_fail=0 cap=85 v=4004851 i=-229339 chg=Discharging online=0
up=31895 write=ok timing=10 (mmc HS400) clock=200000000 Hz apss_shut=745303 apss_xo=0 lpass_shut=118 vlow=0 vmin=0 susp_ok=14 susp_fail=0 cap=85 v=4006992 i=-101623 chg=Discharging online=0
up=31925 write=ok timing=10 (mmc HS400) clock=200000000 Hz apss_shut=746888 apss_xo=0 lpass_shut=118 vlow=0 vmin=0 susp_ok=14 susp_fail=0 cap=85 v=4007770 i=-89263 chg=Discharging online=0
up=31956 write=ok timing=10 (mmc HS400) clock=200000000 Hz apss_shut=748399 apss_xo=0 lpass_shut=118 vlow=0 vmin=0 susp_ok=14 susp_fail=0 cap=85 v=4006019 i=-158386 chg=Discharging online=0
up=31986 write=ok timing=10 (mmc HS400) clock=200000000 Hz apss_shut=749938 apss_xo=0 lpass_shut=118 vlow=0 vmin=0 susp_ok=14 susp_fail=0 cap=85 v=4006992 i=-93231 chg=Discharging online=0
up=32016 write=ok timing=10 (mmc HS400) clock=200000000 Hz apss_shut=751528 apss_xo=0 lpass_shut=118 vlow=0 vmin=0 susp_ok=14 susp_fail=0 cap=85 v=4004462 i=-90637 chg=Discharging online=0
up=32046 write=ok timing=10 (mmc HS400) clock=200000000 Hz apss_shut=753074 apss_xo=0 lpass_shut=118 vlow=0 vmin=0 susp_ok=14 susp_fail=0 cap=85 v=4004267 i=-98419 chg=Discharging online=0
up=32076 write=ok timing=10 (mmc HS400) clock=200000000 Hz apss_shut=754576 apss_xo=0 lpass_shut=118 vlow=0 vmin=0 susp_ok=14 susp_fail=0 cap=85 v=3998233 i=-279846 chg=Discharging online=0
up=32106 write=ok timing=10 (mmc HS400) clock=200000000 Hz apss_shut=756176 apss_xo=0 lpass_shut=118 vlow=0 vmin=0 susp_ok=14 susp_fail=0 cap=85 v=3990059 i=-139312 chg=Discharging online=0
up=32136 write=ok timing=10 (mmc HS400) clock=200000000 Hz apss_shut=757726 apss_xo=0 lpass_shut=118 vlow=0 vmin=0 susp_ok=14 susp_fail=0 cap=85 v=4003488 i=-89721 chg=Discharging online=0
up=32166 write=ok timing=10 (mmc HS400) clock=200000000 Hz apss_shut=759327 apss_xo=0 lpass_shut=118 vlow=0 vmin=0 susp_ok=14 susp_fail=0 cap=85 v=3998428 i=-90789 chg=Discharging online=0
up=32196 write=ok timing=10 (mmc HS400) clock=200000000 Hz apss_shut=760899 apss_xo=0 lpass_shut=118 vlow=0 vmin=0 susp_ok=14 susp_fail=0 cap=85 v=3987917 i=-236969 chg=Discharging online=0
up=32226 write=ok timing=10 (mmc HS400) clock=200000000 Hz apss_shut=762449 apss_xo=0 lpass_shut=118 vlow=0 vmin=0 susp_ok=14 susp_fail=0 cap=85 v=4001347 i=-94757 chg=Discharging online=0
up=32256 write=ok timing=10 (mmc HS400) clock=200000000 Hz apss_shut=764040 apss_xo=0 lpass_shut=118 vlow=0 vmin=0 susp_ok=14 susp_fail=0 cap=85 v=4001542 i=-89416 chg=Discharging online=0
up=32286 write=ok timing=10 (mmc HS400) clock=200000000 Hz apss_shut=765636 apss_xo=0 lpass_shut=118 vlow=0 vmin=0 susp_ok=14 susp_fail=0 cap=85 v=3997649 i=-111694 chg=Discharging online=0
up=32316 write=ok timing=10 (mmc HS400) clock=200000000 Hz apss_shut=767140 apss_xo=0 lpass_shut=118 vlow=0 vmin=0 susp_ok=14 susp_fail=0 cap=85 v=3998817 i=-213318 chg=Discharging online=0
up=32346 write=ok timing=10 (mmc HS400) clock=200000000 Hz apss_shut=768669 apss_xo=0 lpass_shut=118 vlow=0 vmin=0 susp_ok=14 susp_fail=0 cap=85 v=3994924 i=-111084 chg=Discharging online=0
up=32376 write=ok timing=10 (mmc HS400) clock=200000000 Hz apss_shut=770167 apss_xo=0 lpass_shut=118 vlow=0 vmin=0 susp_ok=14 susp_fail=0 cap=85 v=3989669 i=-183715 chg=Discharging online=0
up=32407 write=ok timing=10 (mmc HS400) clock=200000000 Hz apss_shut=771744 apss_xo=0 lpass_shut=118 vlow=0 vmin=0 susp_ok=14 susp_fail=0 cap=85 v=4000569 i=-214843 chg=Discharging online=0
up=32437 write=ok timing=10 (mmc HS400) clock=200000000 Hz apss_shut=773327 apss_xo=0 lpass_shut=118 vlow=0 vmin=0 susp_ok=14 susp_fail=0 cap=85 v=3975071 i=-167389 chg=Discharging online=0
up=32467 write=ok timing=10 (mmc HS400) clock=200000000 Hz apss_shut=774917 apss_xo=0 lpass_shut=118 vlow=0 vmin=0 susp_ok=14 susp_fail=0 cap=85 v=3992978 i=-97961 chg=Discharging online=0
up=32497 write=ok timing=10 (mmc HS400) clock=200000000 Hz apss_shut=776467 apss_xo=0 lpass_shut=118 vlow=0 vmin=0 susp_ok=14 susp_fail=0 cap=85 v=3999012 i=-94146 chg=Discharging online=0
up=32527 write=ok timing=10 (mmc HS400) clock=200000000 Hz apss_shut=778081 apss_xo=0 lpass_shut=118 vlow=0 vmin=0 susp_ok=14 susp_fail=0 cap=85 v=3998233 i=-160827 chg=Discharging online=0
up=32557 write=ok timing=10 (mmc HS400) clock=200000000 Hz apss_shut=779673 apss_xo=0 lpass_shut=118 vlow=0 vmin=0 susp_ok=14 susp_fail=0 cap=85 v=3995898 i=-103454 chg=Discharging online=0
up=32587 write=ok timing=10 (mmc HS400) clock=200000000 Hz apss_shut=781264 apss_xo=0 lpass_shut=118 vlow=0 vmin=0 susp_ok=14 susp_fail=0 cap=85 v=3976629 i=-148468 chg=Discharging online=0
up=32617 write=ok timing=10 (mmc HS400) clock=200000000 Hz apss_shut=782787 apss_xo=0 lpass_shut=118 vlow=0 vmin=0 susp_ok=14 susp_fail=0 cap=85 v=3993173 i=-107574 chg=Discharging online=0
up=32647 write=ok timing=10 (mmc HS400) clock=200000000 Hz apss_shut=784374 apss_xo=0 lpass_shut=118 vlow=0 vmin=0 susp_ok=14 susp_fail=0 cap=85 v=3995508 i=-212402 chg=Discharging online=0
up=32677 write=ok timing=10 (mmc HS400) clock=200000000 Hz apss_shut=785895 apss_xo=0 lpass_shut=118 vlow=0 vmin=0 susp_ok=14 susp_fail=0 cap=85 v=3992200 i=-121917 chg=Discharging online=0
up=32707 write=ok timing=10 (mmc HS400) clock=200000000 Hz apss_shut=787038 apss_xo=0 lpass_shut=118 vlow=0 vmin=0 susp_ok=14 susp_fail=0 cap=85 v=3988307 i=-97503 chg=Charging online=1
up=32737 write=ok timing=10 (mmc HS400) clock=200000000 Hz apss_shut=787277 apss_xo=0 lpass_shut=118 vlow=0 vmin=0 susp_ok=14 susp_fail=0 cap=85 v=4117351 i=116882 chg=Charging online=1
up=32767 write=ok timing=10 (mmc HS400) clock=200000000 Hz apss_shut=788603 apss_xo=0 lpass_shut=118 vlow=0 vmin=0 susp_ok=14 susp_fail=0 cap=85 v=4210193 i=415344 chg=Charging online=1
up=32797 write=ok timing=10 (mmc HS400) clock=200000000 Hz apss_shut=789256 apss_xo=0 lpass_shut=118 vlow=0 vmin=0 susp_ok=14 susp_fail=0 cap=85 v=4237053 i=326996 chg=Charging online=1
up=32828 write=ok timing=10 (mmc HS400) clock=200000000 Hz apss_shut=789799 apss_xo=0 lpass_shut=118 vlow=0 vmin=0 susp_ok=14 susp_fail=0 cap=85 v=4237442 i=393829 chg=Charging online=1
up=32858 write=ok timing=10 (mmc HS400) clock=200000000 Hz apss_shut=790317 apss_xo=0 lpass_shut=118 vlow=0 vmin=0 susp_ok=14 susp_fail=0 cap=85 v=4259825 i=370941 chg=Charging online=1
up=32888 write=ok timing=10 (mmc HS400) clock=200000000 Hz apss_shut=790836 apss_xo=0 lpass_shut=118 vlow=0 vmin=0 susp_ok=14 susp_fail=0 cap=85 v=4267611 i=446167 chg=Charging online=1
up=32918 write=ok timing=10 (mmc HS400) clock=200000000 Hz apss_shut=791408 apss_xo=0 lpass_shut=118 vlow=0 vmin=0 susp_ok=14 susp_fail=0 cap=85 v=4273255 i=426025 chg=Charging online=1
up=32948 write=ok timing=10 (mmc HS400) clock=200000000 Hz apss_shut=791941 apss_xo=0 lpass_shut=118 vlow=0 vmin=0 susp_ok=14 susp_fail=0 cap=85 v=4264302 i=366211 chg=Charging online=1
up=32978 write=ok timing=10 (mmc HS400) clock=200000000 Hz apss_shut=792478 apss_xo=0 lpass_shut=118 vlow=0 vmin=0 susp_ok=14 susp_fail=0 cap=86 v=4283376 i=445251 chg=Charging online=1
up=33008 write=ok timing=10 (mmc HS400) clock=200000000 Hz apss_shut=793004 apss_xo=0 lpass_shut=118 vlow=0 vmin=0 susp_ok=14 susp_fail=0 cap=86 v=4288048 i=353546 chg=Charging online=1
up=33038 write=ok timing=10 (mmc HS400) clock=200000000 Hz apss_shut=793568 apss_xo=0 lpass_shut=118 vlow=0 vmin=0 susp_ok=14 susp_fail=0 cap=86 v=4284739 i=441437 chg=Charging online=1
up=33068 write=ok timing=10 (mmc HS400) clock=200000000 Hz apss_shut=794047 apss_xo=0 lpass_shut=118 vlow=0 vmin=0 susp_ok=14 susp_fail=0 cap=86 v=4284350 i=400543 chg=Charging online=1
up=33098 write=ok timing=10 (mmc HS400) clock=200000000 Hz apss_shut=794627 apss_xo=0 lpass_shut=118 vlow=0 vmin=0 susp_ok=14 susp_fail=0 cap=86 v=4299726 i=335846 chg=Charging online=1
up=33128 write=ok timing=10 (mmc HS400) clock=200000000 Hz apss_shut=795165 apss_xo=0 lpass_shut=118 vlow=0 vmin=0 susp_ok=14 susp_fail=0 cap=86 v=4303619 i=442200 chg=Charging online=1
up=33158 write=ok timing=10 (mmc HS400) clock=200000000 Hz apss_shut=795729 apss_xo=0 lpass_shut=118 vlow=0 vmin=0 susp_ok=14 susp_fail=0 cap=86 v=4304008 i=380401 chg=Charging online=1
up=33188 write=ok timing=10 (mmc HS400) clock=200000000 Hz apss_shut=796278 apss_xo=0 lpass_shut=118 vlow=0 vmin=0 susp_ok=14 susp_fail=0 cap=86 v=4309847 i=442352 chg=Charging online=1
up=33218 write=ok timing=10 (mmc HS400) clock=200000000 Hz apss_shut=796782 apss_xo=0 lpass_shut=118 vlow=0 vmin=0 susp_ok=14 susp_fail=0 cap=86 v=4312767 i=441742 chg=Charging online=1
up=33249 write=ok timing=10 (mmc HS400) clock=200000000 Hz apss_shut=797300 apss_xo=0 lpass_shut=118 vlow=0 vmin=0 susp_ok=14 susp_fail=0 cap=87 v=4301088 i=308532 chg=Charging online=1
up=33279 write=ok timing=10 (mmc HS400) clock=200000000 Hz apss_shut=797839 apss_xo=0 lpass_shut=118 vlow=0 vmin=0 susp_ok=14 susp_fail=0 cap=87 v=4307706 i=400543 chg=Charging online=1
up=33309 write=ok timing=10 (mmc HS400) clock=200000000 Hz apss_shut=798369 apss_xo=0 lpass_shut=118 vlow=0 vmin=0 susp_ok=14 susp_fail=0 cap=87 v=4317049 i=440521 chg=Charging online=1
up=33339 write=ok timing=10 (mmc HS400) clock=200000000 Hz apss_shut=798909 apss_xo=0 lpass_shut=118 vlow=0 vmin=0 susp_ok=14 susp_fail=0 cap=87 v=4324250 i=424957 chg=Charging online=1
up=33369 write=ok timing=10 (mmc HS400) clock=200000000 Hz apss_shut=799460 apss_xo=0 lpass_shut=118 vlow=0 vmin=0 susp_ok=14 susp_fail=0 cap=87 v=4328532 i=441131 chg=Charging online=1
up=33399 write=ok timing=10 (mmc HS400) clock=200000000 Hz apss_shut=799987 apss_xo=0 lpass_shut=118 vlow=0 vmin=0 susp_ok=14 susp_fail=0 cap=87 v=4324445 i=366058 chg=Charging online=1
up=33429 write=ok timing=10 (mmc HS400) clock=200000000 Hz apss_shut=800497 apss_xo=0 lpass_shut=118 vlow=0 vmin=0 susp_ok=14 susp_fail=0 cap=87 v=4334177 i=440521 chg=Charging online=1
up=33459 write=ok timing=10 (mmc HS400) clock=200000000 Hz apss_shut=801035 apss_xo=0 lpass_shut=118 vlow=0 vmin=0 susp_ok=14 susp_fail=0 cap=87 v=4328922 i=399780 chg=Charging online=1
up=33489 write=ok timing=10 (mmc HS400) clock=200000000 Hz apss_shut=801569 apss_xo=0 lpass_shut=118 vlow=0 vmin=0 susp_ok=14 susp_fail=0 cap=87 v=4324445 i=335388 chg=Charging online=1
up=33519 write=ok timing=10 (mmc HS400) clock=200000000 Hz apss_shut=802067 apss_xo=0 lpass_shut=118 vlow=0 vmin=0 susp_ok=14 susp_fail=0 cap=88 v=4334177 i=398254 chg=Charging online=1
up=33549 write=ok timing=10 (mmc HS400) clock=200000000 Hz apss_shut=802622 apss_xo=0 lpass_shut=118 vlow=0 vmin=0 susp_ok=14 susp_fail=0 cap=88 v=4331452 i=291748 chg=Charging online=1
up=33579 write=ok timing=10 (mmc HS400) clock=200000000 Hz apss_shut=803141 apss_xo=0 lpass_shut=118 vlow=0 vmin=0 susp_ok=14 susp_fail=0 cap=88 v=4347607 i=436401 chg=Charging online=1
up=33609 write=ok timing=10 (mmc HS400) clock=200000000 Hz apss_shut=803682 apss_xo=0 lpass_shut=118 vlow=0 vmin=0 susp_ok=14 susp_fail=0 cap=88 v=4332425 i=383758 chg=Charging online=1
up=33639 write=ok timing=10 (mmc HS400) clock=200000000 Hz apss_shut=804210 apss_xo=0 lpass_shut=118 vlow=0 vmin=0 susp_ok=14 susp_fail=0 cap=88 v=4335928 i=322876 chg=Charging online=1
up=33670 write=ok timing=10 (mmc HS400) clock=200000000 Hz apss_shut=804745 apss_xo=0 lpass_shut=118 vlow=0 vmin=0 susp_ok=14 susp_fail=0 cap=88 v=4355587 i=438385 chg=Charging online=1
up=33700 write=ok timing=10 (mmc HS400) clock=200000000 Hz apss_shut=805265 apss_xo=0 lpass_shut=118 vlow=0 vmin=0 susp_ok=14 susp_fail=0 cap=88 v=4356949 i=332031 chg=Charging online=1
up=33730 write=ok timing=10 (mmc HS400) clock=200000000 Hz apss_shut=805784 apss_xo=0 lpass_shut=118 vlow=0 vmin=0 susp_ok=14 susp_fail=0 cap=88 v=4360453 i=437774 chg=Charging online=1
up=33760 write=ok timing=10 (mmc HS400) clock=200000000 Hz apss_shut=806291 apss_xo=0 lpass_shut=118 vlow=0 vmin=0 susp_ok=14 susp_fail=0 cap=89 v=4360647 i=437774 chg=Charging online=1
up=33790 write=ok timing=10 (mmc HS400) clock=200000000 Hz apss_shut=806841 apss_xo=0 lpass_shut=118 vlow=0 vmin=0 susp_ok=14 susp_fail=0 cap=89 v=4297390 i=218048 chg=Charging online=1
up=33820 write=ok timing=10 (mmc HS400) clock=200000000 Hz apss_shut=807359 apss_xo=0 lpass_shut=118 vlow=0 vmin=0 susp_ok=14 susp_fail=0 cap=89 v=4368433 i=438080 chg=Charging online=1
up=33850 write=ok timing=10 (mmc HS400) clock=200000000 Hz apss_shut=807893 apss_xo=0 lpass_shut=118 vlow=0 vmin=0 susp_ok=14 susp_fail=0 cap=89 v=4369211 i=429077 chg=Charging online=1
up=33880 write=ok timing=10 (mmc HS400) clock=200000000 Hz apss_shut=808415 apss_xo=0 lpass_shut=118 vlow=0 vmin=0 susp_ok=14 susp_fail=0 cap=89 v=4364540 i=396271 chg=Charging online=1
up=33910 write=ok timing=10 (mmc HS400) clock=200000000 Hz apss_shut=808919 apss_xo=0 lpass_shut=118 vlow=0 vmin=0 susp_ok=14 susp_fail=0 cap=89 v=4376608 i=436096 chg=Charging online=1
up=33940 write=ok timing=10 (mmc HS400) clock=200000000 Hz apss_shut=809450 apss_xo=0 lpass_shut=118 vlow=0 vmin=0 susp_ok=14 susp_fail=0 cap=89 v=4378749 i=363769 chg=Charging online=1
up=33970 write=ok timing=10 (mmc HS400) clock=200000000 Hz apss_shut=809986 apss_xo=0 lpass_shut=118 vlow=0 vmin=0 susp_ok=14 susp_fail=0 cap=89 v=4378749 i=413666 chg=Charging online=1
up=34000 write=ok timing=10 (mmc HS400) clock=200000000 Hz apss_shut=810522 apss_xo=0 lpass_shut=118 vlow=0 vmin=0 susp_ok=14 susp_fail=0 cap=89 v=4368627 i=388641 chg=Charging online=1
up=34030 write=ok timing=10 (mmc HS400) clock=200000000 Hz apss_shut=811033 apss_xo=0 lpass_shut=118 vlow=0 vmin=0 susp_ok=14 susp_fail=0 cap=90 v=4380890 i=397644 chg=Charging online=1
up=34060 write=ok timing=10 (mmc HS400) clock=200000000 Hz apss_shut=811543 apss_xo=0 lpass_shut=118 vlow=0 vmin=0 susp_ok=14 susp_fail=0 cap=90 v=4387897 i=435333 chg=Charging online=1
up=34090 write=ok timing=10 (mmc HS400) clock=200000000 Hz apss_shut=812006 apss_xo=0 lpass_shut=118 vlow=0 vmin=0 susp_ok=14 susp_fail=0 cap=90 v=4384393 i=355377 chg=Charging online=1
up=34121 write=ok timing=10 (mmc HS400) clock=200000000 Hz apss_shut=812525 apss_xo=0 lpass_shut=118 vlow=0 vmin=0 susp_ok=14 susp_fail=0 cap=90 v=4392373 i=426025 chg=Charging online=1
up=34151 write=ok timing=10 (mmc HS400) clock=200000000 Hz apss_shut=813029 apss_xo=0 lpass_shut=118 vlow=0 vmin=0 susp_ok=14 susp_fail=0 cap=90 v=4395682 i=433655 chg=Charging online=1
up=34181 write=ok timing=10 (mmc HS400) clock=200000000 Hz apss_shut=813576 apss_xo=0 lpass_shut=118 vlow=0 vmin=0 susp_ok=14 susp_fail=0 cap=90 v=4397239 i=407867 chg=Charging online=1
up=34211 write=ok timing=10 (mmc HS400) clock=200000000 Hz apss_shut=814109 apss_xo=0 lpass_shut=118 vlow=0 vmin=0 susp_ok=14 susp_fail=0 cap=90 v=4399964 i=434112 chg=Charging online=1
up=34241 write=ok timing=10 (mmc HS400) clock=200000000 Hz apss_shut=814637 apss_xo=0 lpass_shut=118 vlow=0 vmin=0 susp_ok=14 susp_fail=0 cap=90 v=4388091 i=297699 chg=Charging online=1
up=34271 write=ok timing=10 (mmc HS400) clock=200000000 Hz apss_shut=815116 apss_xo=0 lpass_shut=118 vlow=0 vmin=0 susp_ok=14 susp_fail=0 cap=91 v=4393152 i=392608 chg=Charging online=1
up=34301 write=ok timing=10 (mmc HS400) clock=200000000 Hz apss_shut=815682 apss_xo=0 lpass_shut=118 vlow=0 vmin=0 susp_ok=14 susp_fail=0 cap=91 v=4405803 i=433044 chg=Charging online=1
up=34331 write=ok timing=10 (mmc HS400) clock=200000000 Hz apss_shut=816209 apss_xo=0 lpass_shut=118 vlow=0 vmin=0 susp_ok=14 susp_fail=0 cap=91 v=4399769 i=298462 chg=Charging online=1
up=34361 write=ok timing=10 (mmc HS400) clock=200000000 Hz apss_shut=816745 apss_xo=0 lpass_shut=118 vlow=0 vmin=0 susp_ok=14 susp_fail=0 cap=91 v=4410864 i=434418 chg=Charging online=1
up=34391 write=ok timing=10 (mmc HS400) clock=200000000 Hz apss_shut=817256 apss_xo=0 lpass_shut=118 vlow=0 vmin=0 susp_ok=14 susp_fail=0 cap=91 v=4413199 i=363006 chg=Charging online=1
up=34421 write=ok timing=10 (mmc HS400) clock=200000000 Hz apss_shut=818323 apss_xo=0 lpass_shut=118 vlow=0 vmin=0 susp_ok=14 susp_fail=0 cap=91 v=4405414 i=428772 chg=Charging online=1
up=34451 write=ok timing=10 (mmc HS400) clock=200000000 Hz apss_shut=819360 apss_xo=0 lpass_shut=118 vlow=0 vmin=0 susp_ok=14 susp_fail=0 cap=91 v=4413589 i=422516 chg=Charging online=1
up=34481 write=ok timing=10 (mmc HS400) clock=200000000 Hz apss_shut=820002 apss_xo=0 lpass_shut=118 vlow=0 vmin=0 susp_ok=14 susp_fail=0 cap=91 v=4390816 i=318298 chg=Charging online=1
up=34511 write=ok timing=10 (mmc HS400) clock=200000000 Hz apss_shut=820557 apss_xo=0 lpass_shut=118 vlow=0 vmin=0 susp_ok=14 susp_fail=0 cap=91 v=4413199 i=408325 chg=Charging online=1
up=34542 write=ok timing=10 (mmc HS400) clock=200000000 Hz apss_shut=821149 apss_xo=0 lpass_shut=118 vlow=0 vmin=0 susp_ok=14 susp_fail=0 cap=92 v=4413589 i=401153 chg=Charging online=1
up=34572 write=ok timing=10 (mmc HS400) clock=200000000 Hz apss_shut=821723 apss_xo=0 lpass_shut=118 vlow=0 vmin=0 susp_ok=14 susp_fail=0 cap=92 v=4413783 i=398559 chg=Charging online=1
up=34602 write=ok timing=10 (mmc HS400) clock=200000000 Hz apss_shut=822264 apss_xo=0 lpass_shut=118 vlow=0 vmin=0 susp_ok=14 susp_fail=0 cap=92 v=4412810 i=391693 chg=Charging online=1
up=34632 write=ok timing=10 (mmc HS400) clock=200000000 Hz apss_shut=822901 apss_xo=0 lpass_shut=118 vlow=0 vmin=0 susp_ok=14 susp_fail=0 cap=92 v=4401521 i=314789 chg=Charging online=1
up=34662 write=ok timing=10 (mmc HS400) clock=200000000 Hz apss_shut=823453 apss_xo=0 lpass_shut=118 vlow=0 vmin=0 susp_ok=14 susp_fail=0 cap=92 v=4413199 i=381927 chg=Charging online=1
up=34692 write=ok timing=10 (mmc HS400) clock=200000000 Hz apss_shut=824065 apss_xo=0 lpass_shut=118 vlow=0 vmin=0 susp_ok=14 susp_fail=0 cap=92 v=4412810 i=379333 chg=Charging online=1
up=34722 write=ok timing=10 (mmc HS400) clock=200000000 Hz apss_shut=824557 apss_xo=0 lpass_shut=118 vlow=0 vmin=0 susp_ok=14 susp_fail=0 cap=92 v=4413394 i=376587 chg=Charging online=1
up=34752 write=ok timing=10 (mmc HS400) clock=200000000 Hz apss_shut=825076 apss_xo=0 lpass_shut=118 vlow=0 vmin=0 susp_ok=14 susp_fail=0 cap=92 v=4413394 i=368957 chg=Charging online=1
up=34782 write=ok timing=10 (mmc HS400) clock=200000000 Hz apss_shut=825618 apss_xo=0 lpass_shut=118 vlow=0 vmin=0 susp_ok=14 susp_fail=0 cap=92 v=4411058 i=363922 chg=Charging online=1
up=34812 write=ok timing=10 (mmc HS400) clock=200000000 Hz apss_shut=826148 apss_xo=0 lpass_shut=118 vlow=0 vmin=0 susp_ok=14 susp_fail=0 cap=92 v=4413394 i=361938 chg=Charging online=1
up=34842 write=ok timing=10 (mmc HS400) clock=200000000 Hz apss_shut=826694 apss_xo=0 lpass_shut=118 vlow=0 vmin=0 susp_ok=14 susp_fail=0 cap=93 v=4413589 i=308075 chg=Charging online=1
up=34872 write=ok timing=10 (mmc HS400) clock=200000000 Hz apss_shut=827196 apss_xo=0 lpass_shut=118 vlow=0 vmin=0 susp_ok=14 susp_fail=0 cap=93 v=4413783 i=353851 chg=Charging online=1
up=34902 write=ok timing=10 (mmc HS400) clock=200000000 Hz apss_shut=827726 apss_xo=0 lpass_shut=118 vlow=0 vmin=0 susp_ok=14 susp_fail=0 cap=93 v=4413005 i=348358 chg=Charging online=1
up=34932 write=ok timing=10 (mmc HS400) clock=200000000 Hz apss_shut=828237 apss_xo=0 lpass_shut=118 vlow=0 vmin=0 susp_ok=14 susp_fail=0 cap=93 v=4411253 i=323639 chg=Charging online=1
up=34963 write=ok timing=10 (mmc HS400) clock=200000000 Hz apss_shut=828671 apss_xo=0 lpass_shut=118 vlow=0 vmin=0 susp_ok=14 susp_fail=0 cap=93 v=4413394 i=341949 chg=Charging online=1
up=34993 write=ok timing=10 (mmc HS400) clock=200000000 Hz apss_shut=829147 apss_xo=0 lpass_shut=118 vlow=0 vmin=0 susp_ok=14 susp_fail=0 cap=93 v=4413589 i=337524 chg=Charging online=1
up=35023 write=ok timing=10 (mmc HS400) clock=200000000 Hz apss_shut=829678 apss_xo=0 lpass_shut=118 vlow=0 vmin=0 susp_ok=14 susp_fail=0 cap=93 v=4413394 i=332947 chg=Charging online=1
up=35053 write=ok timing=10 (mmc HS400) clock=200000000 Hz apss_shut=830185 apss_xo=0 lpass_shut=118 vlow=0 vmin=0 susp_ok=14 susp_fail=0 cap=93 v=4413589 i=327759 chg=Charging online=1
up=35083 write=ok timing=10 (mmc HS400) clock=200000000 Hz apss_shut=830720 apss_xo=0 lpass_shut=118 vlow=0 vmin=0 susp_ok=14 susp_fail=0 cap=93 v=4412810 i=325012 chg=Charging online=1
up=35113 write=ok timing=10 (mmc HS400) clock=200000000 Hz apss_shut=831271 apss_xo=0 lpass_shut=118 vlow=0 vmin=0 susp_ok=14 susp_fail=0 cap=93 v=4413394 i=322265 chg=Charging online=1
up=35143 write=ok timing=10 (mmc HS400) clock=200000000 Hz apss_shut=831788 apss_xo=0 lpass_shut=118 vlow=0 vmin=0 susp_ok=14 susp_fail=0 cap=93 v=4413199 i=319366 chg=Charging online=1
up=35173 write=ok timing=10 (mmc HS400) clock=200000000 Hz apss_shut=832309 apss_xo=0 lpass_shut=118 vlow=0 vmin=0 susp_ok=14 susp_fail=0 cap=94 v=4413394 i=314331 chg=Charging online=1
up=35203 write=ok timing=10 (mmc HS400) clock=200000000 Hz apss_shut=832801 apss_xo=0 lpass_shut=118 vlow=0 vmin=0 susp_ok=14 susp_fail=0 cap=94 v=4413005 i=313568 chg=Charging online=1
up=35233 write=ok timing=10 (mmc HS400) clock=200000000 Hz apss_shut=833274 apss_xo=0 lpass_shut=118 vlow=0 vmin=0 susp_ok=14 susp_fail=0 cap=94 v=4413394 i=303802 chg=Charging online=1
up=35263 write=ok timing=10 (mmc HS400) clock=200000000 Hz apss_shut=833844 apss_xo=0 lpass_shut=118 vlow=0 vmin=0 susp_ok=14 susp_fail=0 cap=94 v=4412810 i=306091 chg=Charging online=1
up=35293 write=ok timing=10 (mmc HS400) clock=200000000 Hz apss_shut=834354 apss_xo=0 lpass_shut=118 vlow=0 vmin=0 susp_ok=14 susp_fail=0 cap=94 v=4413394 i=300903 chg=Charging online=1
up=35323 write=ok timing=10 (mmc HS400) clock=200000000 Hz apss_shut=834853 apss_xo=0 lpass_shut=118 vlow=0 vmin=0 susp_ok=14 susp_fail=0 cap=94 v=4413394 i=279846 chg=Charging online=1
up=35353 write=ok timing=10 (mmc HS400) clock=200000000 Hz apss_shut=835369 apss_xo=0 lpass_shut=118 vlow=0 vmin=0 susp_ok=14 susp_fail=0 cap=94 v=4413394 i=295410 chg=Charging online=1
up=35384 write=ok timing=10 (mmc HS400) clock=200000000 Hz apss_shut=835895 apss_xo=0 lpass_shut=118 vlow=0 vmin=0 susp_ok=14 susp_fail=0 cap=94 v=4413199 i=292968 chg=Charging online=1
up=35414 write=ok timing=10 (mmc HS400) clock=200000000 Hz apss_shut=836410 apss_xo=0 lpass_shut=118 vlow=0 vmin=0 susp_ok=14 susp_fail=0 cap=94 v=4413394 i=290069 chg=Charging online=1
up=35444 write=ok timing=10 (mmc HS400) clock=200000000 Hz apss_shut=836953 apss_xo=0 lpass_shut=118 vlow=0 vmin=0 susp_ok=14 susp_fail=0 cap=94 v=4413394 i=288391 chg=Charging online=1
up=35474 write=ok timing=10 (mmc HS400) clock=200000000 Hz apss_shut=837436 apss_xo=0 lpass_shut=118 vlow=0 vmin=0 susp_ok=14 susp_fail=0 cap=94 v=4413394 i=290222 chg=Charging online=1
up=35504 write=ok timing=10 (mmc HS400) clock=200000000 Hz apss_shut=837957 apss_xo=0 lpass_shut=118 vlow=0 vmin=0 susp_ok=14 susp_fail=0 cap=94 v=4413005 i=280456 chg=Charging online=1
up=35534 write=ok timing=10 (mmc HS400) clock=200000000 Hz apss_shut=838473 apss_xo=0 lpass_shut=118 vlow=0 vmin=0 susp_ok=14 susp_fail=0 cap=95 v=4413589 i=278473 chg=Charging online=1
up=35564 write=ok timing=10 (mmc HS400) clock=200000000 Hz apss_shut=839008 apss_xo=0 lpass_shut=118 vlow=0 vmin=0 susp_ok=14 susp_fail=0 cap=95 v=4413394 i=272979 chg=Charging online=1
up=35594 write=ok timing=10 (mmc HS400) clock=200000000 Hz apss_shut=839527 apss_xo=0 lpass_shut=118 vlow=0 vmin=0 susp_ok=14 susp_fail=0 cap=95 v=4413199 i=273437 chg=Charging online=1
up=35624 write=ok timing=10 (mmc HS400) clock=200000000 Hz apss_shut=840060 apss_xo=0 lpass_shut=118 vlow=0 vmin=0 susp_ok=14 susp_fail=0 cap=95 v=4413394 i=270233 chg=Charging online=1
up=35654 write=ok timing=10 (mmc HS400) clock=200000000 Hz apss_shut=840570 apss_xo=0 lpass_shut=118 vlow=0 vmin=0 susp_ok=14 susp_fail=0 cap=95 v=4414173 i=268554 chg=Charging online=1
up=35684 write=ok timing=10 (mmc HS400) clock=200000000 Hz apss_shut=841095 apss_xo=0 lpass_shut=118 vlow=0 vmin=0 susp_ok=14 susp_fail=0 cap=95 v=4413005 i=265503 chg=Charging online=1
up=35714 write=ok timing=10 (mmc HS400) clock=200000000 Hz apss_shut=841608 apss_xo=0 lpass_shut=118 vlow=0 vmin=0 susp_ok=14 susp_fail=0 cap=95 v=4413589 i=262298 chg=Charging online=1
up=35744 write=ok timing=10 (mmc HS400) clock=200000000 Hz apss_shut=842158 apss_xo=0 lpass_shut=118 vlow=0 vmin=0 susp_ok=14 susp_fail=0 cap=95 v=4413199 i=259552 chg=Charging online=1
up=35774 write=ok timing=10 (mmc HS400) clock=200000000 Hz apss_shut=842642 apss_xo=0 lpass_shut=118 vlow=0 vmin=0 susp_ok=14 susp_fail=0 cap=95 v=4412810 i=256195 chg=Charging online=1
up=35804 write=ok timing=10 (mmc HS400) clock=200000000 Hz apss_shut=843127 apss_xo=0 lpass_shut=118 vlow=0 vmin=0 susp_ok=14 susp_fail=0 cap=95 v=4412615 i=254821 chg=Charging online=1
up=35835 write=ok timing=10 (mmc HS400) clock=200000000 Hz apss_shut=843644 apss_xo=0 lpass_shut=118 vlow=0 vmin=0 susp_ok=14 susp_fail=0 cap=95 v=4413394 i=251617 chg=Charging online=1
up=35865 write=ok timing=10 (mmc HS400) clock=200000000 Hz apss_shut=844168 apss_xo=0 lpass_shut=118 vlow=0 vmin=0 susp_ok=14 susp_fail=0 cap=95 v=4413394 i=250396 chg=Charging online=1
up=35895 write=ok timing=10 (mmc HS400) clock=200000000 Hz apss_shut=844661 apss_xo=0 lpass_shut=118 vlow=0 vmin=0 susp_ok=14 susp_fail=0 cap=95 v=4413199 i=247039 chg=Charging online=1
up=35925 write=ok timing=10 (mmc HS400) clock=200000000 Hz apss_shut=845171 apss_xo=0 lpass_shut=118 vlow=0 vmin=0 susp_ok=14 susp_fail=0 cap=95 v=4413199 i=242004 chg=Charging online=1
up=35955 write=ok timing=10 (mmc HS400) clock=200000000 Hz apss_shut=845698 apss_xo=0 lpass_shut=118 vlow=0 vmin=0 susp_ok=14 susp_fail=0 cap=96 v=4413394 i=242309 chg=Charging online=1
up=35985 write=ok timing=10 (mmc HS400) clock=200000000 Hz apss_shut=846181 apss_xo=0 lpass_shut=118 vlow=0 vmin=0 susp_ok=14 susp_fail=0 cap=96 v=4412615 i=237732 chg=Charging online=1
up=36015 write=ok timing=10 (mmc HS400) clock=200000000 Hz apss_shut=846664 apss_xo=0 lpass_shut=118 vlow=0 vmin=0 susp_ok=14 susp_fail=0 cap=96 v=4413394 i=236053 chg=Charging online=1
up=36045 write=ok timing=10 (mmc HS400) clock=200000000 Hz apss_shut=847156 apss_xo=0 lpass_shut=118 vlow=0 vmin=0 susp_ok=14 susp_fail=0 cap=96 v=4413394 i=236511 chg=Charging online=1
up=36075 write=ok timing=10 (mmc HS400) clock=200000000 Hz apss_shut=847681 apss_xo=0 lpass_shut=118 vlow=0 vmin=0 susp_ok=14 susp_fail=0 cap=96 v=4413589 i=234069 chg=Charging online=1
up=36105 write=ok timing=10 (mmc HS400) clock=200000000 Hz apss_shut=848174 apss_xo=0 lpass_shut=118 vlow=0 vmin=0 susp_ok=14 susp_fail=0 cap=96 v=4413783 i=230407 chg=Charging online=1
up=36135 write=ok timing=10 (mmc HS400) clock=200000000 Hz apss_shut=848684 apss_xo=0 lpass_shut=118 vlow=0 vmin=0 susp_ok=14 susp_fail=0 cap=96 v=4412810 i=228576 chg=Charging online=1
up=36165 write=ok timing=10 (mmc HS400) clock=200000000 Hz apss_shut=849186 apss_xo=0 lpass_shut=118 vlow=0 vmin=0 susp_ok=14 susp_fail=0 cap=96 v=4412810 i=226440 chg=Charging online=1
up=36195 write=ok timing=10 (mmc HS400) clock=200000000 Hz apss_shut=849661 apss_xo=0 lpass_shut=118 vlow=0 vmin=0 susp_ok=14 susp_fail=0 cap=96 v=4412615 i=225525 chg=Charging online=1
up=36225 write=ok timing=10 (mmc HS400) clock=200000000 Hz apss_shut=850190 apss_xo=0 lpass_shut=118 vlow=0 vmin=0 susp_ok=14 susp_fail=0 cap=96 v=4412810 i=223388 chg=Charging online=1
up=36256 write=ok timing=10 (mmc HS400) clock=200000000 Hz apss_shut=850710 apss_xo=0 lpass_shut=118 vlow=0 vmin=0 susp_ok=14 susp_fail=0 cap=96 v=4413978 i=221862 chg=Charging online=1
up=36286 write=ok timing=10 (mmc HS400) clock=200000000 Hz apss_shut=851209 apss_xo=0 lpass_shut=118 vlow=0 vmin=0 susp_ok=14 susp_fail=0 cap=96 v=4413394 i=218048 chg=Charging online=1
up=36316 write=ok timing=10 (mmc HS400) clock=200000000 Hz apss_shut=851678 apss_xo=0 lpass_shut=118 vlow=0 vmin=0 susp_ok=14 susp_fail=0 cap=96 v=4412810 i=215606 chg=Charging online=1
up=36346 write=ok timing=10 (mmc HS400) clock=200000000 Hz apss_shut=852247 apss_xo=0 lpass_shut=118 vlow=0 vmin=0 susp_ok=14 susp_fail=0 cap=96 v=4413394 i=216674 chg=Charging online=1
up=36376 write=ok timing=10 (mmc HS400) clock=200000000 Hz apss_shut=852779 apss_xo=0 lpass_shut=118 vlow=0 vmin=0 susp_ok=14 susp_fail=0 cap=96 v=4412615 i=212860 chg=Charging online=1
up=36406 write=ok timing=10 (mmc HS400) clock=200000000 Hz apss_shut=853298 apss_xo=0 lpass_shut=118 vlow=0 vmin=0 susp_ok=14 susp_fail=0 cap=96 v=4413394 i=211639 chg=Charging online=1
up=36436 write=ok timing=10 (mmc HS400) clock=200000000 Hz apss_shut=853717 apss_xo=0 lpass_shut=118 vlow=0 vmin=0 susp_ok=14 susp_fail=0 cap=96 v=4413005 i=209655 chg=Charging online=1
up=36466 write=ok timing=10 (mmc HS400) clock=200000000 Hz apss_shut=854228 apss_xo=0 lpass_shut=118 vlow=0 vmin=0 susp_ok=14 susp_fail=0 cap=97 v=4412615 i=206909 chg=Charging online=1
up=36496 write=ok timing=10 (mmc HS400) clock=200000000 Hz apss_shut=854724 apss_xo=0 lpass_shut=118 vlow=0 vmin=0 susp_ok=14 susp_fail=0 cap=97 v=4413199 i=204925 chg=Charging online=1
up=36526 write=ok timing=10 (mmc HS400) clock=200000000 Hz apss_shut=855279 apss_xo=0 lpass_shut=118 vlow=0 vmin=0 susp_ok=14 susp_fail=0 cap=97 v=4413394 i=202484 chg=Charging online=1
up=36556 write=ok timing=10 (mmc HS400) clock=200000000 Hz apss_shut=855797 apss_xo=0 lpass_shut=118 vlow=0 vmin=0 susp_ok=14 susp_fail=0 cap=97 v=4412615 i=202026 chg=Charging online=1
up=36586 write=ok timing=10 (mmc HS400) clock=200000000 Hz apss_shut=856333 apss_xo=0 lpass_shut=118 vlow=0 vmin=0 susp_ok=14 susp_fail=0 cap=97 v=4412810 i=200500 chg=Charging online=1
up=36616 write=ok timing=10 (mmc HS400) clock=200000000 Hz apss_shut=856778 apss_xo=0 lpass_shut=118 vlow=0 vmin=0 susp_ok=14 susp_fail=0 cap=97 v=4413394 i=198364 chg=Charging online=1
up=36646 write=ok timing=10 (mmc HS400) clock=200000000 Hz apss_shut=857314 apss_xo=0 lpass_shut=118 vlow=0 vmin=0 susp_ok=14 susp_fail=0 cap=97 v=4413199 i=197448 chg=Charging online=1
up=36676 write=ok timing=10 (mmc HS400) clock=200000000 Hz apss_shut=857821 apss_xo=0 lpass_shut=118 vlow=0 vmin=0 susp_ok=14 susp_fail=0 cap=97 v=4413783 i=195007 chg=Charging online=1
up=36707 write=ok timing=10 (mmc HS400) clock=200000000 Hz apss_shut=858284 apss_xo=0 lpass_shut=118 vlow=0 vmin=0 susp_ok=14 susp_fail=0 cap=97 v=4413005 i=192871 chg=Charging online=1
up=36737 write=ok timing=10 (mmc HS400) clock=200000000 Hz apss_shut=858822 apss_xo=0 lpass_shut=118 vlow=0 vmin=0 susp_ok=14 susp_fail=0 cap=97 v=4413394 i=191803 chg=Charging online=1
up=36767 write=ok timing=10 (mmc HS400) clock=200000000 Hz apss_shut=859249 apss_xo=0 lpass_shut=118 vlow=0 vmin=0 susp_ok=14 susp_fail=0 cap=97 v=4413005 i=190735 chg=Charging online=1
up=36797 write=ok timing=10 (mmc HS400) clock=200000000 Hz apss_shut=859755 apss_xo=0 lpass_shut=118 vlow=0 vmin=0 susp_ok=14 susp_fail=0 cap=97 v=4413589 i=190277 chg=Charging online=1
up=36827 write=ok timing=10 (mmc HS400) clock=200000000 Hz apss_shut=860291 apss_xo=0 lpass_shut=118 vlow=0 vmin=0 susp_ok=14 susp_fail=0 cap=97 v=4413394 i=187225 chg=Charging online=1
up=36857 write=ok timing=10 (mmc HS400) clock=200000000 Hz apss_shut=860800 apss_xo=0 lpass_shut=118 vlow=0 vmin=0 susp_ok=14 susp_fail=0 cap=97 v=4413589 i=187378 chg=Charging online=1
up=36887 write=ok timing=10 (mmc HS400) clock=200000000 Hz apss_shut=861313 apss_xo=0 lpass_shut=118 vlow=0 vmin=0 susp_ok=14 susp_fail=0 cap=97 v=4413005 i=184784 chg=Charging online=1
up=36917 write=ok timing=10 (mmc HS400) clock=200000000 Hz apss_shut=861794 apss_xo=0 lpass_shut=118 vlow=0 vmin=0 susp_ok=14 susp_fail=0 cap=97 v=4413005 i=184478 chg=Charging online=1
up=36947 write=ok timing=10 (mmc HS400) clock=200000000 Hz apss_shut=862306 apss_xo=0 lpass_shut=118 vlow=0 vmin=0 susp_ok=14 susp_fail=0 cap=97 v=4412615 i=180816 chg=Charging online=1
up=36977 write=ok timing=10 (mmc HS400) clock=200000000 Hz apss_shut=862829 apss_xo=0 lpass_shut=118 vlow=0 vmin=0 susp_ok=14 susp_fail=0 cap=97 v=4413199 i=180359 chg=Charging online=1
up=37007 write=ok timing=10 (mmc HS400) clock=200000000 Hz apss_shut=863323 apss_xo=0 lpass_shut=118 vlow=0 vmin=0 susp_ok=14 susp_fail=0 cap=97 v=4413394 i=178527 chg=Charging online=1
up=37037 write=ok timing=10 (mmc HS400) clock=200000000 Hz apss_shut=863818 apss_xo=0 lpass_shut=118 vlow=0 vmin=0 susp_ok=14 susp_fail=0 cap=98 v=4412615 i=177307 chg=Charging online=1
up=37067 write=ok timing=10 (mmc HS400) clock=200000000 Hz apss_shut=864340 apss_xo=0 lpass_shut=118 vlow=0 vmin=0 susp_ok=14 susp_fail=0 cap=98 v=4412615 i=174102 chg=Charging online=1
up=37097 write=ok timing=10 (mmc HS400) clock=200000000 Hz apss_shut=864877 apss_xo=0 lpass_shut=118 vlow=0 vmin=0 susp_ok=14 susp_fail=0 cap=98 v=4412615 i=174255 chg=Charging online=1
up=37127 write=ok timing=10 (mmc HS400) clock=200000000 Hz apss_shut=865423 apss_xo=0 lpass_shut=118 vlow=0 vmin=0 susp_ok=14 susp_fail=0 cap=98 v=4412810 i=173950 chg=Charging online=1
up=37158 write=ok timing=10 (mmc HS400) clock=200000000 Hz apss_shut=865933 apss_xo=0 lpass_shut=118 vlow=0 vmin=0 susp_ok=14 susp_fail=0 cap=98 v=4413005 i=174408 chg=Charging online=1
up=37188 write=ok timing=10 (mmc HS400) clock=200000000 Hz apss_shut=866467 apss_xo=0 lpass_shut=118 vlow=0 vmin=0 susp_ok=14 susp_fail=0 cap=98 v=4413199 i=171661 chg=Charging online=1
up=37218 write=ok timing=10 (mmc HS400) clock=200000000 Hz apss_shut=867003 apss_xo=0 lpass_shut=118 vlow=0 vmin=0 susp_ok=14 susp_fail=0 cap=98 v=4413199 i=170593 chg=Charging online=1
up=37248 write=ok timing=10 (mmc HS400) clock=200000000 Hz apss_shut=867525 apss_xo=0 lpass_shut=118 vlow=0 vmin=0 susp_ok=14 susp_fail=0 cap=98 v=4413199 i=169830 chg=Charging online=1
up=37278 write=ok timing=10 (mmc HS400) clock=200000000 Hz apss_shut=868014 apss_xo=0 lpass_shut=118 vlow=0 vmin=0 susp_ok=14 susp_fail=0 cap=98 v=4413394 i=167999 chg=Charging online=1
up=37308 write=ok timing=10 (mmc HS400) clock=200000000 Hz apss_shut=868503 apss_xo=0 lpass_shut=118 vlow=0 vmin=0 susp_ok=14 susp_fail=0 cap=98 v=4413589 i=165557 chg=Charging online=1
up=37338 write=ok timing=10 (mmc HS400) clock=200000000 Hz apss_shut=869003 apss_xo=0 lpass_shut=118 vlow=0 vmin=0 susp_ok=14 susp_fail=0 cap=98 v=4413199 i=161285 chg=Charging online=1
up=37368 write=ok timing=10 (mmc HS400) clock=200000000 Hz apss_shut=869519 apss_xo=0 lpass_shut=118 vlow=0 vmin=0 susp_ok=14 susp_fail=0 cap=98 v=4412615 i=162658 chg=Charging online=1
up=37398 write=ok timing=10 (mmc HS400) clock=200000000 Hz apss_shut=869939 apss_xo=0 lpass_shut=118 vlow=0 vmin=0 susp_ok=14 susp_fail=0 cap=98 v=4413005 i=162353 chg=Charging online=1
up=37428 write=ok timing=10 (mmc HS400) clock=200000000 Hz apss_shut=870442 apss_xo=0 lpass_shut=118 vlow=0 vmin=0 susp_ok=14 susp_fail=0 cap=98 v=4413394 i=161743 chg=Charging online=1
up=37458 write=ok timing=10 (mmc HS400) clock=200000000 Hz apss_shut=870941 apss_xo=0 lpass_shut=118 vlow=0 vmin=0 susp_ok=14 susp_fail=0 cap=98 v=4413589 i=160675 chg=Charging online=1
up=37488 write=ok timing=10 (mmc HS400) clock=200000000 Hz apss_shut=871479 apss_xo=0 lpass_shut=118 vlow=0 vmin=0 susp_ok=14 susp_fail=0 cap=98 v=4413589 i=158233 chg=Charging online=1
up=37518 write=ok timing=10 (mmc HS400) clock=200000000 Hz apss_shut=871998 apss_xo=0 lpass_shut=118 vlow=0 vmin=0 susp_ok=14 susp_fail=0 cap=98 v=4412810 i=155639 chg=Charging online=1
up=37548 write=ok timing=10 (mmc HS400) clock=200000000 Hz apss_shut=872501 apss_xo=0 lpass_shut=118 vlow=0 vmin=0 susp_ok=14 susp_fail=0 cap=98 v=4413005 i=155029 chg=Charging online=1
up=37578 write=ok timing=10 (mmc HS400) clock=200000000 Hz apss_shut=873011 apss_xo=0 lpass_shut=118 vlow=0 vmin=0 susp_ok=14 susp_fail=0 cap=98 v=4413394 i=153350 chg=Charging online=1
up=37609 write=ok timing=10 (mmc HS400) clock=200000000 Hz apss_shut=873534 apss_xo=0 lpass_shut=118 vlow=0 vmin=0 susp_ok=14 susp_fail=0 cap=98 v=4413005 i=155029 chg=Charging online=1
up=37639 write=ok timing=10 (mmc HS400) clock=200000000 Hz apss_shut=874074 apss_xo=0 lpass_shut=118 vlow=0 vmin=0 susp_ok=14 susp_fail=0 cap=98 v=4413394 i=153198 chg=Charging online=1
up=37669 write=ok timing=10 (mmc HS400) clock=200000000 Hz apss_shut=874600 apss_xo=0 lpass_shut=118 vlow=0 vmin=0 susp_ok=14 susp_fail=0 cap=98 v=4413005 i=150299 chg=Charging online=1
up=37699 write=ok timing=10 (mmc HS400) clock=200000000 Hz apss_shut=875096 apss_xo=0 lpass_shut=118 vlow=0 vmin=0 susp_ok=14 susp_fail=0 cap=99 v=4413005 i=149994 chg=Charging online=1
up=37729 write=ok timing=10 (mmc HS400) clock=200000000 Hz apss_shut=875637 apss_xo=0 lpass_shut=118 vlow=0 vmin=0 susp_ok=14 susp_fail=0 cap=99 v=4412810 i=148468 chg=Charging online=1
up=37759 write=ok timing=10 (mmc HS400) clock=200000000 Hz apss_shut=876194 apss_xo=0 lpass_shut=118 vlow=0 vmin=0 susp_ok=14 susp_fail=0 cap=99 v=4413394 i=148010 chg=Charging online=1
up=37789 write=ok timing=10 (mmc HS400) clock=200000000 Hz apss_shut=876708 apss_xo=0 lpass_shut=118 vlow=0 vmin=0 susp_ok=14 susp_fail=0 cap=99 v=4413589 i=146484 chg=Charging online=1
up=37819 write=ok timing=10 (mmc HS400) clock=200000000 Hz apss_shut=877213 apss_xo=0 lpass_shut=118 vlow=0 vmin=0 susp_ok=14 susp_fail=0 cap=99 v=4412810 i=146942 chg=Charging online=1
up=37849 write=ok timing=10 (mmc HS400) clock=200000000 Hz apss_shut=877723 apss_xo=0 lpass_shut=118 vlow=0 vmin=0 susp_ok=14 susp_fail=0 cap=99 v=4413394 i=144958 chg=Charging online=1
up=37879 write=ok timing=10 (mmc HS400) clock=200000000 Hz apss_shut=878262 apss_xo=0 lpass_shut=118 vlow=0 vmin=0 susp_ok=14 susp_fail=0 cap=99 v=4412032 i=142822 chg=Charging online=1
up=37909 write=ok timing=10 (mmc HS400) clock=200000000 Hz apss_shut=878792 apss_xo=0 lpass_shut=118 vlow=0 vmin=0 susp_ok=14 susp_fail=0 cap=99 v=4413394 i=140228 chg=Charging online=1
up=37939 write=ok timing=10 (mmc HS400) clock=200000000 Hz apss_shut=879304 apss_xo=0 lpass_shut=118 vlow=0 vmin=0 susp_ok=14 susp_fail=0 cap=99 v=4412615 i=140991 chg=Charging online=1
up=37969 write=ok timing=10 (mmc HS400) clock=200000000 Hz apss_shut=879793 apss_xo=0 lpass_shut=118 vlow=0 vmin=0 susp_ok=14 susp_fail=0 cap=99 v=4412615 i=140228 chg=Charging online=1
up=37999 write=ok timing=10 (mmc HS400) clock=200000000 Hz apss_shut=880315 apss_xo=0 lpass_shut=118 vlow=0 vmin=0 susp_ok=14 susp_fail=0 cap=99 v=4412810 i=139160 chg=Charging online=1
up=38030 write=ok timing=10 (mmc HS400) clock=200000000 Hz apss_shut=880808 apss_xo=0 lpass_shut=118 vlow=0 vmin=0 susp_ok=14 susp_fail=0 cap=99 v=4413199 i=139312 chg=Charging online=1
up=38060 write=ok timing=10 (mmc HS400) clock=200000000 Hz apss_shut=881323 apss_xo=0 lpass_shut=118 vlow=0 vmin=0 susp_ok=14 susp_fail=0 cap=99 v=4413589 i=140686 chg=Charging online=1
up=38090 write=ok timing=10 (mmc HS400) clock=200000000 Hz apss_shut=881852 apss_xo=0 lpass_shut=118 vlow=0 vmin=0 susp_ok=14 susp_fail=0 cap=99 v=4413005 i=136261 chg=Charging online=1
up=38120 write=ok timing=10 (mmc HS400) clock=200000000 Hz apss_shut=882308 apss_xo=0 lpass_shut=118 vlow=0 vmin=0 susp_ok=14 susp_fail=0 cap=99 v=4412615 i=137786 chg=Charging online=1
up=38150 write=ok timing=10 (mmc HS400) clock=200000000 Hz apss_shut=882812 apss_xo=0 lpass_shut=118 vlow=0 vmin=0 susp_ok=14 susp_fail=0 cap=99 v=4412226 i=134277 chg=Charging online=1
up=38180 write=ok timing=10 (mmc HS400) clock=200000000 Hz apss_shut=883289 apss_xo=0 lpass_shut=118 vlow=0 vmin=0 susp_ok=14 susp_fail=0 cap=99 v=4413394 i=135040 chg=Charging online=1
up=38210 write=ok timing=10 (mmc HS400) clock=200000000 Hz apss_shut=883817 apss_xo=0 lpass_shut=118 vlow=0 vmin=0 susp_ok=14 susp_fail=0 cap=99 v=4413005 i=131378 chg=Charging online=1
up=38240 write=ok timing=10 (mmc HS400) clock=200000000 Hz apss_shut=884319 apss_xo=0 lpass_shut=118 vlow=0 vmin=0 susp_ok=14 susp_fail=0 cap=99 v=4413199 i=133819 chg=Charging online=1
up=38270 write=ok timing=10 (mmc HS400) clock=200000000 Hz apss_shut=884828 apss_xo=0 lpass_shut=118 vlow=0 vmin=0 susp_ok=14 susp_fail=0 cap=99 v=4413589 i=131683 chg=Charging online=1
up=38300 write=ok timing=10 (mmc HS400) clock=200000000 Hz apss_shut=885337 apss_xo=0 lpass_shut=118 vlow=0 vmin=0 susp_ok=14 susp_fail=0 cap=99 v=4413005 i=127258 chg=Charging online=1
up=38330 write=ok timing=10 (mmc HS400) clock=200000000 Hz apss_shut=885880 apss_xo=0 lpass_shut=118 vlow=0 vmin=0 susp_ok=14 susp_fail=0 cap=99 v=4412421 i=130920 chg=Charging online=1
up=38360 write=ok timing=10 (mmc HS400) clock=200000000 Hz apss_shut=886393 apss_xo=0 lpass_shut=118 vlow=0 vmin=0 susp_ok=14 susp_fail=0 cap=99 v=4412810 i=128936 chg=Charging online=1
up=38390 write=ok timing=10 (mmc HS400) clock=200000000 Hz apss_shut=886880 apss_xo=0 lpass_shut=118 vlow=0 vmin=0 susp_ok=14 susp_fail=0 cap=99 v=4413005 i=124359 chg=Charging online=1
up=38420 write=ok timing=10 (mmc HS400) clock=200000000 Hz apss_shut=887407 apss_xo=0 lpass_shut=118 vlow=0 vmin=0 susp_ok=14 susp_fail=0 cap=99 v=4412810 i=125427 chg=Charging online=1
up=38451 write=ok timing=10 (mmc HS400) clock=200000000 Hz apss_shut=887942 apss_xo=0 lpass_shut=118 vlow=0 vmin=0 susp_ok=14 susp_fail=0 cap=99 v=4413005 i=125579 chg=Charging online=1
up=38481 write=ok timing=10 (mmc HS400) clock=200000000 Hz apss_shut=888426 apss_xo=0 lpass_shut=118 vlow=0 vmin=0 susp_ok=14 susp_fail=0 cap=100 v=4413005 i=125427 chg=Charging online=1
up=38511 write=ok timing=10 (mmc HS400) clock=200000000 Hz apss_shut=888950 apss_xo=0 lpass_shut=118 vlow=0 vmin=0 susp_ok=14 susp_fail=0 cap=100 v=4412810 i=123901 chg=Charging online=1
up=38541 write=ok timing=10 (mmc HS400) clock=200000000 Hz apss_shut=889342 apss_xo=0 lpass_shut=118 vlow=0 vmin=0 susp_ok=14 susp_fail=0 cap=100 v=4413394 i=124511 chg=Charging online=1
up=38571 write=ok timing=10 (mmc HS400) clock=200000000 Hz apss_shut=889872 apss_xo=0 lpass_shut=118 vlow=0 vmin=0 susp_ok=14 susp_fail=0 cap=100 v=4412421 i=122985 chg=Charging online=1
up=38601 write=ok timing=10 (mmc HS400) clock=200000000 Hz apss_shut=890387 apss_xo=0 lpass_shut=118 vlow=0 vmin=0 susp_ok=14 susp_fail=0 cap=100 v=4412615 i=124511 chg=Charging online=1
up=38631 write=ok timing=10 (mmc HS400) clock=200000000 Hz apss_shut=890933 apss_xo=0 lpass_shut=118 vlow=0 vmin=0 susp_ok=14 susp_fail=0 cap=100 v=4413589 i=120086 chg=Charging online=1
up=38661 write=ok timing=10 (mmc HS400) clock=200000000 Hz apss_shut=891441 apss_xo=0 lpass_shut=118 vlow=0 vmin=0 susp_ok=14 susp_fail=0 cap=100 v=4413005 i=119476 chg=Charging online=1
up=38691 write=ok timing=10 (mmc HS400) clock=200000000 Hz apss_shut=891962 apss_xo=0 lpass_shut=118 vlow=0 vmin=0 susp_ok=14 susp_fail=0 cap=100 v=4412810 i=119171 chg=Charging online=1
up=38721 write=ok timing=10 (mmc HS400) clock=200000000 Hz apss_shut=892483 apss_xo=0 lpass_shut=118 vlow=0 vmin=0 susp_ok=14 susp_fail=0 cap=100 v=4413394 i=115661 chg=Charging online=1
up=38751 write=ok timing=10 (mmc HS400) clock=200000000 Hz apss_shut=893032 apss_xo=0 lpass_shut=118 vlow=0 vmin=0 susp_ok=14 susp_fail=0 cap=100 v=4412615 i=116577 chg=Charging online=1
up=38781 write=ok timing=10 (mmc HS400) clock=200000000 Hz apss_shut=893531 apss_xo=0 lpass_shut=118 vlow=0 vmin=0 susp_ok=14 susp_fail=0 cap=100 v=4413005 i=116119 chg=Charging online=1
up=38811 write=ok timing=10 (mmc HS400) clock=200000000 Hz apss_shut=894010 apss_xo=0 lpass_shut=118 vlow=0 vmin=0 susp_ok=14 susp_fail=0 cap=100 v=4413005 i=115661 chg=Charging online=1
up=38841 write=ok timing=10 (mmc HS400) clock=200000000 Hz apss_shut=894548 apss_xo=0 lpass_shut=118 vlow=0 vmin=0 susp_ok=14 susp_fail=0 cap=100 v=4412615 i=115356 chg=Charging online=1
up=38871 write=ok timing=10 (mmc HS400) clock=200000000 Hz apss_shut=895065 apss_xo=0 lpass_shut=118 vlow=0 vmin=0 susp_ok=14 susp_fail=0 cap=100 v=4413005 i=114441 chg=Charging online=1
up=38902 write=ok timing=10 (mmc HS400) clock=200000000 Hz apss_shut=895565 apss_xo=0 lpass_shut=118 vlow=0 vmin=0 susp_ok=14 susp_fail=0 cap=100 v=4413005 i=111541 chg=Charging online=1
up=38932 write=ok timing=10 (mmc HS400) clock=200000000 Hz apss_shut=896086 apss_xo=0 lpass_shut=118 vlow=0 vmin=0 susp_ok=14 susp_fail=0 cap=100 v=4413199 i=114135 chg=Charging online=1
up=38962 write=ok timing=10 (mmc HS400) clock=200000000 Hz apss_shut=896626 apss_xo=0 lpass_shut=118 vlow=0 vmin=0 susp_ok=14 susp_fail=0 cap=100 v=4413005 i=111541 chg=Charging online=1
up=38992 write=ok timing=10 (mmc HS400) clock=200000000 Hz apss_shut=897142 apss_xo=0 lpass_shut=118 vlow=0 vmin=0 susp_ok=14 susp_fail=0 cap=100 v=4412810 i=112915 chg=Charging online=1
up=39022 write=ok timing=10 (mmc HS400) clock=200000000 Hz apss_shut=897602 apss_xo=0 lpass_shut=118 vlow=0 vmin=0 susp_ok=14 susp_fail=0 cap=100 v=4413199 i=111999 chg=Charging online=1
up=39052 write=ok timing=10 (mmc HS400) clock=200000000 Hz apss_shut=898151 apss_xo=0 lpass_shut=118 vlow=0 vmin=0 susp_ok=14 susp_fail=0 cap=100 v=4413005 i=110473 chg=Charging online=1
up=39082 write=ok timing=10 (mmc HS400) clock=200000000 Hz apss_shut=898644 apss_xo=0 lpass_shut=118 vlow=0 vmin=0 susp_ok=14 susp_fail=0 cap=100 v=4413005 i=109100 chg=Charging online=1
up=39112 write=ok timing=10 (mmc HS400) clock=200000000 Hz apss_shut=899147 apss_xo=0 lpass_shut=118 vlow=0 vmin=0 susp_ok=14 susp_fail=0 cap=100 v=4412810 i=111541 chg=Charging online=1
up=39142 write=ok timing=10 (mmc HS400) clock=200000000 Hz apss_shut=899650 apss_xo=0 lpass_shut=118 vlow=0 vmin=0 susp_ok=14 susp_fail=0 cap=100 v=4413589 i=109710 chg=Charging online=1
up=39172 write=ok timing=10 (mmc HS400) clock=200000000 Hz apss_shut=900156 apss_xo=0 lpass_shut=118 vlow=0 vmin=0 susp_ok=14 susp_fail=0 cap=100 v=4412810 i=108184 chg=Charging online=1
up=39202 write=ok timing=10 (mmc HS400) clock=200000000 Hz apss_shut=900653 apss_xo=0 lpass_shut=118 vlow=0 vmin=0 susp_ok=14 susp_fail=0 cap=100 v=4412810 i=106506 chg=Charging online=1
up=39232 write=ok timing=10 (mmc HS400) clock=200000000 Hz apss_shut=901144 apss_xo=0 lpass_shut=118 vlow=0 vmin=0 susp_ok=14 susp_fail=0 cap=100 v=4413394 i=107879 chg=Charging online=1
up=39262 write=ok timing=10 (mmc HS400) clock=200000000 Hz apss_shut=901666 apss_xo=0 lpass_shut=118 vlow=0 vmin=0 susp_ok=14 susp_fail=0 cap=100 v=4413005 i=107116 chg=Charging online=1
up=39292 write=ok timing=10 (mmc HS400) clock=200000000 Hz apss_shut=902187 apss_xo=0 lpass_shut=118 vlow=0 vmin=0 susp_ok=14 susp_fail=0 cap=100 v=4413199 i=104217 chg=Charging online=1
up=39323 write=ok timing=10 (mmc HS400) clock=200000000 Hz apss_shut=902685 apss_xo=0 lpass_shut=118 vlow=0 vmin=0 susp_ok=14 susp_fail=0 cap=100 v=4413589 i=99792 chg=Charging online=1
up=39353 write=ok timing=10 (mmc HS400) clock=200000000 Hz apss_shut=903224 apss_xo=0 lpass_shut=118 vlow=0 vmin=0 susp_ok=14 susp_fail=0 cap=100 v=4413005 i=104980 chg=Charging online=1
up=39383 write=ok timing=10 (mmc HS400) clock=200000000 Hz apss_shut=903711 apss_xo=0 lpass_shut=118 vlow=0 vmin=0 susp_ok=14 susp_fail=0 cap=100 v=4412810 i=102996 chg=Charging online=1
up=39413 write=ok timing=10 (mmc HS400) clock=200000000 Hz apss_shut=904227 apss_xo=0 lpass_shut=118 vlow=0 vmin=0 susp_ok=14 susp_fail=0 cap=100 v=4412615 i=102691 chg=Charging online=1
up=39443 write=ok timing=10 (mmc HS400) clock=200000000 Hz apss_shut=904714 apss_xo=0 lpass_shut=118 vlow=0 vmin=0 susp_ok=14 susp_fail=0 cap=100 v=4413199 i=103607 chg=Charging online=1
up=39473 write=ok timing=10 (mmc HS400) clock=200000000 Hz apss_shut=905270 apss_xo=0 lpass_shut=118 vlow=0 vmin=0 susp_ok=14 susp_fail=0 cap=100 v=4413199 i=100860 chg=Charging online=1
up=39503 write=ok timing=10 (mmc HS400) clock=200000000 Hz apss_shut=905716 apss_xo=0 lpass_shut=118 vlow=0 vmin=0 susp_ok=14 susp_fail=0 cap=100 v=4413783 i=99029 chg=Charging online=1
up=39533 write=ok timing=10 (mmc HS400) clock=200000000 Hz apss_shut=906214 apss_xo=0 lpass_shut=118 vlow=0 vmin=0 susp_ok=14 susp_fail=0 cap=100 v=4413005 i=98114 chg=Charging online=1
up=39563 write=ok timing=10 (mmc HS400) clock=200000000 Hz apss_shut=906663 apss_xo=0 lpass_shut=118 vlow=0 vmin=0 susp_ok=14 susp_fail=0 cap=100 v=4368627 i=0 chg=Full online=1
up=39593 write=ok timing=10 (mmc HS400) clock=200000000 Hz apss_shut=907155 apss_xo=0 lpass_shut=118 vlow=0 vmin=0 susp_ok=14 susp_fail=0 cap=100 v=4364735 i=0 chg=Full online=1
up=39623 write=ok timing=10 (mmc HS400) clock=200000000 Hz apss_shut=907643 apss_xo=0 lpass_shut=118 vlow=0 vmin=0 susp_ok=14 susp_fail=0 cap=100 v=4361231 i=0 chg=Full online=1
up=39653 write=ok timing=10 (mmc HS400) clock=200000000 Hz apss_shut=908105 apss_xo=0 lpass_shut=118 vlow=0 vmin=0 susp_ok=14 susp_fail=0 cap=100 v=4359090 i=0 chg=Full online=1
up=39683 write=ok timing=10 (mmc HS400) clock=200000000 Hz apss_shut=908630 apss_xo=0 lpass_shut=118 vlow=0 vmin=0 susp_ok=14 susp_fail=0 cap=100 v=4358506 i=0 chg=Full online=1
up=39713 write=ok timing=10 (mmc HS400) clock=200000000 Hz apss_shut=909123 apss_xo=0 lpass_shut=118 vlow=0 vmin=0 susp_ok=14 susp_fail=0 cap=100 v=4355781 i=0 chg=Full online=1
up=39744 write=ok timing=10 (mmc HS400) clock=200000000 Hz apss_shut=909664 apss_xo=0 lpass_shut=118 vlow=0 vmin=0 susp_ok=14 susp_fail=0 cap=100 v=4354614 i=0 chg=Full online=1
up=39774 write=ok timing=10 (mmc HS400) clock=200000000 Hz apss_shut=910141 apss_xo=0 lpass_shut=118 vlow=0 vmin=0 susp_ok=14 susp_fail=0 cap=100 v=4353835 i=0 chg=Full online=1
up=39804 write=ok timing=10 (mmc HS400) clock=200000000 Hz apss_shut=910714 apss_xo=0 lpass_shut=118 vlow=0 vmin=0 susp_ok=14 susp_fail=0 cap=100 v=4353057 i=0 chg=Full online=1
up=39834 write=ok timing=10 (mmc HS400) clock=200000000 Hz apss_shut=911230 apss_xo=0 lpass_shut=118 vlow=0 vmin=0 susp_ok=14 susp_fail=0 cap=100 v=4353057 i=0 chg=Full online=1
up=39864 write=ok timing=10 (mmc HS400) clock=200000000 Hz apss_shut=911757 apss_xo=0 lpass_shut=118 vlow=0 vmin=0 susp_ok=14 susp_fail=0 cap=100 v=4351305 i=0 chg=Full online=1
up=39894 write=ok timing=10 (mmc HS400) clock=200000000 Hz apss_shut=912314 apss_xo=0 lpass_shut=118 vlow=0 vmin=0 susp_ok=14 susp_fail=0 cap=100 v=4351305 i=0 chg=Full online=1
up=39924 write=ok timing=10 (mmc HS400) clock=200000000 Hz apss_shut=912848 apss_xo=0 lpass_shut=118 vlow=0 vmin=0 susp_ok=14 susp_fail=0 cap=100 v=4351305 i=0 chg=Full online=1
up=39954 write=ok timing=10 (mmc HS400) clock=200000000 Hz apss_shut=913426 apss_xo=0 lpass_shut=118 vlow=0 vmin=0 susp_ok=14 susp_fail=0 cap=100 v=4349164 i=0 chg=Full online=1
up=39984 write=ok timing=10 (mmc HS400) clock=200000000 Hz apss_shut=913976 apss_xo=0 lpass_shut=118 vlow=0 vmin=0 susp_ok=14 susp_fail=0 cap=100 v=4349164 i=0 chg=Full online=1
up=40014 write=ok timing=10 (mmc HS400) clock=200000000 Hz apss_shut=914473 apss_xo=0 lpass_shut=118 vlow=0 vmin=0 susp_ok=14 susp_fail=0 cap=100 v=4347996 i=0 chg=Full online=1
up=40044 write=ok timing=10 (mmc HS400) clock=200000000 Hz apss_shut=914983 apss_xo=0 lpass_shut=118 vlow=0 vmin=0 susp_ok=14 susp_fail=0 cap=100 v=4347996 i=0 chg=Full online=1
up=40074 write=ok timing=10 (mmc HS400) clock=200000000 Hz apss_shut=915518 apss_xo=0 lpass_shut=118 vlow=0 vmin=0 susp_ok=14 susp_fail=0 cap=100 v=4346828 i=0 chg=Full online=1
up=40104 write=ok timing=10 (mmc HS400) clock=200000000 Hz apss_shut=915964 apss_xo=0 lpass_shut=118 vlow=0 vmin=0 susp_ok=14 susp_fail=0 cap=100 v=4346828 i=0 chg=Full online=1
up=40134 write=ok timing=10 (mmc HS400) clock=200000000 Hz apss_shut=916466 apss_xo=0 lpass_shut=118 vlow=0 vmin=0 susp_ok=14 susp_fail=0 cap=100 v=4345660 i=0 chg=Full online=1
up=40164 write=ok timing=10 (mmc HS400) clock=200000000 Hz apss_shut=916937 apss_xo=0 lpass_shut=118 vlow=0 vmin=0 susp_ok=14 susp_fail=0 cap=100 v=4345660 i=0 chg=Full online=1
up=40195 write=ok timing=10 (mmc HS400) clock=200000000 Hz apss_shut=917475 apss_xo=0 lpass_shut=118 vlow=0 vmin=0 susp_ok=14 susp_fail=0 cap=100 v=4344492 i=0 chg=Full online=1
up=40225 write=ok timing=10 (mmc HS400) clock=200000000 Hz apss_shut=917966 apss_xo=0 lpass_shut=118 vlow=0 vmin=0 susp_ok=14 susp_fail=0 cap=100 v=4344492 i=0 chg=Full online=1
up=40255 write=ok timing=10 (mmc HS400) clock=200000000 Hz apss_shut=918521 apss_xo=0 lpass_shut=118 vlow=0 vmin=0 susp_ok=14 susp_fail=0 cap=100 v=4343909 i=0 chg=Full online=1
up=40285 write=ok timing=10 (mmc HS400) clock=200000000 Hz apss_shut=919065 apss_xo=0 lpass_shut=118 vlow=0 vmin=0 susp_ok=14 susp_fail=0 cap=100 v=4343909 i=0 chg=Full online=1
up=40315 write=ok timing=10 (mmc HS400) clock=200000000 Hz apss_shut=919597 apss_xo=0 lpass_shut=118 vlow=0 vmin=0 susp_ok=14 susp_fail=0 cap=97 v=4343325 i=0 chg=Full online=1
up=40345 write=ok timing=10 (mmc HS400) clock=200000000 Hz apss_shut=920115 apss_xo=0 lpass_shut=118 vlow=0 vmin=0 susp_ok=14 susp_fail=0 cap=100 v=4343325 i=0 chg=Full online=1
up=40375 write=ok timing=10 (mmc HS400) clock=200000000 Hz apss_shut=920646 apss_xo=0 lpass_shut=118 vlow=0 vmin=0 susp_ok=14 susp_fail=0 cap=100 v=4342351 i=0 chg=Full online=1
up=40405 write=ok timing=10 (mmc HS400) clock=200000000 Hz apss_shut=921141 apss_xo=0 lpass_shut=118 vlow=0 vmin=0 susp_ok=14 susp_fail=0 cap=100 v=4342741 i=0 chg=Full online=1
up=40435 write=ok timing=10 (mmc HS400) clock=200000000 Hz apss_shut=921678 apss_xo=0 lpass_shut=118 vlow=0 vmin=0 susp_ok=14 susp_fail=0 cap=100 v=4342741 i=0 chg=Full online=1
up=40465 write=ok timing=10 (mmc HS400) clock=200000000 Hz apss_shut=922181 apss_xo=0 lpass_shut=118 vlow=0 vmin=0 susp_ok=14 susp_fail=0 cap=100 v=4341573 i=0 chg=Full online=1
up=40495 write=ok timing=10 (mmc HS400) clock=200000000 Hz apss_shut=922680 apss_xo=0 lpass_shut=118 vlow=0 vmin=0 susp_ok=14 susp_fail=0 cap=100 v=4341573 i=0 chg=Full online=1
up=40525 write=ok timing=10 (mmc HS400) clock=200000000 Hz apss_shut=923148 apss_xo=0 lpass_shut=118 vlow=0 vmin=0 susp_ok=14 susp_fail=0 cap=100 v=4341184 i=0 chg=Full online=1
up=40555 write=ok timing=10 (mmc HS400) clock=200000000 Hz apss_shut=923620 apss_xo=0 lpass_shut=118 vlow=0 vmin=0 susp_ok=14 susp_fail=0 cap=100 v=4341184 i=0 chg=Full online=1
up=40585 write=ok timing=10 (mmc HS400) clock=200000000 Hz apss_shut=924139 apss_xo=0 lpass_shut=118 vlow=0 vmin=0 susp_ok=14 susp_fail=0 cap=100 v=4340794 i=0 chg=Full online=1
up=40616 write=ok timing=10 (mmc HS400) clock=200000000 Hz apss_shut=924556 apss_xo=0 lpass_shut=118 vlow=0 vmin=0 susp_ok=14 susp_fail=0 cap=100 v=4340794 i=0 chg=Full online=1
up=40646 write=ok timing=10 (mmc HS400) clock=200000000 Hz apss_shut=925110 apss_xo=0 lpass_shut=118 vlow=0 vmin=0 susp_ok=14 susp_fail=0 cap=100 v=4339821 i=0 chg=Full online=1
up=40676 write=ok timing=10 (mmc HS400) clock=200000000 Hz apss_shut=925631 apss_xo=0 lpass_shut=118 vlow=0 vmin=0 susp_ok=14 susp_fail=0 cap=100 v=4339821 i=0 chg=Full online=1
up=40706 write=ok timing=10 (mmc HS400) clock=200000000 Hz apss_shut=926161 apss_xo=0 lpass_shut=118 vlow=0 vmin=0 susp_ok=14 susp_fail=0 cap=100 v=4339627 i=0 chg=Full online=1
up=40736 write=ok timing=10 (mmc HS400) clock=200000000 Hz apss_shut=926679 apss_xo=0 lpass_shut=118 vlow=0 vmin=0 susp_ok=14 susp_fail=0 cap=100 v=4339627 i=0 chg=Full online=1
up=40766 write=ok timing=10 (mmc HS400) clock=200000000 Hz apss_shut=927201 apss_xo=0 lpass_shut=118 vlow=0 vmin=0 susp_ok=14 susp_fail=0 cap=100 v=4339432 i=0 chg=Full online=1
up=40796 write=ok timing=10 (mmc HS400) clock=200000000 Hz apss_shut=927738 apss_xo=0 lpass_shut=118 vlow=0 vmin=0 susp_ok=14 susp_fail=0 cap=100 v=4339432 i=0 chg=Full online=1
up=40826 write=ok timing=10 (mmc HS400) clock=200000000 Hz apss_shut=928250 apss_xo=0 lpass_shut=118 vlow=0 vmin=0 susp_ok=14 susp_fail=0 cap=96 v=4338069 i=0 chg=Full online=1
up=40856 write=ok timing=10 (mmc HS400) clock=200000000 Hz apss_shut=928794 apss_xo=0 lpass_shut=118 vlow=0 vmin=0 susp_ok=14 susp_fail=0 cap=100 v=4338069 i=0 chg=Full online=1
up=40886 write=ok timing=10 (mmc HS400) clock=200000000 Hz apss_shut=929285 apss_xo=0 lpass_shut=118 vlow=0 vmin=0 susp_ok=14 susp_fail=0 cap=100 v=4338264 i=0 chg=Full online=1
up=40916 write=ok timing=10 (mmc HS400) clock=200000000 Hz apss_shut=929841 apss_xo=0 lpass_shut=118 vlow=0 vmin=0 susp_ok=14 susp_fail=0 cap=100 v=4338069 i=0 chg=Full online=1
up=40946 write=ok timing=10 (mmc HS400) clock=200000000 Hz apss_shut=930355 apss_xo=0 lpass_shut=118 vlow=0 vmin=0 susp_ok=14 susp_fail=0 cap=100 v=4338069 i=0 chg=Full online=1
up=40976 write=ok timing=10 (mmc HS400) clock=200000000 Hz apss_shut=930888 apss_xo=0 lpass_shut=118 vlow=0 vmin=0 susp_ok=14 susp_fail=0 cap=100 v=4337096 i=0 chg=Full online=1
up=41006 write=ok timing=10 (mmc HS400) clock=200000000 Hz apss_shut=931411 apss_xo=0 lpass_shut=118 vlow=0 vmin=0 susp_ok=14 susp_fail=0 cap=100 v=4337096 i=0 chg=Full online=1
up=41037 write=ok timing=10 (mmc HS400) clock=200000000 Hz apss_shut=931972 apss_xo=0 lpass_shut=118 vlow=0 vmin=0 susp_ok=14 susp_fail=0 cap=100 v=4337486 i=0 chg=Full online=1
up=41067 write=ok timing=10 (mmc HS400) clock=200000000 Hz apss_shut=932451 apss_xo=0 lpass_shut=118 vlow=0 vmin=0 susp_ok=14 susp_fail=0 cap=100 v=4337486 i=0 chg=Full online=1
up=41097 write=ok timing=10 (mmc HS400) clock=200000000 Hz apss_shut=932946 apss_xo=0 lpass_shut=118 vlow=0 vmin=0 susp_ok=14 susp_fail=0 cap=100 v=4336902 i=0 chg=Full online=1
up=41127 write=ok timing=10 (mmc HS400) clock=200000000 Hz apss_shut=933464 apss_xo=0 lpass_shut=118 vlow=0 vmin=0 susp_ok=14 susp_fail=0 cap=100 v=4336902 i=0 chg=Full online=1
up=41157 write=ok timing=10 (mmc HS400) clock=200000000 Hz apss_shut=933970 apss_xo=0 lpass_shut=118 vlow=0 vmin=0 susp_ok=14 susp_fail=0 cap=100 v=4336123 i=0 chg=Full online=1
up=41187 write=ok timing=10 (mmc HS400) clock=200000000 Hz apss_shut=934479 apss_xo=0 lpass_shut=118 vlow=0 vmin=0 susp_ok=14 susp_fail=0 cap=100 v=4336123 i=0 chg=Full online=1
up=41217 write=ok timing=10 (mmc HS400) clock=200000000 Hz apss_shut=934973 apss_xo=0 lpass_shut=118 vlow=0 vmin=0 susp_ok=14 susp_fail=0 cap=100 v=4336512 i=0 chg=Full online=1
up=41247 write=ok timing=10 (mmc HS400) clock=200000000 Hz apss_shut=935494 apss_xo=0 lpass_shut=118 vlow=0 vmin=0 susp_ok=14 susp_fail=0 cap=100 v=4336512 i=0 chg=Full online=1
up=41277 write=ok timing=10 (mmc HS400) clock=200000000 Hz apss_shut=936001 apss_xo=0 lpass_shut=118 vlow=0 vmin=0 susp_ok=14 susp_fail=0 cap=100 v=4335734 i=0 chg=Full online=1
up=41307 write=ok timing=10 (mmc HS400) clock=200000000 Hz apss_shut=936532 apss_xo=0 lpass_shut=118 vlow=0 vmin=0 susp_ok=14 susp_fail=0 cap=100 v=4335734 i=0 chg=Full online=1
up=41337 write=ok timing=10 (mmc HS400) clock=200000000 Hz apss_shut=937052 apss_xo=0 lpass_shut=118 vlow=0 vmin=0 susp_ok=14 susp_fail=0 cap=100 v=4335539 i=0 chg=Full online=1
up=41367 write=ok timing=10 (mmc HS400) clock=200000000 Hz apss_shut=937575 apss_xo=0 lpass_shut=118 vlow=0 vmin=0 susp_ok=14 susp_fail=0 cap=100 v=4335539 i=0 chg=Full online=1
up=41397 write=ok timing=10 (mmc HS400) clock=200000000 Hz apss_shut=938097 apss_xo=0 lpass_shut=118 vlow=0 vmin=0 susp_ok=14 susp_fail=0 cap=100 v=4335539 i=0 chg=Full online=1
up=41427 write=ok timing=10 (mmc HS400) clock=200000000 Hz apss_shut=938642 apss_xo=0 lpass_shut=118 vlow=0 vmin=0 susp_ok=14 susp_fail=0 cap=100 v=4334955 i=0 chg=Full online=1
up=41457 write=ok timing=10 (mmc HS400) clock=200000000 Hz apss_shut=939180 apss_xo=0 lpass_shut=118 vlow=0 vmin=0 susp_ok=14 susp_fail=0 cap=100 v=4334955 i=0 chg=Full online=1
up=41488 write=ok timing=10 (mmc HS400) clock=200000000 Hz apss_shut=939723 apss_xo=0 lpass_shut=118 vlow=0 vmin=0 susp_ok=14 susp_fail=0 cap=100 v=4334566 i=0 chg=Full online=1
up=41518 write=ok timing=10 (mmc HS400) clock=200000000 Hz apss_shut=940162 apss_xo=0 lpass_shut=118 vlow=0 vmin=0 susp_ok=14 susp_fail=0 cap=100 v=4334566 i=0 chg=Full online=1
up=41548 write=ok timing=10 (mmc HS400) clock=200000000 Hz apss_shut=940733 apss_xo=0 lpass_shut=118 vlow=0 vmin=0 susp_ok=14 susp_fail=0 cap=100 v=4334566 i=0 chg=Full online=1
up=41578 write=ok timing=10 (mmc HS400) clock=200000000 Hz apss_shut=941250 apss_xo=0 lpass_shut=118 vlow=0 vmin=0 susp_ok=14 susp_fail=0 cap=100 v=4334566 i=0 chg=Full online=1
up=41608 write=ok timing=10 (mmc HS400) clock=200000000 Hz apss_shut=941751 apss_xo=0 lpass_shut=118 vlow=0 vmin=0 susp_ok=14 susp_fail=0 cap=100 v=4333787 i=0 chg=Full online=1
up=41638 write=ok timing=10 (mmc HS400) clock=200000000 Hz apss_shut=942293 apss_xo=0 lpass_shut=118 vlow=0 vmin=0 susp_ok=14 susp_fail=0 cap=100 v=4333787 i=0 chg=Full online=1
up=41668 write=ok timing=10 (mmc HS400) clock=200000000 Hz apss_shut=942745 apss_xo=0 lpass_shut=118 vlow=0 vmin=0 susp_ok=14 susp_fail=0 cap=100 v=4333982 i=0 chg=Full online=1
up=41698 write=ok timing=10 (mmc HS400) clock=200000000 Hz apss_shut=943242 apss_xo=0 lpass_shut=118 vlow=0 vmin=0 susp_ok=14 susp_fail=0 cap=100 v=4333982 i=0 chg=Full online=1
up=41728 write=ok timing=10 (mmc HS400) clock=200000000 Hz apss_shut=943754 apss_xo=0 lpass_shut=118 vlow=0 vmin=0 susp_ok=14 susp_fail=0 cap=100 v=4333787 i=0 chg=Full online=1
up=41758 write=ok timing=10 (mmc HS400) clock=200000000 Hz apss_shut=944201 apss_xo=0 lpass_shut=118 vlow=0 vmin=0 susp_ok=14 susp_fail=0 cap=100 v=4333787 i=0 chg=Full online=1
up=41788 write=ok timing=10 (mmc HS400) clock=200000000 Hz apss_shut=944701 apss_xo=0 lpass_shut=118 vlow=0 vmin=0 susp_ok=14 susp_fail=0 cap=100 v=4333398 i=0 chg=Full online=1
up=41818 write=ok timing=10 (mmc HS400) clock=200000000 Hz apss_shut=945237 apss_xo=0 lpass_shut=118 vlow=0 vmin=0 susp_ok=14 susp_fail=0 cap=100 v=4333398 i=0 chg=Full online=1
up=41848 write=ok timing=10 (mmc HS400) clock=200000000 Hz apss_shut=945771 apss_xo=0 lpass_shut=118 vlow=0 vmin=0 susp_ok=14 susp_fail=0 cap=100 v=4333204 i=0 chg=Full online=1
up=41878 write=ok timing=10 (mmc HS400) clock=200000000 Hz apss_shut=946245 apss_xo=0 lpass_shut=118 vlow=0 vmin=0 susp_ok=14 susp_fail=0 cap=100 v=4333204 i=0 chg=Full online=1
up=41909 write=ok timing=10 (mmc HS400) clock=200000000 Hz apss_shut=946769 apss_xo=0 lpass_shut=118 vlow=0 vmin=0 susp_ok=14 susp_fail=0 cap=100 v=4333204 i=0 chg=Full online=1
up=41939 write=ok timing=10 (mmc HS400) clock=200000000 Hz apss_shut=947314 apss_xo=0 lpass_shut=118 vlow=0 vmin=0 susp_ok=14 susp_fail=0 cap=100 v=4332814 i=0 chg=Full online=1
up=41969 write=ok timing=10 (mmc HS400) clock=200000000 Hz apss_shut=947852 apss_xo=0 lpass_shut=118 vlow=0 vmin=0 susp_ok=14 susp_fail=0 cap=100 v=4332814 i=0 chg=Full online=1
up=41999 write=ok timing=10 (mmc HS400) clock=200000000 Hz apss_shut=948382 apss_xo=0 lpass_shut=118 vlow=0 vmin=0 susp_ok=14 susp_fail=0 cap=100 v=4332620 i=0 chg=Full online=1
up=42029 write=ok timing=10 (mmc HS400) clock=200000000 Hz apss_shut=948912 apss_xo=0 lpass_shut=118 vlow=0 vmin=0 susp_ok=14 susp_fail=0 cap=100 v=4332620 i=0 chg=Full online=1
up=42059 write=ok timing=10 (mmc HS400) clock=200000000 Hz apss_shut=949468 apss_xo=0 lpass_shut=118 vlow=0 vmin=0 susp_ok=14 susp_fail=0 cap=100 v=4332425 i=0 chg=Full online=1
up=42089 write=ok timing=10 (mmc HS400) clock=200000000 Hz apss_shut=949978 apss_xo=0 lpass_shut=118 vlow=0 vmin=0 susp_ok=14 susp_fail=0 cap=100 v=4332425 i=0 chg=Full online=1
up=42119 write=ok timing=10 (mmc HS400) clock=200000000 Hz apss_shut=950499 apss_xo=0 lpass_shut=118 vlow=0 vmin=0 susp_ok=14 susp_fail=0 cap=100 v=4332230 i=0 chg=Full online=1
up=42149 write=ok timing=10 (mmc HS400) clock=200000000 Hz apss_shut=951012 apss_xo=0 lpass_shut=118 vlow=0 vmin=0 susp_ok=14 susp_fail=0 cap=100 v=4332230 i=0 chg=Full online=1
up=42179 write=ok timing=10 (mmc HS400) clock=200000000 Hz apss_shut=951526 apss_xo=0 lpass_shut=118 vlow=0 vmin=0 susp_ok=14 susp_fail=0 cap=100 v=4331841 i=0 chg=Full online=1
up=42209 write=ok timing=10 (mmc HS400) clock=200000000 Hz apss_shut=952028 apss_xo=0 lpass_shut=118 vlow=0 vmin=0 susp_ok=14 susp_fail=0 cap=100 v=4331841 i=0 chg=Full online=1
up=42239 write=ok timing=10 (mmc HS400) clock=200000000 Hz apss_shut=952510 apss_xo=0 lpass_shut=118 vlow=0 vmin=0 susp_ok=14 susp_fail=0 cap=100 v=4331063 i=0 chg=Full online=1
up=42269 write=ok timing=10 (mmc HS400) clock=200000000 Hz apss_shut=953032 apss_xo=0 lpass_shut=118 vlow=0 vmin=0 susp_ok=14 susp_fail=0 cap=100 v=4331063 i=0 chg=Full online=1
up=42299 write=ok timing=10 (mmc HS400) clock=200000000 Hz apss_shut=953533 apss_xo=0 lpass_shut=118 vlow=0 vmin=0 susp_ok=14 susp_fail=0 cap=100 v=4331841 i=0 chg=Full online=1
up=42329 write=ok timing=10 (mmc HS400) clock=200000000 Hz apss_shut=954047 apss_xo=0 lpass_shut=118 vlow=0 vmin=0 susp_ok=14 susp_fail=0 cap=100 v=4331841 i=0 chg=Full online=1
up=42360 write=ok timing=10 (mmc HS400) clock=200000000 Hz apss_shut=954537 apss_xo=0 lpass_shut=118 vlow=0 vmin=0 susp_ok=14 susp_fail=0 cap=100 v=4332036 i=0 chg=Full online=1
up=42390 write=ok timing=10 (mmc HS400) clock=200000000 Hz apss_shut=955040 apss_xo=0 lpass_shut=118 vlow=0 vmin=0 susp_ok=14 susp_fail=0 cap=100 v=4332036 i=0 chg=Full online=1
up=42420 write=ok timing=10 (mmc HS400) clock=200000000 Hz apss_shut=955544 apss_xo=0 lpass_shut=118 vlow=0 vmin=0 susp_ok=14 susp_fail=0 cap=100 v=4332036 i=0 chg=Full online=1
up=42450 write=ok timing=10 (mmc HS400) clock=200000000 Hz apss_shut=956039 apss_xo=0 lpass_shut=118 vlow=0 vmin=0 susp_ok=14 susp_fail=0 cap=100 v=4330479 i=0 chg=Full online=1
up=42480 write=ok timing=10 (mmc HS400) clock=200000000 Hz apss_shut=956542 apss_xo=0 lpass_shut=118 vlow=0 vmin=0 susp_ok=14 susp_fail=0 cap=100 v=4330479 i=0 chg=Full online=1
up=42510 write=ok timing=10 (mmc HS400) clock=200000000 Hz apss_shut=957029 apss_xo=0 lpass_shut=118 vlow=0 vmin=0 susp_ok=14 susp_fail=0 cap=100 v=4331063 i=0 chg=Full online=1
up=42540 write=ok timing=10 (mmc HS400) clock=200000000 Hz apss_shut=957481 apss_xo=0 lpass_shut=118 vlow=0 vmin=0 susp_ok=14 susp_fail=0 cap=100 v=4331063 i=0 chg=Full online=1
up=42570 write=ok timing=10 (mmc HS400) clock=200000000 Hz apss_shut=957989 apss_xo=0 lpass_shut=118 vlow=0 vmin=0 susp_ok=14 susp_fail=0 cap=100 v=4330479 i=0 chg=Full online=1
up=42600 write=ok timing=10 (mmc HS400) clock=200000000 Hz apss_shut=958477 apss_xo=0 lpass_shut=118 vlow=0 vmin=0 susp_ok=14 susp_fail=0 cap=100 v=4330479 i=0 chg=Full online=1
up=42630 write=ok timing=10 (mmc HS400) clock=200000000 Hz apss_shut=958974 apss_xo=0 lpass_shut=118 vlow=0 vmin=0 susp_ok=14 susp_fail=0 cap=100 v=4330089 i=0 chg=Full online=1
up=42660 write=ok timing=10 (mmc HS400) clock=200000000 Hz apss_shut=959508 apss_xo=0 lpass_shut=118 vlow=0 vmin=0 susp_ok=14 susp_fail=0 cap=100 v=4330089 i=0 chg=Full online=1
up=42690 write=ok timing=10 (mmc HS400) clock=200000000 Hz apss_shut=960040 apss_xo=0 lpass_shut=118 vlow=0 vmin=0 susp_ok=14 susp_fail=0 cap=100 v=4330479 i=0 chg=Full online=1
up=42720 write=ok timing=10 (mmc HS400) clock=200000000 Hz apss_shut=960578 apss_xo=0 lpass_shut=118 vlow=0 vmin=0 susp_ok=14 susp_fail=0 cap=100 v=4330479 i=0 chg=Full online=1
up=42750 write=ok timing=10 (mmc HS400) clock=200000000 Hz apss_shut=961145 apss_xo=0 lpass_shut=118 vlow=0 vmin=0 susp_ok=14 susp_fail=0 cap=100 v=4330089 i=0 chg=Full online=1
up=42781 write=ok timing=10 (mmc HS400) clock=200000000 Hz apss_shut=961700 apss_xo=0 lpass_shut=118 vlow=0 vmin=0 susp_ok=14 susp_fail=0 cap=100 v=4330089 i=0 chg=Full online=1
up=42811 write=ok timing=10 (mmc HS400) clock=200000000 Hz apss_shut=962239 apss_xo=0 lpass_shut=118 vlow=0 vmin=0 susp_ok=14 susp_fail=0 cap=100 v=4329700 i=0 chg=Full online=1
