# uptime_s cap_pct v_uV cur_uA temp_dC bl_power status
27207.81 100 4308095 -136108 275 4 Discharging
27217.88 100 4296028 -190887 274 4 Discharging
27227.94 100 4292135 -212402 275 4 Discharging
27238.01 100 4329505 -51727 275 4 Discharging
27248.10 100 4289605 -202179 275 4 Discharging
27258.17 100 4321915 -62866 274 4 Discharging
27268.25 100 4285907 -160369 275 4 Discharging
27278.35 100 4295055 -167083 274 4 Discharging
27288.43 100 4290383 -143280 274 4 Discharging
27298.51 100 4279678 -181274 274 4 Discharging
27308.58 100 4316075 -61798 274 4 Discharging
27318.69 100 4317049 -53253 274 4 Discharging
27328.76 100 4316270 -53405 274 4 Discharging
27338.84 100 4308679 -52948 274 4 Discharging
27348.93 100 4293108 -172729 274 4 Discharging
27359.00 100 4297196 -136566 274 4 Discharging
27369.08 100 4309458 -53100 274 4 Discharging
27379.15 100 4272671 -177917 274 4 Discharging
27389.21 100 4311015 -52948 274 4 Discharging
27399.28 100 4299142 -108795 273 4 Discharging
27409.36 100 4265859 -271301 274 4 Discharging
27419.45 100 4273061 -242157 274 4 Discharging
27429.52 100 4305565 -59661 274 4 Discharging
27439.60 100 4288242 -107421 274 4 Discharging
27449.68 100 4297780 -53405 274 4 Discharging
27459.75 100 4270336 -176239 274 4 Discharging
27469.83 100 4303813 -52490 273 4 Discharging
27479.93 100 4273645 -214080 273 4 Discharging
27490.01 100 4290189 -97503 274 4 Discharging
27500.08 100 4285128 -114135 273 4 Discharging
27510.16 100 4254765 -219726 274 4 Discharging
27520.24 100 4288437 -95520 273 4 Discharging
27530.32 100 4279289 -234832 273 4 Discharging
27540.40 100 4294081 -99487 273 4 Discharging
27550.47 100 4282209 -258178 273 4 Discharging
27560.54 100 4294471 -102844 273 4 Discharging
27570.62 100 4301088 -54168 273 4 Discharging
27580.70 100 4269752 -186309 273 4 Discharging
27590.77 100 4266248 -153198 273 4 Discharging
27600.84 100 4268195 -182953 273 4 Discharging
27610.92 100 4258268 -235290 273 4 Discharging
27620.98 100 4280457 -157318 273 4 Discharging
27631.06 100 4281041 -154876 273 4 Discharging
27641.15 100 4296417 -66223 273 4 Discharging
27651.22 100 4294471 -53710 272 4 Discharging
27661.29 100 4279094 -139770 272 4 Discharging
27671.36 100 4265664 -154113 273 4 Discharging
27681.45 100 4257490 -198669 273 4 Discharging
27691.51 99 4269752 -205078 272 4 Discharging
27701.57 99 4295639 -53100 273 4 Discharging
27711.64 99 4289799 -153045 272 4 Discharging
27721.72 99 4285128 -82244 272 4 Discharging
27731.80 99 4288048 -70800 272 4 Discharging
27741.88 99 4247563 -238037 273 4 Discharging
27751.97 99 4262356 -193634 273 4 Discharging
27762.04 99 4277927 -142822 272 4 Discharging
27772.11 99 4289021 -62561 272 4 Discharging
27782.22 99 4289021 -53405 272 4 Discharging
27792.29 99 4278316 -81939 272 4 Discharging
27802.36 99 4255154 -166778 272 4 Discharging
27812.43 99 4257295 -153808 272 4 Discharging
27822.49 99 4242308 -243377 273 4 Discharging
27832.57 99 4288632 -53558 272 4 Discharging
27842.64 99 4286101 -62561 273 4 Discharging
27852.71 99 4273645 -98724 272 4 Discharging
27862.78 99 4279873 -102844 272 4 Discharging
27872.86 99 4281041 -62255 272 4 Discharging
27882.94 99 4253208 -156250 272 4 Discharging
27893.00 99 4262745 -173034 272 4 Discharging
27903.07 99 4273450 -125579 272 4 Discharging
27913.15 99 4284155 -58136 272 4 Discharging
27923.21 99 4279289 -75836 272 4 Discharging
27933.27 99 4278511 -63324 272 4 Discharging
27943.36 99 4280652 -52490 272 4 Discharging
27953.42 99 4270530 -94604 272 4 Discharging
27963.49 99 4248731 -229339 272 4 Discharging
27973.56 99 4283182 -51727 272 4 Discharging
27983.66 99 4272477 -133361 272 4 Discharging
27993.73 99 4262550 -128479 272 4 Discharging
28003.80 99 4272477 -83923 272 4 Discharging
28013.87 99 4275396 -63171 272 4 Discharging
28023.93 99 4236080 -206146 272 4 Discharging
28034.00 99 4233939 -263977 272 4 Discharging
28044.07 99 4280846 -53405 272 4 Discharging
28054.16 99 4280457 -52948 272 4 Discharging
28064.24 99 4267222 -95367 272 4 Discharging
28074.31 99 4244838 -163269 272 4 Discharging
28084.39 99 4275202 -53253 272 4 Discharging
28094.47 99 4231019 -181427 272 4 Discharging
28104.55 99 4242308 -189209 272 4 Discharging
28114.64 99 4249315 -154113 272 4 Discharging
28124.71 99 4247758 -171814 272 4 Discharging
28134.78 99 4245422 -171814 272 4 Discharging
28144.87 99 4251261 -151367 272 4 Discharging
28154.94 99 4273839 -54473 272 4 Discharging
28165.01 99 4241335 -175018 272 4 Discharging
28175.07 99 4273450 -334930 272 4 Discharging
28185.16 99 4268779 -80871 272 4 Discharging
28195.23 99 4272282 -63018 272 4 Discharging
28205.30 99 4274618 -53253 272 4 Discharging
28215.38 99 4272671 -53558 272 4 Discharging
28225.46 99 4272088 -54016 272 4 Discharging
28235.53 99 4237053 -153350 272 4 Discharging
28245.60 99 4252040 -162201 272 4 Discharging
28255.67 99 4249899 -144043 272 4 Discharging
28265.74 99 4252235 -126648 272 4 Discharging
28275.81 99 4234328 -197448 272 4 Discharging
28285.90 99 4270141 -53253 272 4 Discharging
28295.98 99 4268973 -53100 272 4 Discharging
28306.05 99 4237831 -158233 272 4 Discharging
28316.12 99 4237442 -218963 272 4 Discharging
28326.20 99 4271504 -52642 272 4 Discharging
28336.26 99 4246590 -129394 272 4 Discharging
28346.34 99 4270725 -52642 272 4 Discharging
28356.42 99 4261772 -81634 272 4 Discharging
28366.49 99 4263718 -63018 272 4 Discharging
28376.57 99 4237637 -155944 272 4 Discharging
28386.90 99 4229462 -211486 272 4 Discharging
28397.11 99 4265275 -95520 272 4 Discharging
28407.29 99 4229462 -151672 272 4 Discharging
28417.76 99 4253208 -124664 272 4 Discharging
28427.99 99 4261382 -58136 272 4 Discharging
28438.17 99 4232771 -201721 272 4 Discharging
28448.67 99 4262745 -63171 272 4 Discharging
28458.74 99 4234523 -149078 272 4 Discharging
28468.82 99 4255349 -62561 272 4 Discharging
28478.89 99 4224596 -209198 272 4 Discharging
28488.96 99 4261188 -52337 272 4 Discharging
28499.05 99 4229462 -214386 272 4 Discharging
28509.12 99 4234912 -174865 272 4 Discharging
28519.20 99 4262356 -57830 272 4 Discharging
28529.27 99 4259825 -54016 272 4 Discharging
28539.34 99 4233744 -156555 272 4 Discharging
28549.43 99 4231798 -172271 272 4 Discharging
28559.50 99 4263329 -56304 271 4 Discharging
28569.57 99 4257879 -138549 272 4 Discharging
28579.64 99 4262745 -53253 272 4 Discharging
28589.73 99 4252429 -114135 271 4 Discharging
28599.81 99 4261382 -70343 272 4 Discharging
28609.88 99 4248536 -105896 272 4 Discharging
28619.96 99 4221871 -198516 272 4 Discharging
28630.04 99 4228100 -205841 272 4 Discharging
28640.11 99 4250094 -98266 272 4 Discharging
28650.19 99 4261577 -53710 271 4 Discharging
28660.27 99 4260604 -102539 272 4 Discharging
28670.35 99 4260799 -95062 271 4 Discharging
28680.42 99 4241919 -105896 272 4 Discharging
28690.49 99 4230046 -155181 272 4 Discharging
28700.56 99 4256322 -53558 272 4 Discharging
28710.64 99 4255738 -133056 271 4 Discharging
28720.73 99 4252429 -96740 272 4 Discharging
28730.80 99 4254570 -53558 271 4 Discharging
28740.87 99 4256711 -54016 272 4 Discharging
28750.95 99 4249120 -55542 271 4 Discharging
28761.02 98 4213891 -185089 272 4 Discharging
28771.09 98 4209998 -239105 272 4 Discharging
28781.16 98 4214670 -210724 271 4 Discharging
28791.24 98 4229851 -150756 271 4 Discharging
28801.30 98 4224207 -166473 272 4 Discharging
28811.37 98 4225764 -178222 272 4 Discharging
28821.46 98 4252624 -53405 271 4 Discharging
28831.53 98 4207079 -253906 272 4 Discharging
28841.60 98 4221482 -181121 272 4 Discharging
28851.67 98 4223623 -202942 271 4 Discharging
28861.74 98 4255349 -87890 271 4 Discharging
28871.80 98 4246006 -97961 271 4 Discharging
28881.88 98 4255933 -65002 271 4 Discharging
28891.97 98 4251456 -53710 271 4 Discharging
28902.03 98 4237831 -70648 271 4 Discharging
28912.09 98 4222066 -242614 272 4 Discharging
28922.16 98 4231408 -146637 271 4 Discharging
28932.23 98 4253986 -53710 272 4 Discharging
28942.30 98 4253402 -54626 271 4 Discharging
28952.38 98 4252818 -60272 271 4 Discharging
28962.46 98 4238999 -101318 271 4 Discharging
28972.53 98 4243087 -54473 271 4 Discharging
28982.61 98 4214280 -164642 272 4 Discharging
28992.68 98 4209998 -329437 272 4 Discharging
29002.75 98 4251845 -52185 271 4 Discharging
29012.83 98 4251261 -53253 271 4 Discharging
29022.90 98 4228878 -141296 272 4 Discharging
29032.97 98 4244838 -81481 271 4 Discharging
29043.04 98 4235496 -133209 271 4 Discharging
29053.12 98 4239972 -73394 271 4 Discharging
29063.33 98 4217978 -150299 272 4 Discharging
29073.39 98 4204743 -196838 271 4 Discharging
29083.46 98 4249704 -141449 271 4 Discharging
29093.56 98 4227321 -134124 272 4 Discharging
29103.63 98 4248731 -52948 271 4 Discharging
29113.69 98 4245033 -63629 272 4 Discharging
29123.76 98 4245033 -53253 271 4 Discharging
29133.99 98 4212334 -148010 271 4 Discharging
29144.06 98 4242892 -53863 271 4 Discharging
29154.14 98 4194622 -244903 271 4 Discharging
29164.21 98 4232965 -66375 271 4 Discharging
29174.28 98 4224791 -146484 271 4 Discharging
29184.35 98 4246201 -53558 271 4 Discharging
29194.43 98 4224596 -158691 271 4 Discharging
29204.50 98 4232576 -163269 272 4 Discharging
29214.58 98 4212529 -175323 271 4 Discharging
29224.66 98 4215643 -182037 272 4 Discharging
29234.73 98 4241919 -62561 271 4 Discharging
29244.79 98 4238610 -81939 271 4 Discharging
29254.89 98 4243281 -57678 271 4 Discharging
29264.96 98 4221287 -135040 271 4 Discharging
29275.05 98 4240751 -62561 271 4 Discharging
29285.12 98 4191119 -227813 271 4 Discharging
29295.20 98 4206106 -164642 271 4 Discharging
29305.27 98 4244060 -53863 271 4 Discharging
29315.34 98 4241140 -63324 271 4 Discharging
29325.44 98 4243281 -54626 271 4 Discharging
29335.52 98 4201045 -223999 271 4 Discharging
29345.59 98 4242892 -54321 271 4 Discharging
29355.67 98 4223818 -81634 271 4 Discharging
29365.73 98 4186253 -282440 271 4 Discharging
29375.81 98 4231798 -104827 271 4 Discharging
29385.88 98 4209609 -169830 271 4 Discharging
29395.96 98 4193454 -331878 272 4 Discharging
29406.01 98 4200266 -204315 271 4 Discharging
29416.08 98 4240362 -52795 271 4 Discharging
29426.16 98 4211166 -185547 271 4 Discharging
29436.23 98 4228878 -105133 271 4 Discharging
29446.29 98 4219146 -132446 271 4 Discharging
29456.36 98 4240946 -53558 271 4 Discharging
29466.46 98 4236858 -52795 271 4 Discharging
29476.53 98 4217005 -196838 271 4 Discharging
29486.60 98 4236858 -54473 271 4 Discharging
29496.67 98 4211166 -156250 271 4 Discharging
29506.74 98 4205716 -200653 271 4 Discharging
29516.82 98 4239972 -66375 271 4 Discharging
29526.90 98 4230435 -119018 271 4 Discharging
29536.97 98 4235690 -64086 271 4 Discharging
29547.04 98 4208830 -243683 271 4 Discharging
29557.13 98 4222650 -125122 271 4 Discharging
29567.19 98 4190145 -214996 271 4 Discharging
29577.24 98 4213307 -175323 271 4 Discharging
29587.29 98 4238610 -54016 271 4 Discharging
29597.37 98 4229851 -82550 271 4 Discharging
29607.43 98 4234523 -59814 271 4 Discharging
29617.50 98 4213113 -227203 271 4 Discharging
29627.59 98 4232965 -52948 271 4 Discharging
29637.65 98 4202407 -162353 271 4 Discharging
29647.72 98 4197542 -177002 271 4 Discharging
29657.80 98 4222844 -142974 271 4 Discharging
29667.88 98 4232965 -62713 271 4 Discharging
29677.96 98 4206495 -136108 271 4 Discharging
29688.06 98 4217005 -160217 271 4 Discharging
29698.13 98 4234328 -53558 271 4 Discharging
29708.20 98 4198125 -196380 271 4 Discharging
29718.29 98 4202213 -157928 271 4 Discharging
29728.36 98 4199683 -200958 271 4 Discharging
29738.42 98 4211750 -149536 271 4 Discharging
29748.49 98 4227905 -52337 271 4 Discharging
29758.58 97 4206689 -210724 271 4 Discharging
29768.66 97 4217005 -131073 271 4 Discharging
29778.74 97 4230824 -63171 271 4 Discharging
29788.83 97 4226542 -54168 271 4 Discharging
29798.90 97 4198320 -171508 271 4 Discharging
29808.98 97 4229657 -63171 271 4 Discharging
29819.05 97 4202602 -181274 271 4 Discharging
29829.12 97 4232965 -85601 271 4 Discharging
29839.20 97 4234328 -53253 271 4 Discharging
29849.28 97 4218368 -157623 271 4 Discharging
29859.36 97 4223818 -54779 271 4 Discharging
29869.42 97 4203965 -147705 271 4 Discharging
29879.48 97 4226737 -56915 271 4 Discharging
29889.58 97 4223234 -52795 271 4 Discharging
29899.66 97 4211555 -157470 271 4 Discharging
29909.72 97 4227321 -53558 271 4 Discharging
29919.79 97 4208441 -115356 271 4 Discharging
29929.86 97 4209220 -164184 271 4 Discharging
29939.94 97 4196763 -196838 271 4 Discharging
29950.01 97 4229462 -52795 271 4 Discharging
29960.10 97 4195790 -117340 271 4 Discharging
29970.18 97 4198515 -197143 271 4 Discharging
29980.25 97 4231214 -56915 271 4 Discharging
29990.33 97 4213113 -106964 271 4 Discharging
30000.39 97 4224207 -102539 271 4 Discharging
30010.46 97 4187031 -206604 271 4 Discharging
30020.55 97 4220119 -67291 271 4 Discharging
30030.62 97 4205522 -163879 271 4 Discharging
30040.69 97 4211750 -123748 271 4 Discharging
30050.77 97 4220703 -73242 271 4 Discharging
30060.84 97 4226153 -52948 271 4 Discharging
30070.91 97 4223428 -54779 271 4 Discharging
30081.00 97 4194622 -154876 271 4 Discharging
30091.07 97 4174769 -232849 271 4 Discharging
30101.14 97 4226542 -52490 271 4 Discharging
30111.21 97 4202991 -181732 271 4 Discharging
30121.31 97 4224596 -124206 271 4 Discharging
30131.39 97 4227321 -53710 271 4 Discharging
30141.45 97 4217589 -81939 271 4 Discharging
30151.56 97 4202602 -176239 271 4 Discharging
30161.64 97 4176910 -213470 271 4 Discharging
30171.70 97 4225764 -53710 271 4 Discharging
30181.77 97 4205522 -103149 271 4 Discharging
30191.83 97 4217005 -140686 271 4 Discharging
30201.90 97 4206300 -140075 271 4 Discharging
30211.98 97 4210582 -98724 271 4 Discharging
30222.10 97 4201240 -59051 271 4 Discharging
30232.18 97 4172823 -240173 271 4 Discharging
30242.25 97 4222455 -53710 271 4 Discharging
30252.34 97 4219536 -53100 271 4 Discharging
30262.41 97 4210582 -102386 271 4 Discharging
30272.47 97 4221677 -64697 271 4 Discharging
30282.56 97 4199488 -145721 271 4 Discharging
30292.63 97 4188978 -196380 271 4 Discharging
30302.70 97 4192676 -200653 271 4 Discharging
30312.78 97 4209609 -116424 271 4 Discharging
30322.86 97 4209804 -100860 270 4 Discharging
30332.93 97 4195011 -156250 271 4 Discharging
30343.00 97 4219730 -62103 271 4 Discharging
30353.11 97 4188394 -157928 271 4 Discharging
30363.18 97 4212723 -65002 270 4 Discharging
30373.25 97 4185669 -236511 271 4 Discharging
30383.35 97 4220119 -54168 271 4 Discharging
30393.42 97 4217589 -58288 270 4 Discharging
30403.49 97 4178078 -280304 270 4 Discharging
30413.58 97 4213113 -82397 270 4 Discharging
30423.64 97 4202018 -145111 270 4 Discharging
30433.71 97 4214280 -62255 271 4 Discharging
30443.80 97 4202213 -83313 270 4 Discharging
30453.86 97 4183722 -187378 271 4 Discharging
30463.94 97 4217200 -54779 270 4 Discharging
30474.01 97 4200850 -153198 271 4 Discharging
30484.08 97 4210388 -81939 270 4 Discharging
30494.15 97 4217978 -52795 271 4 Discharging
30504.21 97 4207468 -77972 270 4 Discharging
30514.30 97 4176131 -199127 270 4 Discharging
30524.37 97 4181971 -189056 271 4 Discharging
30534.44 97 4177494 -187530 271 4 Discharging
30544.52 97 4194817 -176086 271 4 Discharging
30554.59 97 4198904 -134887 270 4 Discharging
30564.66 97 4217395 -53863 270 4 Discharging
30574.73 97 4199877 -106811 270 4 Discharging
30584.82 97 4183528 -121612 270 4 Discharging
30594.89 97 4193260 -215759 271 4 Discharging
30604.95 97 4214475 -53405 271 4 Discharging
30615.03 97 4194233 -180816 270 4 Discharging
30625.10 97 4211945 -63171 270 4 Discharging
30635.18 97 4196374 -128021 271 4 Discharging
30645.25 97 4206495 -91400 270 4 Discharging
30655.33 97 4177883 -153808 271 4 Discharging
30665.40 97 4215059 -54016 271 4 Discharging
30675.48 97 4199488 -101776 270 4 Discharging
30685.57 97 4214086 -84686 271 4 Discharging
30695.64 97 4214670 -54168 270 4 Discharging
30705.72 97 4214086 -62561 270 4 Discharging
30715.79 97 4203770 -131836 271 4 Discharging
30725.86 97 4210971 -67749 271 4 Discharging
30735.93 96 4180024 -148620 271 4 Discharging
30746.00 96 4167762 -285339 271 4 Discharging
30756.08 96 4180024 -180511 271 4 Discharging
30766.15 96 4210777 -71868 271 4 Discharging
30776.23 96 4211166 -53253 270 4 Discharging
30786.30 96 4195984 -125885 270 4 Discharging
30796.37 96 4190729 -157165 270 4 Discharging
30806.44 96 4174380 -215912 271 4 Discharging
30816.54 96 4164259 -218353 271 4 Discharging
30826.61 96 4183333 -189819 271 4 Discharging
30836.69 96 4213113 -53710 270 4 Discharging
30846.78 96 4203186 -101165 270 4 Discharging
30856.87 96 4180413 -175476 271 4 Discharging
30866.95 96 4199293 -108642 271 4 Discharging
30877.02 96 4199293 -53710 271 4 Discharging
30887.10 96 4171460 -160064 271 4 Discharging
30897.18 96 4209025 -64697 271 4 Discharging
30907.27 96 4198320 -99182 271 4 Discharging
30917.55 96 4197542 -82855 271 4 Discharging
30927.62 96 4189172 -191192 271 4 Discharging
30937.69 96 4208247 -53558 271 4 Discharging
30947.77 96 4188004 -77362 271 4 Discharging
30957.84 96 4174574 -281830 271 4 Discharging
30967.91 96 4183138 -187225 271 4 Discharging
30977.99 96 4207663 -53863 271 4 Discharging
30988.07 96 4192870 -106811 271 4 Discharging
30998.15 96 4207857 -53863 271 4 Discharging
31008.22 96 4184890 -99792 271 4 Discharging
31018.30 96 4177883 -148773 271 4 Discharging
31028.37 96 4197347 -70190 272 4 Discharging
31038.44 96 4180997 -200042 271 4 Discharging
31048.52 96 4199293 -62713 271 4 Discharging
31058.59 96 4205716 -85907 271 4 Discharging
31068.66 96 4206884 -52795 271 4 Discharging
31078.73 96 4204743 -53253 270 4 Discharging
31088.81 96 4151218 -289459 271 4 Discharging
31098.87 96 4199488 -82702 270 4 Discharging
31108.94 96 4186447 -157775 271 4 Discharging
31119.04 96 4195984 -114898 271 4 Discharging
31129.16 96 4191313 -108795 271 4 Discharging
31139.23 96 4203186 -63171 271 4 Discharging
31149.30 96 4194038 -148162 270 4 Discharging
31159.39 96 4158614 -247650 271 4 Discharging
31169.46 96 4178078 -176696 271 4 Discharging
31179.54 96 4184501 -146942 270 4 Discharging
31189.65 96 4202991 -99029 271 4 Discharging
31199.72 96 4198904 -62408 271 4 Discharging
31209.79 96 4199488 -64086 271 4 Discharging
31219.86 96 4195206 -54168 271 4 Discharging
31229.92 96 4154721 -216217 271 4 Discharging
31239.98 96 4176326 -201568 271 4 Discharging
31250.05 96 4205327 -53558 271 4 Discharging
31260.13 96 4204354 -53100 271 4 Discharging
31270.21 96 4203575 -53863 271 4 Discharging
31280.28 96 4196374 -54626 271 4 Discharging
31290.35 96 4199293 -53253 271 4 Discharging
31300.42 96 4167957 -171051 271 4 Discharging
31310.48 96 4151996 -222015 271 4 Discharging
31320.58 96 4203770 -53405 270 4 Discharging
31330.66 96 4145963 -220489 271 4 Discharging
31340.72 96 4198515 -173492 270 4 Discharging
31350.80 96 4199683 -54626 271 4 Discharging
31360.91 96 4200072 -52948 270 4 Discharging
31370.99 96 4194038 -244293 271 4 Discharging
31381.06 96 4168930 -149231 270 4 Discharging
31391.15 96 4148688 -280151 271 4 Discharging
31401.23 96 4186447 -106811 271 4 Discharging
31411.34 96 4191702 -109100 270 4 Discharging
31421.42 96 4198904 -53100 270 4 Discharging
31431.48 96 4189951 -113983 270 4 Discharging
31441.55 96 4187226 -82855 271 4 Discharging
31451.65 96 4159198 -198669 270 4 Discharging
31461.72 96 4200850 -53558 271 4 Discharging
31471.79 96 4198515 -53100 270 4 Discharging
31481.87 96 4184890 -157928 270 4 Discharging
31491.95 96 4199683 -53863 271 4 Discharging
31502.02 96 4151023 -99792 271 4 Discharging
31512.10 96 4150634 -260009 271 4 Discharging
31522.19 96 4166205 -158538 271 4 Discharging
31532.26 96 4193260 -66680 271 4 Discharging
31542.33 96 4197736 -54473 270 4 Discharging
31552.43 96 4188004 -120544 271 4 Discharging
31562.49 96 4192481 -63629 270 4 Discharging
31572.56 96 4177299 -114135 271 4 Discharging
31582.63 96 4172433 -174713 270 4 Discharging
31592.71 96 4167373 -198974 270 4 Discharging
31602.78 96 4164453 -222015 271 4 Discharging
31612.84 96 4190729 -96283 270 4 Discharging
31622.93 96 4195011 -145111 270 4 Discharging
31633.01 96 4190535 -106048 270 4 Discharging
31643.10 96 4177299 -107269 270 4 Discharging
31653.17 96 4171849 -135040 270 4 Discharging
31663.24 96 4165426 -201568 270 4 Discharging
31673.31 96 4138956 -236816 272 4 Discharging
31683.39 96 4185669 -54168 270 4 Discharging
31693.46 96 4171071 -143127 271 4 Discharging
31703.53 95 4181192 -142974 270 4 Discharging
31713.61 95 4189951 -69732 271 4 Discharging
31723.69 95 4170292 -197448 270 4 Discharging
31733.77 95 4157252 -202331 271 4 Discharging
31743.84 95 4181971 -83007 271 4 Discharging
31753.92 95 4195011 -53558 270 4 Discharging
31763.99 95 4194817 -53405 270 4 Discharging
31774.06 95 4192481 -53100 270 4 Discharging
31784.14 95 4182749 -121460 270 4 Discharging
31794.22 95 4166400 -187683 271 4 Discharging
31804.29 95 4155889 -179138 270 4 Discharging
31814.36 95 4178662 -120849 270 4 Discharging
31824.44 95 4195206 -53100 270 4 Discharging
31834.52 95 4192676 -54168 270 4 Discharging
31844.59 95 4187420 -63934 271 4 Discharging
31854.66 95 4164259 -198669 270 4 Discharging
31864.73 95 4191313 -54016 270 4 Discharging
31874.80 95 4160755 -159454 270 4 Discharging
31884.87 95 4190924 -53710 270 4 Discharging
31894.95 95 4173796 -129242 270 4 Discharging
31905.04 95 4191119 -54016 270 4 Discharging
31915.10 95 4176715 -99792 270 4 Discharging
31925.18 95 4166594 -174713 270 4 Discharging
31935.25 95 4188199 -56457 270 4 Discharging
31945.31 95 4149855 -224914 271 4 Discharging
31955.37 95 4161534 -169525 270 4 Discharging
31965.44 95 4190729 -52948 270 4 Discharging
31975.51 95 4190924 -53100 270 4 Discharging
31985.59 95 4175158 -106353 270 4 Discharging
31995.66 95 4179830 -73852 270 4 Discharging
32005.73 95 4170098 -147400 270 4 Discharging
32015.80 95 4159393 -159149 270 4 Discharging
32025.87 95 4148493 -251465 271 4 Discharging
32035.94 95 4190145 -53558 270 4 Discharging
32046.01 95 4188588 -71868 270 4 Discharging
32056.09 95 4170487 -108337 271 4 Discharging
32066.16 95 4182360 -53558 270 4 Discharging
32076.21 95 4176910 -156555 270 4 Discharging
32086.30 95 4182944 -54931 270 4 Discharging
32096.38 95 4149661 -187988 270 4 Discharging
32106.45 95 4162896 -193939 270 4 Discharging
32116.65 95 4182360 -101318 270 4 Discharging
32126.72 95 4139540 -260620 271 4 Discharging
32136.79 95 4151607 -203552 270 4 Discharging
32146.86 95 4187226 -53863 270 4 Discharging
32156.94 95 4175742 -53863 270 4 Discharging
32167.01 95 4151607 -176544 271 4 Discharging
32177.07 95 4186058 -54473 271 4 Discharging
32187.15 95 4184112 -54321 270 4 Discharging
32197.23 95 4149077 -112609 270 4 Discharging
32207.31 95 4186837 -57678 270 4 Discharging
32217.38 95 4186058 -53100 270 4 Discharging
32227.44 95 4166400 -115509 270 4 Discharging
32237.52 95 4143627 -188293 271 4 Discharging
32247.59 95 4151218 -175171 271 4 Discharging
32257.66 95 4178272 -63171 270 4 Discharging
32267.73 95 4171655 -84838 270 4 Discharging
32277.82 95 4165426 -209961 270 4 Discharging
32287.89 95 4139734 -201568 270 4 Discharging
32297.96 95 4177689 -63629 270 4 Discharging
32308.03 95 4153359 -158538 271 4 Discharging
32318.14 95 4185279 -53558 270 4 Discharging
32328.20 95 4170098 -99487 270 4 Discharging
32338.27 95 4149855 -191803 270 4 Discharging
32348.34 95 4169319 -155792 270 4 Discharging
32358.41 95 4172044 -148010 270 4 Discharging
32368.47 95 4170292 -63629 270 4 Discharging
32378.55 95 4144016 -194244 270 4 Discharging
32388.63 95 4178467 -63018 270 4 Discharging
32398.70 95 4168930 -99639 270 4 Discharging
32408.78 95 4152386 -196380 270 4 Discharging
32418.86 95 4179246 -63781 270 4 Discharging
32428.93 95 4182749 -54473 270 4 Discharging
32439.00 95 4151996 -168457 270 4 Discharging
32449.09 95 4147520 -172729 271 4 Discharging
32459.16 95 4181971 -53863 270 4 Discharging
32469.23 95 4159003 -113678 270 4 Discharging
32479.30 95 4155111 -180816 270 4 Discharging
32489.37 95 4162896 -169067 270 4 Discharging
32499.44 95 4175158 -82244 270 4 Discharging
32509.52 95 4176131 -63629 270 4 Discharging
32519.58 95 4137399 -246734 270 4 Discharging
32529.66 95 4144406 -172729 271 4 Discharging
32539.73 95 4177689 -54321 270 4 Discharging
32549.82 95 4180219 -53558 270 4 Discharging
32559.89 95 4164453 -146789 270 4 Discharging
32569.96 95 4176910 -54016 270 4 Discharging
32580.02 95 4179440 -54168 270 4 Discharging
32590.09 95 4176910 -53863 270 4 Discharging
32600.16 95 4145379 -155334 270 4 Discharging
32610.24 95 4174574 -63934 270 4 Discharging
32620.32 95 4162702 -70037 270 4 Discharging
32630.39 95 4156862 -182495 270 4 Discharging
32640.47 95 4164259 -107727 270 4 Discharging
32650.53 95 4167957 -150146 270 4 Discharging
32660.60 95 4169125 -54016 270 4 Discharging
32670.68 95 4146157 -162048 270 4 Discharging
32680.75 95 4177105 -53558 270 4 Discharging
32690.83 95 4179440 -53405 270 4 Discharging
32700.90 95 4173990 -53710 270 4 Discharging
32710.99 95 4175158 -55236 270 4 Discharging
32721.06 95 4176910 -53405 270 4 Discharging
32731.14 94 4170876 -63324 270 4 Discharging
32741.22 94 4159003 -83618 271 4 Discharging
32751.28 94 4143043 -158081 270 4 Discharging
32761.36 94 4158030 -158691 270 4 Discharging
32771.44 94 4166010 -90942 270 4 Discharging
32781.53 94 4175158 -54321 270 4 Discharging
32791.62 94 4151218 -122070 270 4 Discharging
32801.69 94 4171071 -54168 271 4 Discharging
32811.77 94 4151218 -107879 270 4 Discharging
32821.84 94 4161339 -148010 270 4 Discharging
32831.91 94 4132338 -240478 270 4 Discharging
32842.00 94 4173796 -54321 270 4 Discharging
32852.07 94 4171460 -53710 270 4 Discharging
32862.15 94 4171460 -54016 270 4 Discharging
32872.21 94 4158614 -174255 270 4 Discharging
32882.30 94 4119492 -239410 270 4 Discharging
32892.36 94 4140902 -169067 270 4 Discharging
32902.42 94 4175937 -61798 270 4 Discharging
32912.50 94 4166594 -83160 270 4 Discharging
32922.59 94 4172433 -54473 270 4 Discharging
32932.66 94 4170876 -55999 270 4 Discharging
32942.76 94 4168346 -63629 270 4 Discharging
32952.83 94 4158809 -107727 270 4 Discharging
32962.90 94 4135452 -186157 270 4 Discharging
32972.96 94 4145963 -185852 271 4 Discharging
32983.04 94 4141291 -205688 270 4 Discharging
32993.10 94 4173601 -59509 270 4 Discharging
33003.18 94 4170098 -54168 270 4 Discharging
33013.28 94 4160171 -106201 270 4 Discharging
33023.36 94 4170292 -55542 270 4 Discharging
33033.45 94 4171460 -54473 270 4 Discharging
33043.51 94 4141681 -154724 270 4 Discharging
33053.58 94 4116183 -297699 270 4 Discharging
33063.64 94 4152191 -151825 270 4 Discharging
33073.72 94 4166400 -62713 270 4 Discharging
33083.79 94 4166400 -63324 270 4 Discharging
33093.86 94 4166984 -53558 270 4 Discharging
33103.93 94 4154916 -96283 270 4 Discharging
33114.00 94 4132338 -160064 270 4 Discharging
33124.08 94 4165621 -64392 270 4 Discharging
33134.14 94 4170292 -54931 270 4 Discharging
33144.22 94 4144406 -170898 270 4 Discharging
33154.31 94 4158420 -61950 270 4 Discharging
33164.38 94 4165426 -54931 270 4 Discharging
33174.47 94 4160171 -53253 270 4 Discharging
33184.54 94 4130781 -174560 270 4 Discharging
33194.59 94 4157446 -71106 270 4 Discharging
33204.66 94 4168346 -54473 270 4 Discharging
33214.77 94 4164453 -67596 270 4 Discharging
33224.83 94 4134868 -192871 270 4 Discharging
33234.90 94 4162702 -81939 270 4 Discharging
33245.00 94 4147325 -97198 270 4 Discharging
33255.08 94 4127667 -295868 270 4 Discharging
33265.15 94 4165232 -63476 270 4 Discharging
33275.21 94 4167178 -54321 270 4 Discharging
33285.29 94 4165426 -54626 270 4 Discharging
33295.36 94 4149466 -108490 270 4 Discharging
33305.44 94 4162118 -54016 270 4 Discharging
33315.51 94 4136426 -158538 270 4 Discharging
33325.58 94 4122412 -278167 270 4 Discharging
33335.65 94 4152970 -178985 270 4 Discharging
33345.74 94 4166594 -54016 270 4 Discharging
33355.81 94 4165816 -53710 270 4 Discharging
33365.88 94 4164453 -53558 270 4 Discharging
33375.95 94 4159782 -54473 270 4 Discharging
33386.03 94 4134479 -191650 270 4 Discharging
33396.10 94 4118130 -220489 270 4 Discharging
33406.16 94 4166594 -53863 270 4 Discharging
33416.23 94 4166789 -53100 270 4 Discharging
33426.30 94 4166400 -55236 270 4 Discharging
33436.38 94 4151996 -110931 270 4 Discharging
33446.44 94 4163091 -95825 270 4 Discharging
33456.52 94 4123774 -238800 270 4 Discharging
33466.59 94 4096330 -380707 271 4 Discharging
33476.65 94 4154916 -93231 270 4 Discharging
33486.74 94 4136231 -152893 270 4 Discharging
33496.81 94 4124553 -195922 270 4 Discharging
33506.89 94 4129029 -175171 270 4 Discharging
33516.98 94 4133895 -165710 270 4 Discharging
33527.05 94 4125526 -198364 270 4 Discharging
33537.13 94 4159977 -68512 270 4 Discharging
33547.19 94 4163091 -61798 270 4 Discharging
33557.28 94 4160366 -58136 270 4 Discharging
33567.35 94 4159003 -55236 270 4 Discharging
33577.43 94 4138567 -175018 270 4 Discharging
33587.53 94 4128835 -174102 270 4 Discharging
33597.59 94 4131754 -169983 270 4 Discharging
33607.66 94 4105868 -255279 270 4 Discharging
33617.76 94 4152775 -77209 270 4 Discharging
33627.84 94 4160561 -53253 270 4 Discharging
33637.91 94 4139929 -123901 270 4 Discharging
33647.98 94 4156084 -64239 270 4 Discharging
33658.06 94 4122412 -243225 270 4 Discharging
33668.14 94 4131754 -161132 270 4 Discharging
33678.23 94 4116378 -211334 270 4 Discharging
33688.29 94 4126499 -180206 270 4 Discharging
33698.36 94 4145379 -130004 270 4 Discharging
33708.44 94 4143043 -107116 270 4 Discharging
33718.52 93 4108398 -244445 270 4 Discharging
33728.60 93 4141291 -148162 270 4 Discharging
33738.68 93 4143627 -79650 270 4 Discharging
33748.75 93 4112874 -222320 270 4 Discharging
33758.84 93 4119881 -232696 270 4 Discharging
33768.91 93 4156862 -54931 270 4 Discharging
33778.99 93 4153359 -73394 270 4 Discharging
33789.07 93 4153554 -64697 270 4 Discharging
33799.13 93 4128445 -256195 270 4 Discharging
33809.19 93 4132727 -111999 270 4 Discharging
33819.28 93 4126499 -170593 270 4 Discharging
33829.34 93 4155500 -64086 270 4 Discharging
33839.40 93 4155111 -103454 270 4 Discharging
33849.48 93 4156862 -69885 270 4 Discharging
33859.56 93 4148104 -97351 270 4 Discharging
33869.64 93 4127667 -240173 270 4 Discharging
33879.74 93 4139734 -108032 270 4 Discharging
33889.81 93 4118519 -168151 270 4 Discharging
33899.89 93 4126304 -178985 270 4 Discharging
33909.96 93 4141486 -135803 270 4 Discharging
33920.03 93 4125720 -212402 270 4 Discharging
33930.11 93 4154137 -54168 270 4 Discharging
33940.18 93 4135063 -173492 270 4 Discharging
33950.26 93 4152580 -55084 270 4 Discharging
33960.32 93 4122996 -121917 270 4 Discharging
33970.40 93 4156084 -54168 270 4 Discharging
33980.46 93 4139929 -99639 270 4 Discharging
33990.53 93 4099639 -334778 270 4 Discharging
34000.61 93 4118324 -198822 270 4 Discharging
34010.68 93 4149466 -54473 270 4 Discharging
34020.75 93 4138177 -63781 270 4 Discharging
34030.84 93 4117740 -175781 270 4 Discharging
34040.91 93 4152580 -65918 270 4 Discharging
34050.98 93 4132533 -115203 270 4 Discharging
34061.06 93 4132144 -166778 270 4 Discharging
34071.13 93 4118519 -265350 270 4 Discharging
34081.21 93 4143627 -99334 270 4 Discharging
34091.30 93 4149077 -54626 270 4 Discharging
34101.38 93 4114042 -227203 270 4 Discharging
34111.45 93 4154527 -53253 270 4 Discharging
34121.53 93 4141486 -106506 270 4 Discharging
34131.62 93 4148493 -226288 270 4 Discharging
34141.70 93 4134674 -148925 270 4 Discharging
34151.77 93 4142459 -104370 270 4 Discharging
34161.85 93 4149272 -62408 270 4 Discharging
34171.92 93 4121633 -150909 270 4 Discharging
34181.99 93 4114237 -256805 270 4 Discharging
34192.07 93 4150050 -54168 270 4 Discharging
34202.15 93 4151802 -54779 270 4 Discharging
34212.23 93 4136426 -321350 270 4 Discharging
34222.29 93 4136620 -107421 270 4 Discharging
34232.38 93 4142654 -84075 270 4 Discharging
34242.46 93 4118908 -191497 270 4 Discharging
34252.53 93 4150634 -57678 270 4 Discharging
34262.61 93 4148104 -63476 269 4 Discharging
34272.69 93 4148882 -54168 270 4 Discharging
34282.77 93 4123774 -181732 270 4 Discharging
34292.85 93 4134868 -108642 270 4 Discharging
34302.91 93 4147909 -61645 269 4 Discharging
34312.99 93 4119103 -155487 270 4 Discharging
34323.05 93 4105089 -234680 270 4 Discharging
34333.12 93 4141681 -83465 269 4 Discharging
34343.20 93 4141681 -83007 269 4 Discharging
34353.45 93 4146157 -89416 269 4 Discharging
34363.52 93 4128445 -151825 269 4 Discharging
34373.59 93 4146157 -54473 270 4 Discharging
34383.67 93 4134868 -85144 269 4 Discharging
34393.75 93 4113264 -236358 270 4 Discharging
34403.82 93 4147520 -54931 270 4 Discharging
34413.89 93 4122801 -237579 269 4 Discharging
34423.97 93 4141291 -116424 270 4 Discharging
34434.03 93 4145963 -54931 269 4 Discharging
34444.10 93 4127667 -123748 270 4 Discharging
34454.20 93 4135452 -63781 270 4 Discharging
34464.27 93 4095357 -235748 270 4 Discharging
34474.33 93 4115794 -182800 270 4 Discharging
34484.40 93 4120660 -180206 269 4 Discharging
34494.49 93 4148104 -53100 270 4 Discharging
34504.58 93 4139345 -83618 270 4 Discharging
34514.64 93 4139150 -83923 270 4 Discharging
34524.73 93 4146352 -54168 270 4 Discharging
34534.80 93 4131754 -64086 270 4 Discharging
34544.87 93 4113848 -153656 270 4 Discharging
34554.95 93 4126694 -164947 270 4 Discharging
34565.04 93 4144211 -63934 270 4 Discharging
34575.11 93 4144211 -54931 270 4 Discharging
34585.18 92 4146157 -54168 270 4 Discharging
34595.27 92 4143043 -81329 270 4 Discharging
34605.33 92 4140513 -54168 269 4 Discharging
34615.40 92 4112680 -155181 270 4 Discharging
34625.46 92 4114432 -194091 269 4 Discharging
34635.55 92 4080565 -287018 270 4 Discharging
34645.62 92 4114821 -182495 270 4 Discharging
34655.69 92 4112096 -178680 270 4 Discharging
34665.77 92 4135452 -84228 270 4 Discharging
34675.85 92 4127667 -101013 269 4 Discharging
34685.92 92 4113069 -163574 270 4 Discharging
34695.98 92 4121244 -182342 270 4 Discharging
34706.07 92 4127472 -99029 270 4 Discharging
34716.15 92 4126499 -168304 269 4 Discharging
34726.25 92 4142849 -54626 270 4 Discharging
34736.35 92 4141291 -54473 269 4 Discharging
34746.42 92 4138177 -57525 270 4 Discharging
34756.49 92 4098277 -197906 270 4 Discharging
34766.57 92 4122217 -171508 270 4 Discharging
34776.64 92 4123774 -140075 269 4 Discharging
34786.73 92 4141875 -54931 269 4 Discharging
34796.80 92 4143238 -52795 269 4 Discharging
34806.89 92 4126694 -198364 270 4 Discharging
34816.96 92 4141097 -53863 270 4 Discharging
34827.05 92 4139150 -62408 269 4 Discharging
34837.14 92 4110344 -163116 270 4 Discharging
34847.20 92 4114042 -156860 270 4 Discharging
34857.27 92 4115989 -141906 270 4 Discharging
34867.33 92 4138956 -63629 269 4 Discharging
34877.40 92 4111707 -149078 269 4 Discharging
34887.47 92 4135452 -107421 269 4 Discharging
34897.54 92 4138761 -54016 269 4 Discharging
34907.62 92 4107035 -166931 270 4 Discharging
34917.70 92 4138956 -85144 270 4 Discharging
34927.77 92 4132922 -83923 270 4 Discharging
34937.85 92 4122217 -90179 269 4 Discharging
34947.92 92 4104116 -210418 270 4 Discharging
34957.98 92 4125720 -56915 269 4 Discharging
34968.07 92 4128445 -75073 270 4 Discharging
34978.15 92 4091464 -227356 270 4 Discharging
34988.21 92 4139734 -54016 270 4 Discharging
34998.27 92 4138567 -58746 269 4 Discharging
35008.37 92 4139734 -54168 270 4 Discharging
35018.44 92 4126110 -153808 269 4 Discharging
35028.51 92 4136620 -55084 270 4 Discharging
35038.60 92 4109955 -181579 269 4 Discharging
35048.69 92 4104505 -200805 269 4 Discharging
35058.76 92 4097693 -210113 270 4 Discharging
35068.85 92 4092632 -219421 270 4 Discharging
35078.92 92 4111707 -134124 269 4 Discharging
35088.99 92 4135842 -54626 269 4 Discharging
35099.06 92 4133701 -54168 269 4 Discharging
35109.15 92 4131365 -54779 269 4 Discharging
35119.24 92 4120271 -126342 270 4 Discharging
35129.30 92 4124747 -64086 269 4 Discharging
35139.38 92 4103337 -211181 270 4 Discharging
35149.44 92 4134674 -54626 269 4 Discharging
35159.52 92 4117351 -152740 269 4 Discharging
35169.61 92 4130197 -64849 269 4 Discharging
35179.68 92 4102948 -144653 270 4 Discharging
35189.76 92 4108787 -160522 269 4 Discharging
35199.85 92 4128445 -77667 269 4 Discharging
35209.92 92 4104894 -158233 270 4 Discharging
35219.99 92 4126499 -79956 270 4 Discharging
35230.06 92 4131754 -64392 269 4 Discharging
35240.16 92 4131170 -54626 269 4 Discharging
35250.23 92 4132922 -54626 269 4 Discharging
35260.29 92 4131365 -63934 269 4 Discharging
35270.38 92 4119687 -100402 269 4 Discharging
35280.46 92 4124747 -65612 269 4 Discharging
35290.54 92 4088350 -214386 270 4 Discharging
35300.62 92 4133701 -54473 269 4 Discharging
35310.72 92 4125137 -99029 269 4 Discharging
35320.79 92 4110539 -172271 269 4 Discharging
35330.87 92 4121828 -154419 269 4 Discharging
35340.96 92 4133311 -54016 269 4 Discharging
35351.04 92 4121633 -145416 269 4 Discharging
35361.12 92 4078424 -225677 270 4 Discharging
35371.21 92 4123579 -98419 269 4 Discharging
35381.28 92 4131754 -54473 269 4 Discharging
35391.37 92 4117546 -97656 269 4 Discharging
35401.44 92 4131754 -54321 269 4 Discharging
35411.52 92 4125720 -114746 269 4 Discharging
35421.60 92 4127861 -55389 269 4 Discharging
35431.68 92 4093021 -224151 270 4 Discharging
35441.76 92 4121633 -138549 269 4 Discharging
35451.85 92 4122217 -98724 270 4 Discharging
35461.91 92 4087766 -238952 269 4 Discharging
35471.99 92 4123774 -105285 269 4 Discharging
35482.09 92 4129224 -55236 269 4 Discharging
35492.16 92 4122996 -96740 269 4 Discharging
35502.24 92 4096136 -169372 270 4 Discharging
35512.31 92 4127083 -107269 269 4 Discharging
35522.38 92 4129224 -54321 269 4 Discharging
35532.44 92 4070833 -356292 269 4 Discharging
35542.52 92 4127667 -63324 269 4 Discharging
35552.60 92 4110150 -136566 269 4 Discharging
35562.67 92 4125526 -62866 269 4 Discharging
35572.74 92 4093411 -215759 270 4 Discharging
35582.82 92 4128251 -53558 270 4 Discharging
35592.89 91 4119492 -82702 269 4 Discharging
35602.96 91 4100028 -223236 269 4 Discharging
35613.03 91 4123190 -101013 269 4 Discharging
35623.10 91 4126694 -54626 270 4 Discharging
35633.16 91 4076867 -239868 270 4 Discharging
35643.23 91 4095162 -169372 270 4 Discharging
35653.31 91 4081538 -237732 270 4 Discharging
35663.38 91 4125720 -54931 269 4 Discharging
35673.46 91 4102559 -194549 269 4 Discharging
35683.55 91 4128056 -54321 269 4 Discharging
35693.63 91 4119297 -98419 269 4 Discharging
35703.71 91 4109566 -108184 269 4 Discharging
35713.79 91 4070833 -282898 270 4 Discharging
35723.86 91 4126888 -53100 269 4 Discharging
35733.93 91 4112485 -118408 269 4 Discharging
35744.00 91 4099639 -180359 269 4 Discharging
35754.10 91 4118324 -100860 269 4 Discharging
35764.16 91 4119297 -83923 269 4 Discharging
35774.23 91 4099055 -116424 269 4 Discharging
35784.32 91 4093605 -156097 269 4 Discharging
35794.39 91 4054289 -357055 270 4 Discharging
35804.45 91 4086793 -169983 269 4 Discharging
35814.54 91 4088934 -201568 270 4 Discharging
35824.61 91 4088545 -219879 270 4 Discharging
35834.69 91 4082900 -194244 269 4 Discharging
35844.77 91 4079397 -221862 270 4 Discharging
35854.84 91 4112680 -76599 269 4 Discharging
35864.91 91 4093021 -163269 270 4 Discharging
35874.98 91 4089907 -199585 269 4 Discharging
35885.05 91 4105868 -149536 269 4 Discharging
35895.11 91 4115599 -89416 269 4 Discharging
35905.19 91 4119687 -64239 269 4 Discharging
35915.27 91 4113069 -68817 270 4 Discharging
35925.34 91 4121244 -54321 269 4 Discharging
35935.40 91 4081343 -230102 269 4 Discharging
35945.48 91 4106646 -111847 269 4 Discharging
35955.54 91 4105089 -154266 269 4 Discharging
35965.62 91 4124163 -54321 270 4 Discharging
35975.70 91 4114432 -105133 269 4 Discharging
35985.78 91 4122801 -54626 269 4 Discharging
35995.85 91 4118908 -55236 269 4 Discharging
36005.91 91 4107230 -121002 269 4 Discharging
36016.01 91 4073168 -209808 269 4 Discharging
36026.07 91 4122996 -54473 269 4 Discharging
36036.15 91 4110344 -133667 269 4 Discharging
36046.24 91 4108203 -101318 270 4 Discharging
36056.32 91 4114432 -106048 269 4 Discharging
36066.39 91 4103921 -155334 269 4 Discharging
36076.47 91 4103337 -82702 269 4 Discharging
36086.55 91 4086988 -166931 270 4 Discharging
36096.62 91 4096330 -163269 269 4 Discharging
36106.70 91 4115015 -55389 269 4 Discharging
36117.01 91 4104700 -328369 269 4 Discharging
36127.16 91 4115989 -64239 269 4 Discharging
36137.23 91 4119103 -54626 269 4 Discharging
36147.32 91 4091659 -179138 269 4 Discharging
36157.40 91 4088739 -157318 270 4 Discharging
36167.46 91 4112680 -75225 270 4 Discharging
36177.53 91 4113069 -136261 269 4 Discharging
36187.61 91 4116767 -54779 269 4 Discharging
36197.68 91 4111123 -83465 269 4 Discharging
36207.76 91 4112680 -84075 269 4 Discharging
36217.83 91 4065383 -288849 270 4 Discharging
36227.91 91 4087766 -162353 270 4 Discharging
36237.98 91 4110344 -162048 270 4 Discharging
36248.06 91 4118519 -54473 269 4 Discharging
36258.14 91 4099250 -155029 269 4 Discharging
36268.20 91 4117546 -54473 269 4 Discharging
36278.27 91 4117351 -54473 269 4 Discharging
36288.35 91 4079008 -208587 269 4 Discharging
36298.42 91 4079786 -156860 269 4 Discharging
36308.49 91 4082316 -173187 269 4 Discharging
36318.57 91 4117351 -55236 270 4 Discharging
36328.64 91 4116573 -54016 269 4 Discharging
36338.71 91 4097303 -144958 269 4 Discharging
36348.80 91 4102559 -105896 269 4 Discharging
36358.87 91 4082511 -202484 269 4 Discharging
36368.93 91 4101196 -147400 269 4 Discharging
36378.99 91 4072779 -206146 269 4 Discharging
36389.06 91 4096525 -207519 269 4 Discharging
36399.13 91 4101196 -111541 269 4 Discharging
36409.23 91 4113069 -63629 269 4 Discharging
36419.30 91 4094773 -144958 269 4 Discharging
36429.38 91 4086015 -194702 269 4 Discharging
36439.44 91 4070833 -205841 269 4 Discharging
36449.53 91 4066162 -227050 269 4 Discharging
36459.59 91 4099444 -112609 269 4 Discharging
36469.67 91 4108203 -96130 269 4 Discharging
36479.89 91 4114821 -54779 269 4 Discharging
36489.96 91 4114821 -55084 269 4 Discharging
36500.02 91 4103727 -100402 270 4 Discharging
36510.08 91 4091464 -140380 269 4 Discharging
36520.14 91 4067135 -200653 270 4 Discharging
36530.28 91 4111317 -54321 269 4 Discharging
36540.33 91 4093800 -139770 269 4 Discharging
36550.41 91 4111512 -55389 269 4 Discharging
36560.48 91 4107425 -63324 269 4 Discharging
36570.55 91 4076477 -179901 269 4 Discharging
36580.64 90 4079202 -222168 269 4 Discharging
36590.70 90 4054289 -290527 270 4 Discharging
36600.76 90 4111123 -70190 269 4 Discharging
36610.85 90 4109371 -67901 269 4 Discharging
36620.93 90 4100612 -147094 269 4 Discharging
36631.00 90 4092438 -116729 269 4 Discharging
36641.07 90 4082122 -187225 269 4 Discharging
36651.16 90 4080759 -167083 269 4 Discharging
36661.24 90 4067135 -252227 269 4 Discharging
36671.30 90 4110539 -104065 269 4 Discharging
36681.38 90 4101196 -108795 269 4 Discharging
36691.46 90 4110539 -54016 269 4 Discharging
36701.54 90 4071611 -290832 269 4 Discharging
36711.61 90 4091854 -177765 269 4 Discharging
36721.70 90 4098666 -108032 269 4 Discharging
36731.76 90 4061101 -233001 269 4 Discharging
36741.86 90 4102364 -98571 269 4 Discharging
36751.93 90 4108398 -64086 269 4 Discharging
36762.01 90 4078424 -200348 269 4 Discharging
36772.08 90 4093216 -109863 269 4 Discharging
36782.13 90 4082511 -242157 269 4 Discharging
36792.21 90 4079786 -157470 269 4 Discharging
36802.28 90 4056040 -279236 269 4 Discharging
36812.35 90 4108592 -54779 269 4 Discharging
36822.43 90 4104310 -99639 269 4 Discharging
36832.51 90 4107814 -54168 269 4 Discharging
36842.58 90 4097303 -99639 269 4 Discharging
36852.67 90 4078618 -192718 269 4 Discharging
36862.75 90 4107619 -66223 269 4 Discharging
36872.81 90 4093995 -69580 269 4 Discharging
36882.90 90 4078424 -168762 270 4 Discharging
36892.98 90 4091270 -140991 269 4 Discharging
36903.05 90 4100612 -100402 269 4 Discharging
36913.12 90 4104700 -53710 269 4 Discharging
36923.19 90 4081149 -216522 269 4 Discharging
36933.26 90 4098277 -84838 269 4 Discharging
36943.34 90 4089323 -111999 269 4 Discharging
36953.41 90 4069860 -182342 269 4 Discharging
36963.48 90 4067329 -215606 269 4 Discharging
36973.54 90 4072195 -117645 269 4 Discharging
36983.62 90 4067135 -193939 269 4 Discharging
36993.70 90 4090686 -120849 269 4 Discharging
37003.76 90 4097887 -122680 269 4 Discharging
37013.84 90 4098277 -83007 269 4 Discharging
37023.94 90 4098277 -64239 269 4 Discharging
37033.99 90 4081733 -156555 269 4 Discharging
37044.06 90 4093021 -163574 269 4 Discharging
37054.15 90 4094384 -116882 269 4 Discharging
37064.22 90 4096720 -107116 269 4 Discharging
37074.30 90 4105673 -53100 269 4 Discharging
37084.36 90 4088350 -178070 269 4 Discharging
37094.45 90 4093021 -59204 269 4 Discharging
37104.53 90 4072779 -163574 269 4 Discharging
37114.60 90 4088545 -108947 269 4 Discharging
37124.69 90 4071417 -235748 269 4 Discharging
37134.75 90 4093995 -159301 269 4 Discharging
37144.83 90 4101780 -70343 269 4 Discharging
37154.91 90 4103921 -54016 269 4 Discharging
37164.98 90 4080759 -145568 269 4 Discharging
37175.06 90 4075115 -216827 269 4 Discharging
37185.12 90 4059349 -207672 269 4 Discharging
37195.21 90 4077645 -182800 269 4 Discharging
37205.29 90 4104700 -57983 269 4 Discharging
37215.36 90 4091854 -101013 269 4 Discharging
37225.44 90 4096914 -149383 269 4 Discharging
37235.51 90 4066940 -164337 269 4 Discharging
37245.58 90 4058571 -293426 269 4 Discharging
37255.67 90 4098082 -54931 269 4 Discharging
37265.74 90 4100612 -69580 269 4 Discharging
37275.82 90 4103532 -54779 269 4 Discharging
37285.91 90 4087961 -107574 269 4 Discharging
37296.00 90 4100028 -54321 269 4 Discharging
37306.06 90 4061490 -210113 269 4 Discharging
37316.13 90 4101391 -75378 269 4 Discharging
37326.22 90 4098861 -67596 269 4 Discharging
37336.28 90 4078229 -198669 269 4 Discharging
37346.36 90 4090491 -103149 269 4 Discharging
37356.43 90 4070638 -196991 269 4 Discharging
37366.52 90 4091464 -98419 269 4 Discharging
37376.60 90 4093411 -55542 269 4 Discharging
37386.67 90 4065772 -273895 269 4 Discharging
37396.76 90 4093800 -63476 269 4 Discharging
37406.83 90 4080759 -200805 269 4 Discharging
37416.91 90 4101975 -54626 269 4 Discharging
37426.99 90 4097498 -80719 269 4 Discharging
37437.07 90 4098666 -54626 269 4 Discharging
37447.13 90 4094968 -104370 269 4 Discharging
37457.20 90 4047476 -257263 269 4 Discharging
37467.27 90 4050591 -301971 269 4 Discharging
37477.34 90 4073752 -179443 269 4 Discharging
37487.41 90 4099444 -54168 269 4 Discharging
37497.51 90 4098471 -54321 269 4 Discharging
37507.58 90 4094968 -64392 269 4 Discharging
37517.66 90 4088934 -63629 269 4 Discharging
37527.73 90 4043000 -240020 269 4 Discharging
37537.80 90 4053899 -297241 269 4 Discharging
37547.90 90 4095552 -59051 269 4 Discharging
37557.97 90 4099834 -54931 269 4 Discharging
37568.04 90 4098861 -54931 269 4 Discharging
37578.11 90 4073752 -141754 269 4 Discharging
37588.18 90 4056624 -184326 269 4 Discharging
37598.25 90 4067524 -117034 269 4 Discharging
37608.32 90 4064021 -224914 269 4 Discharging
37618.38 89 4063631 -178680 269 4 Discharging
37628.48 89 4053705 -246734 269 4 Discharging
37638.55 89 4097498 -53863 269 4 Discharging
37648.60 89 4090880 -98571 269 4 Discharging
37658.69 89 4093216 -55542 269 4 Discharging
37668.77 89 4085236 -79193 269 4 Discharging
37678.85 89 4051369 -198364 269 4 Discharging
37688.93 89 4075310 -222168 269 4 Discharging
37699.01 89 4081733 -107116 269 4 Discharging
37709.09 89 4096525 -54168 269 4 Discharging
37719.15 89 4095941 -55694 269 4 Discharging
37729.25 89 4094773 -56457 269 4 Discharging
37739.32 89 4057208 -196838 269 4 Discharging
37749.39 89 4052732 -233764 269 4 Discharging
37759.47 89 4092243 -64086 269 4 Discharging
37769.54 89 4077645 -108642 269 4 Discharging
37779.61 89 4091075 -65307 269 4 Discharging
37789.70 89 4091270 -75531 269 4 Discharging
37799.77 89 4073168 -99182 269 4 Discharging
37809.85 89 4083095 -86059 269 4 Discharging
37819.92 89 4043778 -269470 269 4 Discharging
37830.01 89 4086598 -157470 269 4 Discharging
37840.09 89 4093605 -54779 269 4 Discharging
37850.16 89 4085625 -131225 269 4 Discharging
37860.25 89 4093605 -55236 269 4 Discharging
37870.31 89 4077840 -106048 269 4 Discharging
37880.38 89 4082511 -55847 269 4 Discharging
37890.46 89 4054094 -270385 269 4 Discharging
37900.54 89 4094384 -54779 269 4 Discharging
37910.62 89 4056430 -208282 269 4 Discharging
37920.70 89 4092048 -54779 269 4 Discharging
37930.78 89 4092438 -54626 269 4 Discharging
37940.85 89 4072779 -109405 269 4 Discharging
37950.92 89 4069665 -94299 269 4 Discharging
37961.01 89 4028986 -266418 269 4 Discharging
37971.08 89 4089907 -68359 269 4 Discharging
37981.16 89 4092632 -54931 269 4 Discharging
37991.24 89 4091854 -161895 269 4 Discharging
38001.32 89 4091659 -53863 269 4 Discharging
38011.39 89 4073558 -104522 269 4 Discharging
38021.47 89 4058181 -162201 269 4 Discharging
38031.55 89 4091464 -55694 269 4 Discharging
38041.62 89 4089518 -54168 268 4 Discharging
38051.69 89 4089323 -65307 269 4 Discharging
38061.80 89 4091075 -54931 269 4 Discharging
38071.87 89 4049423 -229187 269 4 Discharging
38081.95 89 4084652 -83770 269 4 Discharging
38092.03 89 4061296 -245208 269 4 Discharging
38102.09 89 4048839 -196685 269 4 Discharging
38112.17 89 4071222 -116119 269 4 Discharging
38122.24 89 4064994 -154419 269 4 Discharging
38132.31 89 4086598 -55084 269 4 Discharging
38142.39 89 4062853 -169525 269 4 Discharging
38152.47 89 4083874 -54931 269 4 Discharging
38162.54 89 4063631 -92010 269 4 Discharging
38172.61 89 4052926 -157165 269 4 Discharging
38182.68 89 4029181 -302124 269 4 Discharging
38192.78 89 4089518 -55084 269 4 Discharging
38202.86 89 4088545 -54626 269 4 Discharging
38212.93 89 4075893 -114746 269 4 Discharging
38223.02 89 4085820 -54321 269 4 Discharging
38233.09 89 4065383 -185547 269 4 Discharging
38243.16 89 4055262 -177612 269 4 Discharging
38253.25 89 4041832 -201568 269 4 Discharging
38263.31 89 4080370 -83770 269 4 Discharging
38273.38 89 4086988 -54473 269 4 Discharging
38283.45 89 4081538 -54626 269 4 Discharging
38293.53 89 4059544 -125579 269 4 Discharging
38303.61 89 4069665 -150299 269 4 Discharging
38313.67 89 4083095 -55084 269 4 Discharging
38323.74 89 4048255 -191040 269 4 Discharging
38333.80 89 4085820 -55236 269 4 Discharging
38343.87 89 4072779 -138855 269 4 Discharging
38353.96 89 4065383 -120086 269 4 Discharging
38364.02 89 4082511 -54931 269 4 Discharging
38374.10 89 4073947 -100708 269 4 Discharging
38384.18 89 4052732 -206909 269 4 Discharging
38394.25 89 4036382 -272522 269 4 Discharging
38404.31 89 4082122 -65002 269 4 Discharging
38414.39 89 4085041 -54931 269 4 Discharging
38424.49 89 4066551 -134887 269 4 Discharging
38434.55 89 4074726 -59967 269 4 Discharging
38444.62 89 4066551 -114135 268 4 Discharging
38454.72 89 4049617 -155944 269 4 Discharging
38464.79 89 4026650 -290832 269 4 Discharging
38474.85 89 4079202 -58746 269 4 Discharging
38484.93 89 4062074 -153503 269 4 Discharging
38495.02 89 4081733 -55084 269 4 Discharging
38505.09 89 4064410 -195922 269 4 Discharging
38515.16 89 4083874 -54931 269 4 Discharging
38525.23 89 4064799 -108490 269 4 Discharging
38535.32 89 4032295 -227508 269 4 Discharging
38545.39 89 4082122 -63476 269 4 Discharging
38555.48 89 4081538 -53710 269 4 Discharging
38565.55 89 4079592 -54931 269 4 Discharging
38575.63 89 4081149 -62561 269 4 Discharging
38585.71 89 4082316 -55236 269 4 Discharging
38595.78 89 4046309 -200805 269 4 Discharging
38605.85 89 4043778 -183410 269 4 Discharging
38615.92 89 4078424 -54016 269 4 Discharging
38626.00 88 4081149 -55084 268 4 Discharging
38636.08 88 4069665 -88501 269 4 Discharging
38646.15 88 4081538 -73089 269 4 Discharging
38656.22 88 4080370 -77209 269 4 Discharging
38666.29 88 4076088 -55542 269 4 Discharging
38676.36 88 4022368 -340271 269 4 Discharging
38686.45 88 4080759 -54779 269 4 Discharging
38696.51 88 4053121 -151672 269 4 Discharging
38706.60 88 4063437 -156097 269 4 Discharging
38716.68 88 4077840 -54321 269 4 Discharging
38726.76 88 4080954 -54931 268 4 Discharging
38736.83 88 4045141 -167999 269 4 Discharging
38746.89 88 4048644 -159607 269 4 Discharging
38756.99 88 4049617 -165710 269 4 Discharging
38767.06 88 4062074 -143432 269 4 Discharging
38777.13 88 4059544 -175323 269 4 Discharging
38787.21 88 4066356 -117797 268 4 Discharging
38797.29 88 4069081 -60272 269 4 Discharging
38807.35 88 4072195 -65307 268 4 Discharging
38817.42 88 4044168 -184936 269 4 Discharging
38827.51 88 4074336 -64239 268 4 Discharging
38837.58 88 4036577 -245666 269 4 Discharging
38847.65 88 4073947 -87127 269 4 Discharging
38857.73 88 4070638 -84075 268 4 Discharging
38867.80 88 4043973 -175628 269 4 Discharging
38877.87 88 4068497 -64544 268 4 Discharging
38887.96 88 4038718 -191650 269 4 Discharging
38898.01 88 4050591 -253906 269 4 Discharging
38908.08 88 4062658 -77209 269 4 Discharging
38918.14 88 4063047 -135040 269 4 Discharging
38928.21 88 4073752 -63934 268 4 Discharging
38938.28 88 4053899 -117950 269 4 Discharging
38948.35 88 4059544 -148162 268 4 Discharging
38958.44 88 4040469 -206909 269 4 Discharging
38968.52 88 4048255 -235748 269 4 Discharging
38978.59 88 4071027 -54931 268 4 Discharging
38988.65 88 4057792 -158386 268 4 Discharging
38998.75 88 4074142 -54931 269 4 Discharging
39008.82 88 4071806 -54473 269 4 Discharging
39018.89 88 4032879 -191192 269 4 Discharging
39028.98 88 4037550 -209198 269 4 Discharging
39039.04 88 4069470 -64544 269 4 Discharging
39049.12 88 4054289 -160980 268 4 Discharging
39059.22 88 4050591 -183715 268 4 Discharging
39069.29 88 4074920 -54473 268 4 Discharging
39079.36 88 4073558 -54626 268 4 Discharging
39089.43 88 4066551 -55084 268 4 Discharging
39099.51 88 4038134 -183105 269 4 Discharging
39109.57 88 4053316 -133056 269 4 Discharging
39119.63 88 4072779 -60119 269 4 Discharging
39129.71 88 4071611 -55694 268 4 Discharging
39139.77 88 4059933 -79803 269 4 Discharging
39149.83 88 4072390 -55084 269 4 Discharging
39159.90 88 4071417 -96588 269 4 Discharging
39169.97 88 4064994 -56152 269 4 Discharging
39180.05 88 4028207 -198822 269 4 Discharging
39190.11 88 4040469 -176239 269 4 Discharging
39200.20 88 4070833 -57220 269 4 Discharging
39210.27 88 4071222 -77514 269 4 Discharging
39220.33 88 4072585 -55542 269 4 Discharging
39230.42 88 4071417 -55236 269 4 Discharging
39240.49 88 4054289 -99182 268 4 Discharging
39250.57 88 4025677 -215149 269 4 Discharging
39260.66 88 4039107 -175781 269 4 Discharging
39270.73 88 4055067 -138702 269 4 Discharging
39280.82 88 4058376 -100860 269 4 Discharging
39290.90 88 4071027 -54473 269 4 Discharging
39300.97 88 4071027 -54016 269 4 Discharging
39311.05 88 4070444 -54473 269 4 Discharging
39321.12 88 4060128 -93078 268 4 Discharging
39331.24 88 4016724 -305176 269 4 Discharging
39341.29 88 4070444 -71868 269 4 Discharging
39351.36 88 4055846 -108184 269 4 Discharging
39361.44 88 4070638 -54473 268 4 Discharging
39371.51 88 4070444 -55694 268 4 Discharging
39381.58 88 4051758 -133819 268 4 Discharging
39391.67 88 4060906 -55542 269 4 Discharging
39401.75 88 4034241 -232849 269 4 Discharging
39411.82 88 4066551 -53863 269 4 Discharging
39421.90 88 4056235 -101318 269 4 Discharging
39431.99 88 4068886 -55694 268 4 Discharging
39442.07 88 4068497 -54626 269 4 Discharging
39452.16 88 4068303 -75073 269 4 Discharging
39462.23 88 4040664 -113525 269 4 Discharging
39472.30 88 4030932 -184478 269 4 Discharging
39482.37 88 4069860 -54779 268 4 Discharging
39492.44 88 4055651 -114135 268 4 Discharging
39502.53 88 4068303 -54779 268 4 Discharging
39512.60 88 4061685 -84686 268 4 Discharging
39522.67 88 4049617 -100097 269 4 Discharging
39532.75 88 4027623 -203094 268 4 Discharging
39542.80 88 4013610 -239410 269 4 Discharging
39552.87 88 4061101 -106811 269 4 Discharging
39562.94 88 4066745 -54473 269 4 Discharging
39573.02 87 4052342 -134582 269 4 Discharging
39583.08 87 4063242 -65002 269 4 Discharging
39593.16 87 4058765 -55542 268 4 Discharging
39603.25 87 4024315 -219268 269 4 Discharging
39613.32 87 4026845 -286712 269 4 Discharging
39623.40 87 4060712 -84533 269 4 Discharging
39633.50 87 4066356 -57067 268 4 Discharging
39643.58 87 4058765 -84838 269 4 Discharging
39653.65 87 4064994 -54321 269 4 Discharging
39663.73 87 4046309 -114135 269 4 Discharging
39673.82 87 4034241 -181732 268 4 Discharging
39683.90 87 4021784 -256347 269 4 Discharging
39693.98 87 4050396 -127258 268 4 Discharging
39704.08 87 4060712 -65002 269 4 Discharging
39714.14 87 4051175 -166931 268 4 Discharging
39724.23 87 4064021 -55847 269 4 Discharging
39734.30 87 4060517 -64849 268 4 Discharging
39744.39 87 4017308 -314483 269 4 Discharging
39754.45 87 4034825 -159607 268 4 Discharging
39764.51 87 4017697 -214233 269 4 Discharging
39774.80 87 4061685 -64239 269 4 Discharging
39784.99 87 4058181 -55236 268 4 Discharging
39795.18 87 4062658 -54626 268 4 Discharging
39805.33 87 4056040 -68206 268 4 Discharging
39815.43 87 4051564 -152435 269 4 Discharging
39825.49 87 4052926 -82397 268 4 Discharging
39835.57 87 4051564 -65155 269 4 Discharging
39845.65 87 4008160 -256500 269 4 Discharging
39855.73 87 4033657 -183868 269 4 Discharging
39865.79 87 4062658 -54473 268 4 Discharging
39875.88 87 4061101 -54321 269 4 Discharging
39885.95 87 4036966 -182037 268 4 Discharging
39896.02 87 4058571 -58441 268 4 Discharging
39906.09 87 4052537 -93994 269 4 Discharging
39916.16 87 4052537 -65155 268 4 Discharging
39926.25 87 4016140 -245819 269 4 Discharging
39936.32 87 3999401 -278015 268 4 Discharging
39946.41 87 4023925 -184326 269 4 Discharging
39956.46 87 4031516 -161743 268 4 Discharging
39966.54 87 4060322 -55542 268 4 Discharging
39976.62 87 4060322 -55389 268 4 Discharging
39986.70 87 4025677 -161590 268 4 Discharging
39996.78 87 4029764 -159454 269 4 Discharging
40006.85 87 4022952 -210113 268 4 Discharging
40016.94 87 4051953 -85601 268 4 Discharging
40027.01 87 4040275 -156860 268 4 Discharging
40037.07 87 4061880 -55542 268 4 Discharging
40047.15 87 4057598 -108337 268 4 Discharging
40057.24 87 4053510 -54931 268 4 Discharging
40067.32 87 4029181 -175476 269 4 Discharging
40077.43 87 4051369 -84381 268 4 Discharging
40087.50 87 4053316 -98266 268 4 Discharging
40097.57 87 4026066 -242462 268 4 Discharging
40107.64 87 4045335 -101165 269 4 Discharging
40117.73 87 4058765 -55084 269 4 Discharging
40127.84 87 4027040 -138855 268 4 Discharging
40137.90 87 4028597 -178375 269 4 Discharging
40147.98 87 4046893 -120239 268 4 Discharging
40158.04 87 4055262 -57373 268 4 Discharging
40168.12 87 4055262 -83923 269 4 Discharging
40178.18 87 4039107 -114288 268 4 Discharging
40188.28 87 4057014 -54626 268 4 Discharging
40198.35 87 4028207 -157165 268 4 Discharging
40208.41 87 4046309 -85601 269 4 Discharging
40218.49 87 4052342 -68969 269 4 Discharging
40228.56 87 4016918 -127563 268 4 Discharging
40238.64 87 4026066 -208892 268 4 Discharging
40248.71 87 4042027 -111389 269 4 Discharging
40258.80 87 4045335 -115814 268 4 Discharging
40268.87 87 4025288 -233001 269 4 Discharging
40278.95 87 4043389 -111541 268 4 Discharging
40289.02 87 4050980 -65155 269 4 Discharging
40299.09 87 4025288 -169830 268 4 Discharging
40309.15 87 4031322 -220337 269 4 Discharging
40319.23 87 4046503 -102539 268 4 Discharging
40329.29 87 4047671 -78735 268 4 Discharging
40339.36 87 3999206 -229797 269 4 Discharging
40349.43 87 4039886 -109558 268 4 Discharging
40359.53 87 4043973 -104370 268 4 Discharging
40369.59 87 4051953 -54016 268 4 Discharging
40379.67 87 4015167 -228882 269 4 Discharging
40389.75 87 4042805 -145263 268 4 Discharging
40399.83 87 4034630 -107421 268 4 Discharging
40409.89 87 4014193 -159607 269 4 Discharging
40419.98 87 4036187 -108490 269 4 Discharging
40430.06 87 4044751 -84686 268 4 Discharging
40440.15 87 4052148 -54626 268 4 Discharging
40450.24 87 4021979 -194091 268 4 Discharging
40460.32 87 4051369 -55694 268 4 Discharging
40470.39 87 4052537 -54626 268 4 Discharging
40480.47 87 4015945 -162353 269 4 Discharging
40490.54 87 4023731 -158081 269 4 Discharging
40500.60 87 4003099 -223694 268 4 Discharging
40510.67 87 4049617 -58898 268 4 Discharging
40520.76 87 4019254 -199890 268 4 Discharging
40530.85 87 4038718 -100097 268 4 Discharging
40540.92 87 4019254 -162048 268 4 Discharging
40551.01 87 4016724 -205536 269 4 Discharging
40561.08 87 4017697 -215606 269 4 Discharging
40571.15 87 4022952 -178527 269 4 Discharging
40581.22 87 3985971 -237579 269 4 Discharging
40591.30 87 4035409 -84838 268 4 Discharging
40601.37 86 4052148 -55084 268 4 Discharging
40611.45 86 4048255 -57220 268 4 Discharging
40621.54 86 4048255 -55084 268 4 Discharging
40631.61 86 4020422 -162048 268 4 Discharging
40641.68 86 4050201 -55542 269 4 Discharging
40651.76 86 4048839 -58898 268 4 Discharging
40661.83 86 4015945 -276489 269 4 Discharging
40671.92 86 4050980 -57220 269 4 Discharging
40682.01 86 4051564 -55389 268 4 Discharging
40692.09 86 4024120 -169983 268 4 Discharging
40702.16 86 4021200 -158691 269 4 Discharging
40712.23 86 4047671 -69885 268 4 Discharging
40722.33 86 4017308 -176849 268 4 Discharging
40732.39 86 4006213 -313110 268 4 Discharging
40742.46 86 4050007 -54931 269 4 Discharging
40752.54 86 4038328 -107421 268 4 Discharging
40762.62 86 4033073 -111694 269 4 Discharging
40772.69 86 4019838 -196228 268 4 Discharging
40782.79 86 4011858 -194702 268 4 Discharging
40792.86 86 4047866 -55236 268 4 Discharging
40802.93 86 4017697 -248108 269 4 Discharging
40813.03 86 4024509 -179596 268 4 Discharging
40823.10 86 4047087 -65765 268 4 Discharging
40833.17 86 4030348 -120544 268 4 Discharging
40843.25 86 4041832 -64239 269 4 Discharging
40853.34 86 4008744 -193634 268 4 Discharging
40863.40 86 4017502 -168762 269 4 Discharging
40873.48 86 4014972 -162048 268 4 Discharging
40883.56 86 4048060 -66986 268 4 Discharging
40893.64 86 4047671 -55847 268 4 Discharging
40903.71 86 4045141 -55236 268 4 Discharging
40913.79 86 4022952 -142059 268 4 Discharging
40923.88 86 4038134 -121154 268 4 Discharging
40933.95 86 4003099 -203704 268 4 Discharging
40944.03 86 4017308 -178985 268 4 Discharging
40954.12 86 4028791 -153656 268 4 Discharging
40964.20 86 4046893 -55084 268 4 Discharging
40974.26 86 4043194 -65002 268 4 Discharging
40984.37 86 4042610 -65155 268 4 Discharging
40994.44 86 4041248 -66070 268 4 Discharging
41004.50 86 3990642 -218353 268 4 Discharging
41014.60 86 4012442 -241699 268 4 Discharging
41024.66 86 4028013 -159607 268 4 Discharging
41034.73 86 4043584 -55999 268 4 Discharging
41044.79 86 4043584 -107574 268 4 Discharging
41054.88 86 4040469 -65460 268 4 Discharging
41064.95 86 4043584 -55236 268 4 Discharging
41075.02 86 4019254 -120849 268 4 Discharging
41085.10 86 4001931 -191650 268 4 Discharging
41095.17 86 4045530 -55542 268 4 Discharging
41105.24 86 4018086 -190277 268 4 Discharging
41115.32 86 4039107 -96740 268 4 Discharging
41125.40 86 4044557 -54626 268 4 Discharging
41135.48 86 4028402 -158386 268 4 Discharging
41145.56 86 4011663 -158844 268 4 Discharging
41155.66 86 3998039 -197601 268 4 Discharging
41165.72 86 4045919 -55389 268 4 Discharging
41175.80 86 4030543 -109405 268 4 Discharging
41185.87 86 4038328 -71411 268 4 Discharging
41195.95 86 4042221 -55236 268 4 Discharging
41206.02 86 4037745 -59661 268 4 Discharging
41216.10 86 4013415 -137634 268 4 Discharging
41226.17 86 3981494 -291290 269 4 Discharging
41236.24 86 4040859 -71716 268 4 Discharging
41246.31 86 4027818 -106964 268 4 Discharging
41256.39 86 4042027 -55236 268 4 Discharging
41266.49 86 4041248 -54931 268 4 Discharging
41276.55 86 4041053 -55084 268 4 Discharging
41286.62 86 4033268 -62255 268 4 Discharging
41296.70 86 3987723 -240478 268 4 Discharging
41306.77 86 4043194 -54626 268 4 Discharging
41316.85 86 4040664 -55694 268 4 Discharging
41326.94 86 4031127 -112609 268 4 Discharging
41337.03 86 4036966 -64392 268 4 Discharging
41347.12 86 4034241 -109405 268 4 Discharging
41357.19 86 4037745 -173645 268 4 Discharging
41367.26 86 4037355 -72479 268 4 Discharging
41377.33 86 3982662 -219726 269 4 Discharging
41387.42 86 3990448 -287323 269 4 Discharging
41397.49 86 4034630 -65307 269 4 Discharging
41407.55 86 4027429 -114288 268 4 Discharging
41417.65 86 4036382 -65002 269 4 Discharging
41427.72 86 4026261 -109863 268 4 Discharging
41437.80 86 4020033 -142822 268 4 Discharging
41447.86 86 4001542 -203094 268 4 Discharging
41457.95 86 4005435 -170593 269 4 Discharging
41468.02 86 4036771 -55694 268 4 Discharging
41478.08 86 4035798 -63934 268 4 Discharging
41488.16 86 4011858 -188293 268 4 Discharging
41498.24 86 4035020 -64086 268 4 Discharging
41508.31 86 4003099 -223846 268 4 Discharging
41518.39 86 4021395 -174408 268 4 Discharging
41528.48 86 3986944 -308227 268 4 Discharging
41538.55 86 4039107 -55084 268 4 Discharging
41548.63 86 4030738 -66223 268 4 Discharging
41558.73 86 4034825 -65155 268 4 Discharging
41568.80 86 4029181 -85601 268 4 Discharging
41578.86 85 4000180 -188598 268 4 Discharging
41588.93 85 3993951 -160675 269 4 Discharging
41599.01 85 4003099 -240326 268 4 Discharging
41609.08 85 4037550 -55847 269 4 Discharging
41619.15 85 4029764 -84381 268 4 Discharging
41629.24 85 4035214 -59204 268 4 Discharging
41639.30 85 4033657 -64239 268 4 Discharging
41649.38 85 4032879 -65307 268 4 Discharging
41659.46 85 4017892 -154724 268 4 Discharging
41669.54 85 4005435 -160369 268 4 Discharging
41679.62 85 3992394 -274658 268 4 Discharging
41689.70 85 4003683 -167999 268 4 Discharging
41699.77 85 4031905 -55694 268 4 Discharging
41709.84 85 3989864 -211181 268 4 Discharging
41719.90 85 3993367 -184021 268 4 Discharging
41729.98 85 4028013 -153198 269 4 Discharging
41740.07 85 4029959 -109253 268 4 Discharging
41750.13 85 4009911 -119628 268 4 Discharging
41760.20 85 3995119 -217285 268 4 Discharging
41770.29 85 4023341 -102996 268 4 Discharging
41780.37 85 4033073 -106811 268 4 Discharging
41790.44 85 4031711 -55847 268 4 Discharging
41800.53 85 3995314 -206604 268 4 Discharging
41810.58 85 4032295 -65155 268 4 Discharging
41820.66 85 4005240 -159454 268 4 Discharging
41830.76 85 3989669 -231628 268 4 Discharging
41840.83 85 4014777 -179901 268 4 Discharging
41850.90 85 4036187 -54931 268 4 Discharging
41860.96 85 4032489 -65002 268 4 Discharging
41871.07 85 3996287 -212249 268 4 Discharging
41881.15 85 4034630 -55389 268 4 Discharging
41891.23 85 4001542 -156250 268 4 Discharging
41901.32 85 4035409 -281830 268 4 Discharging
41911.39 85 4035993 -55236 268 4 Discharging
41921.47 85 4034436 -54626 267 4 Discharging
41931.55 85 4028986 -55236 268 4 Discharging
41941.64 85 4006213 -187225 268 4 Discharging
41951.71 85 4033463 -59204 267 4 Discharging
41961.79 85 4003099 -164337 268 4 Discharging
41971.87 85 4035798 -54473 268 4 Discharging
41981.95 85 4020811 -187835 267 4 Discharging
41992.03 85 4034046 -55236 268 4 Discharging
42002.11 85 4027429 -60882 267 4 Discharging
42012.21 85 4013415 -139312 267 4 Discharging
42022.29 85 4031322 -55084 267 4 Discharging
42032.37 85 3985193 -213928 267 4 Discharging
42042.45 85 3987917 -258484 267 4 Discharging
42052.52 85 4033463 -70037 268 4 Discharging
42062.60 85 4032879 -55389 267 4 Discharging
42072.69 85 4030348 -70953 268 4 Discharging
42082.76 85 4029181 -60577 267 4 Discharging
42092.84 85 4031711 -58288 268 4 Discharging
42102.92 85 4028597 -56457 267 4 Discharging
42113.00 85 3988891 -214233 267 4 Discharging
42123.07 85 4015167 -141601 267 4 Discharging
42133.16 85 4012831 -149078 267 4 Discharging
42143.24 85 4029764 -54779 267 4 Discharging
42153.32 85 4018670 -163269 268 4 Discharging
42163.39 85 4030932 -55694 267 4 Discharging
42173.47 85 4027818 -55694 267 4 Discharging
42183.55 85 3996676 -175933 267 4 Discharging
42193.62 85 4028207 -54779 267 4 Discharging
42203.70 85 4010495 -139007 267 4 Discharging
42213.78 85 4028986 -54931 267 4 Discharging
42223.86 85 4027623 -55694 267 4 Discharging
42233.94 85 4008354 -198059 267 4 Discharging
42244.02 85 3997844 -171508 267 4 Discharging
42254.09 85 3998233 -163116 267 4 Discharging
42264.16 85 4024120 -54931 267 4 Discharging
42274.25 85 4029959 -55389 267 4 Discharging
42284.33 85 4030154 -54779 267 4 Discharging
42294.40 85 4029570 -54473 267 4 Discharging
42304.48 85 4011079 -153198 267 4 Discharging
42314.55 85 4020811 -114441 267 4 Discharging
42324.63 85 4008938 -160369 267 4 Discharging
42334.72 85 4004072 -155944 267 4 Discharging
42344.79 85 3964561 -269775 267 4 Discharging
42354.87 85 3992978 -185699 267 4 Discharging
42364.94 85 4008938 -185241 268 4 Discharging
42375.03 85 4025677 -55847 267 4 Discharging
42385.11 85 4029181 -56304 267 4 Discharging
42395.19 85 4028207 -55084 267 4 Discharging
42405.30 85 4018086 -56610 267 4 Discharging
42415.38 85 3991810 -194854 267 4 Discharging
42425.45 85 4009328 -156097 267 4 Discharging
42435.53 85 4013610 -102386 267 4 Discharging
42445.61 84 4001737 -162201 267 4 Discharging
42455.68 84 4006797 -182190 267 4 Discharging
42465.74 84 4027623 -54473 267 4 Discharging
42475.84 84 4023731 -54931 267 4 Discharging
42485.90 84 3986166 -293426 268 4 Discharging
42495.98 84 4027429 -55084 267 4 Discharging
42506.05 84 4013026 -173339 267 4 Discharging
42516.14 84 4005046 -110015 267 4 Discharging
42526.22 84 4009911 -183715 267 4 Discharging
42536.30 84 3982662 -215454 267 4 Discharging
42546.39 84 4022563 -55084 267 4 Discharging
42556.46 84 3988307 -211486 267 4 Discharging
42566.54 84 4027040 -54626 267 4 Discharging
42576.63 84 4026261 -54779 267 4 Discharging
42586.70 84 4022758 -72021 267 4 Discharging
42596.78 84 4002126 -200653 267 4 Discharging
42606.85 84 4026066 -55389 267 4 Discharging
42616.93 84 4003488 -166320 267 4 Discharging
42627.01 84 3996287 -159301 267 4 Discharging
42637.08 84 4024509 -55236 267 4 Discharging
42647.18 84 4009133 -118255 267 4 Discharging
42657.25 84 4024509 -55389 267 4 Discharging
42667.33 84 3995703 -281830 267 4 Discharging
42677.41 84 4005629 -151977 267 4 Discharging
42687.48 84 4021979 -54626 267 4 Discharging
42697.55 84 3973320 -244293 267 4 Discharging
42707.64 84 4024509 -55084 267 4 Discharging
42717.72 84 4023731 -54779 267 4 Discharging
42727.79 84 4007770 -158233 267 4 Discharging
42737.88 84 4009328 -92773 267 4 Discharging
42747.94 84 4014388 -90484 267 4 Discharging
42758.02 84 4014193 -66223 267 4 Discharging
42768.10 84 3977018 -266113 267 4 Discharging
42778.19 84 4013804 -68206 267 4 Discharging
42788.27 84 4019254 -66223 267 4 Discharging
42798.35 84 4021395 -55084 267 4 Discharging
42808.44 84 4000374 -170288 267 4 Discharging
42818.52 84 3993562 -230255 267 4 Discharging
42828.60 84 4021200 -55389 267 4 Discharging
42838.68 84 4002515 -149078 267 4 Discharging
42848.77 84 3989475 -186157 267 4 Discharging
42858.84 84 4021395 -54016 267 4 Discharging
42868.93 84 4008938 -252685 267 4 Discharging
42879.01 84 4014972 -64849 267 4 Discharging
42889.08 84 4006603 -73852 267 4 Discharging
42899.17 84 4002905 -88348 267 4 Discharging
42909.25 84 3989864 -159607 267 4 Discharging
42919.33 84 3983635 -222931 267 4 Discharging
42929.40 84 4018476 -56304 267 4 Discharging
42939.50 84 4019643 -70037 267 4 Discharging
42949.58 84 4002126 -147400 267 4 Discharging
42959.65 84 4009717 -111084 267 4 Discharging
42969.75 84 4002321 -153045 267 4 Discharging
42979.82 84 4007381 -146179 267 4 Discharging
42989.90 84 4015945 -55847 267 4 Discharging
42999.98 84 3989085 -163269 267 4 Discharging
43010.08 84 4018476 -149078 267 4 Discharging
43020.16 84 4017308 -74462 267 4 Discharging
43030.24 84 4016724 -117034 267 4 Discharging
43040.32 84 3991810 -197143 267 4 Discharging
43050.40 84 4019449 -55847 267 4 Discharging
43060.48 84 4018865 -55847 267 4 Discharging
43070.56 84 3977018 -169677 267 4 Discharging
43080.64 84 3987528 -176239 267 4 Discharging
43090.71 84 4001931 -127258 267 4 Discharging
43100.79 84 4012636 -65460 267 4 Discharging
43111.02 84 3988891 -211792 267 4 Discharging
43121.10 84 4018865 -54931 267 4 Discharging
43131.19 84 4002321 -120086 267 4 Discharging
43141.27 84 3988112 -161438 267 4 Discharging
43151.35 84 3981105 -179901 267 4 Discharging
43161.42 84 4017113 -265960 267 4 Discharging
43171.49 84 4014193 -69427 267 4 Discharging
43181.59 84 3990837 -242157 267 4 Discharging
43191.68 84 4003878 -139312 267 4 Discharging
43201.76 84 4017892 -55084 267 4 Discharging
43211.85 84 3975850 -213470 267 4 Discharging
43221.92 84 3987528 -177154 267 4 Discharging
43232.01 84 4014972 -55542 267 4 Discharging
43242.11 84 4015751 -55389 267 4 Discharging
43252.19 84 3992783 -162201 267 4 Discharging
43262.26 84 4018086 -55389 267 4 Discharging
43272.34 84 4014583 -55084 267 4 Discharging
43282.42 84 3994730 -107269 267 4 Discharging
43292.50 84 3979937 -239563 267 4 Discharging
43302.58 84 4005240 -163421 267 4 Discharging
43312.65 84 4015945 -55236 267 4 Discharging
43322.72 84 4001347 -94604 266 4 Discharging
43332.82 84 4009522 -131836 267 4 Discharging
43342.89 84 4015556 -55389 267 4 Discharging
43352.97 84 4010690 -55694 267 4 Discharging
43363.05 84 3969622 -178222 267 4 Discharging
43373.14 84 4015751 -54779 266 4 Discharging
43383.22 84 4015556 -54779 266 4 Discharging
43393.31 84 4008938 -70343 266 4 Discharging
43403.39 83 3996871 -161438 267 4 Discharging
43413.48 83 4013999 -59661 266 4 Discharging
43423.56 83 3976239 -207672 267 4 Discharging
43433.65 83 3984998 -174102 267 4 Discharging
43443.72 83 4006797 -119934 267 4 Discharging
43453.80 83 4013220 -56304 266 4 Discharging
43463.87 83 3990642 -114288 267 4 Discharging
43473.95 83 3987139 -184326 267 4 Discharging
43484.04 83 3981494 -163421 267 4 Discharging
43494.11 83 3977212 -188751 267 4 Discharging
43504.20 83 3978575 -169067 267 4 Discharging
43514.28 83 3984998 -167694 267 4 Discharging
43524.35 83 3981105 -216674 267 4 Discharging
43534.42 83 3984803 -198516 267 4 Discharging
43544.51 83 3983830 -236206 267 4 Discharging
43554.59 83 4001931 -108490 266 4 Discharging
43564.68 83 4012052 -55694 266 4 Discharging
43574.78 83 4007381 -54931 267 4 Discharging
43584.86 83 3955997 -236358 267 4 Discharging
43594.95 83 4012831 -56152 267 4 Discharging
43605.03 83 3982078 -160217 267 4 Discharging
43615.12 83 3979353 -248413 267 4 Discharging
43625.21 83 4009717 -93689 266 4 Discharging
43635.28 83 4000764 -103149 267 4 Discharging
43645.37 83 4001347 -150451 267 4 Discharging
43655.49 83 3972930 -208892 267 4 Discharging
43665.57 83 4012247 -55389 267 4 Discharging
43675.68 83 3988696 -171814 267 4 Discharging
43685.76 83 4008744 -55847 267 4 Discharging
43695.83 83 3993562 -167236 267 4 Discharging
43705.94 83 3993367 -154113 267 4 Discharging
43716.02 83 4006797 -65307 267 4 Discharging
43726.26 83 4008354 -54626 267 4 Discharging
43736.34 83 4001542 -54931 267 4 Discharging
43746.43 83 3955218 -218200 267 4 Discharging
43756.51 83 3981689 -170440 267 4 Discharging
43766.60 83 3992978 -162811 267 4 Discharging
43776.69 83 4004851 -63629 267 4 Discharging
43786.77 83 4009133 -55236 267 4 Discharging
43796.85 83 4008744 -55542 267 4 Discharging
43806.94 83 3985193 -95672 267 4 Discharging
43817.02 83 3977796 -213318 268 4 Discharging
43827.10 83 3960279 -219268 267 4 Discharging
43837.19 83 3994341 -101776 267 4 Discharging
43847.28 83 3994924 -107727 267 4 Discharging
43857.36 83 4007576 -54779 268 4 Discharging
43867.44 83 3995119 -111694 267 4 Discharging
43877.55 83 4000374 -55542 267 4 Discharging
43887.62 83 3973125 -196380 267 4 Discharging
43897.69 83 4004267 -54931 268 4 Discharging
43907.79 83 3969816 -249176 267 4 Discharging
43917.87 83 3990448 -115203 267 4 Discharging
43927.95 83 3992200 -120697 268 4 Discharging
43938.05 83 4005824 -55694 267 4 Discharging
43948.13 83 4004267 -55236 267 4 Discharging
43958.21 83 3976434 -174255 268 4 Discharging
43968.28 83 4003683 -55694 267 4 Discharging
43978.38 83 3979548 -230255 267 4 Discharging
43988.46 83 4003488 -55389 268 4 Discharging
43998.54 83 4006408 -54779 268 4 Discharging
44008.63 83 4004851 -54626 268 4 Discharging
44018.71 83 3976823 -149841 268 4 Discharging
44028.79 83 3999985 -55236 268 4 Discharging
44038.86 83 3955218 -218048 268 4 Discharging
44048.95 83 3985971 -118866 267 4 Discharging
44059.03 83 4006019 -54779 268 4 Discharging
44069.12 83 3981884 -145874 268 4 Discharging
44079.24 83 3997260 -100097 267 4 Discharging
44089.31 83 3999790 -59051 268 4 Discharging
44099.39 83 3985387 -113678 268 4 Discharging
44109.49 83 3970984 -163116 268 4 Discharging
44119.56 83 3967481 -244903 268 4 Discharging
44129.64 83 3980132 -129699 268 4 Discharging
44139.72 83 4000569 -69885 268 4 Discharging
44149.83 83 3968843 -185241 268 4 Discharging
44159.90 83 3977407 -204773 268 4 Discharging
44169.98 83 4001153 -55694 268 4 Discharging
44180.06 83 3964172 -219116 268 4 Discharging
44190.12 83 3960474 -264435 268 4 Discharging
44200.19 83 3978770 -207214 268 4 Discharging
44210.27 83 3994730 -131836 268 4 Discharging
44220.36 83 3985193 -129242 268 4 Discharging
44230.43 83 4001542 -55389 268 4 Discharging
44240.50 83 4002126 -55847 268 4 Discharging
44250.61 83 3996676 -56457 268 4 Discharging
44260.69 83 3957943 -196685 268 4 Discharging
44270.76 83 3967091 -227508 268 4 Discharging
44280.84 83 4003488 -55999 268 4 Discharging
44290.94 83 4001542 -70190 268 4 Discharging
44301.02 83 4001347 -55389 268 4 Discharging
44311.09 83 3992783 -105133 268 4 Discharging
44321.18 83 3996482 -54931 268 4 Discharging
44331.26 83 3948406 -274048 268 4 Discharging
44341.34 83 3998623 -55236 268 4 Discharging
44351.45 83 3997260 -82092 268 4 Discharging
44361.54 83 4001347 -55389 268 4 Discharging
44371.62 83 3998623 -56152 269 4 Discharging
44381.69 83 3993757 -126037 268 4 Discharging
44391.78 83 3989864 -60119 268 4 Discharging
44401.86 83 3962420 -160217 268 4 Discharging
44411.95 83 3940426 -279083 268 4 Discharging
44422.04 83 3969427 -231018 268 4 Discharging
44432.13 82 3994535 -55999 268 4 Discharging
44442.21 82 3957554 -250396 268 4 Discharging
44452.32 82 3999985 -54016 268 4 Discharging
44462.40 82 3999401 -66986 268 4 Discharging
44472.48 82 3972930 -139770 268 4 Discharging
44482.57 82 3952494 -264587 268 4 Discharging
44492.64 82 3965924 -236969 268 4 Discharging
44502.72 82 3983246 -128631 268 4 Discharging
44512.79 82 3999012 -54626 268 4 Discharging
44522.87 82 3978186 -107879 268 4 Discharging
44532.95 82 3997649 -55236 268 4 Discharging
44543.03 82 3994924 -56457 268 4 Discharging
44553.11 82 3952104 -242004 268 4 Discharging
44563.18 82 3970595 -128479 268 4 Discharging
44573.26 82 3998233 -56457 268 4 Discharging
44583.33 82 3997260 -55389 268 4 Discharging
44593.43 82 4000180 -55389 267 4 Discharging
44603.51 82 3996871 -54931 267 4 Discharging
44613.59 82 3991032 -56762 267 4 Discharging
44623.69 82 3955218 -166015 268 4 Discharging
44633.77 82 3995314 -55847 267 4 Discharging
44643.86 82 3978964 -193328 268 4 Discharging
44653.96 82 3996871 -69580 267 4 Discharging
44664.03 82 3997649 -56152 268 4 Discharging
44674.11 82 3993562 -71411 268 4 Discharging
44684.20 82 3994341 -55084 268 4 Discharging
44694.29 82 3959306 -250244 268 4 Discharging
44704.36 82 3969816 -184631 267 4 Discharging
44714.44 82 3971373 -225067 268 4 Discharging
44724.55 82 3992589 -56152 268 4 Discharging
44734.62 82 3995703 -56457 267 4 Discharging
44744.71 82 3996482 -55847 267 4 Discharging
44754.81 82 3989864 -69885 267 4 Discharging
44764.89 82 3956970 -225982 268 4 Discharging
44774.97 82 3960668 -264282 268 4 Discharging
44785.08 82 3978770 -153808 268 4 Discharging
44795.17 82 3996092 -55847 268 4 Discharging
44805.25 82 3993173 -85907 268 4 Discharging
44815.32 82 3981884 -154571 267 4 Discharging
44825.40 82 3988501 -55694 268 4 Discharging
44835.48 82 3931083 -359497 268 4 Discharging
44845.56 82 3980327 -157013 267 4 Discharging
44855.67 82 3947238 -257263 268 4 Discharging
44865.73 82 3995314 -55694 267 4 Discharging
44875.81 82 3995314 -54321 268 4 Discharging
44885.91 82 3995314 -56304 268 4 Discharging
44896.00 82 3992783 -54931 268 4 Discharging
44906.08 82 3955218 -176849 268 4 Discharging
44916.16 82 3989669 -59509 268 4 Discharging
44926.25 82 3967286 -189666 267 4 Discharging
44936.32 82 3995703 -54779 267 4 Discharging
44946.41 82 3986360 -100555 268 4 Discharging
44956.52 82 3993951 -55389 268 4 Discharging
44966.60 82 3973709 -132141 267 4 Discharging
44976.68 82 3955997 -173339 268 4 Discharging
44986.79 82 3962615 -241089 268 4 Discharging
44996.86 82 3965534 -172271 267 4 Discharging
45006.93 82 3994146 -55999 268 4 Discharging
45017.01 82 3980911 -153198 267 4 Discharging
45027.09 82 3993173 -55389 268 4 Discharging
45037.18 82 3988501 -66528 268 4 Discharging
45047.25 82 3949574 -251465 268 4 Discharging
45057.35 82 3993173 -55847 268 4 Discharging
45067.43 82 3987917 -56152 268 4 Discharging
45077.50 82 3957554 -145721 268 4 Discharging
45087.59 82 3993951 -56152 268 4 Discharging
45097.66 82 3990059 -106353 268 4 Discharging
45107.74 82 3958527 -162658 268 4 Discharging
45117.84 82 3952104 -189972 268 4 Discharging
45127.91 82 3962031 -186157 268 4 Discharging
45138.00 82 3988501 -93078 268 4 Discharging
45148.09 82 3960668 -188141 268 4 Discharging
45158.19 82 3991810 -55999 268 4 Discharging
45168.27 82 3991810 -55542 268 4 Discharging
45178.34 82 3986750 -59967 268 4 Discharging
45188.45 82 3989669 -54931 268 4 Discharging
45198.53 82 3957359 -160980 268 4 Discharging
45208.61 82 3983635 -85601 268 4 Discharging
45218.69 82 3961836 -206604 268 4 Discharging
45228.77 82 3972152 -155792 268 4 Discharging
45238.85 82 3991226 -54626 268 4 Discharging
45248.94 82 3980521 -166778 268 4 Discharging
45259.06 82 3988696 -56457 268 4 Discharging
45269.14 82 3959890 -159607 268 4 Discharging
45279.21 82 3941205 -251617 268 4 Discharging
45289.29 82 3961447 -218353 268 4 Discharging
45299.37 82 3989280 -54473 268 4 Discharging
45309.43 82 3979743 -106659 268 4 Discharging
45319.53 82 3986750 -55084 268 4 Discharging
45329.61 82 3979159 -103454 267 4 Discharging
45339.69 82 3980521 -56762 268 4 Discharging
45349.95 82 3938285 -300293 268 4 Discharging
45360.02 82 3943346 -226745 268 4 Discharging
45370.11 82 3989475 -56457 267 4 Discharging
45380.18 82 3973904 -105133 268 4 Discharging
45390.29 82 3989864 -54473 268 4 Discharging
45400.38 82 3989475 -55847 267 4 Discharging
45410.46 82 3973125 -141906 267 4 Discharging
45420.56 82 3987528 -55542 267 4 Discharging
45430.65 82 3972541 -120849 267 4 Discharging
45440.73 82 3950158 -223846 268 4 Discharging
45450.80 82 3987917 -55236 268 4 Discharging
45460.90 82 3959500 -158233 268 4 Discharging
45470.96 82 3981494 -56457 268 4 Discharging
45481.05 82 3989085 -55847 268 4 Discharging
45491.14 81 3988891 -54779 267 4 Discharging
45501.21 81 3977602 -155639 268 4 Discharging
45511.28 81 3966313 -129547 267 4 Discharging
45521.36 81 3932057 -287170 268 4 Discharging
45531.47 81 3990059 -55847 267 4 Discharging
45541.55 81 3986750 -54626 267 4 Discharging
45551.64 81 3982078 -55694 267 4 Discharging
45561.73 81 3987334 -55847 267 4 Discharging
45571.81 81 3987334 -55084 267 4 Discharging
45581.89 81 3942956 -215606 268 4 Discharging
45592.01 81 3961252 -144653 267 4 Discharging
45602.09 81 3960668 -163421 267 4 Discharging
45612.17 81 3970595 -113220 267 4 Discharging
45622.24 81 3987723 -55847 267 4 Discharging
45632.33 81 3985582 -55389 267 4 Discharging
45642.40 81 3953856 -236511 267 4 Discharging
45652.50 81 3975655 -101776 267 4 Discharging
45662.58 81 3963393 -137176 267 4 Discharging
45672.65 81 3974098 -125274 267 4 Discharging
45682.72 81 3986166 -55999 267 4 Discharging
45692.82 81 3985776 -55847 267 4 Discharging
45702.89 81 3986944 -55694 267 4 Discharging
45712.98 81 3984803 -59814 267 4 Discharging
45723.06 81 3980911 -97198 267 4 Discharging
45733.15 81 3947822 -161132 267 4 Discharging
45743.23 81 3988112 -55542 267 4 Discharging
45753.32 81 3961641 -173187 267 4 Discharging
45763.42 81 3987139 -54931 267 4 Discharging
45773.50 81 3979743 -55847 267 4 Discharging
45783.57 81 3961641 -123138 267 4 Discharging
45793.67 81 3958138 -144806 267 4 Discharging
45803.75 81 3951131 -175628 267 4 Discharging
45813.83 81 3956776 -180359 267 4 Discharging
45823.95 81 3985582 -58441 267 4 Discharging
45834.02 81 3984609 -55694 268 4 Discharging
45844.10 81 3972541 -144958 267 4 Discharging
45854.18 81 3982468 -55084 268 4 Discharging
45864.28 81 3972347 -100708 267 4 Discharging
45874.36 81 3942178 -239563 267 4 Discharging
45884.45 81 3961058 -134277 267 4 Discharging
45894.52 81 3984803 -55084 268 4 Discharging
45904.60 81 3982857 -55847 267 4 Discharging
45914.67 81 3983246 -55694 268 4 Discharging
45924.76 81 3982468 -56152 267 4 Discharging
45934.84 81 3982078 -56610 267 4 Discharging
45944.92 81 3981884 -55542 267 4 Discharging
45954.99 81 3950353 -193634 268 4 Discharging
45965.09 81 3958138 -139312 267 4 Discharging
45975.17 81 3982857 -55389 267 4 Discharging
45985.24 81 3956386 -182190 267 4 Discharging
45995.30 81 3981689 -55542 268 4 Discharging
46005.38 81 3981105 -54779 267 4 Discharging
46015.46 81 3969232 -110015 267 4 Discharging
46025.53 81 3959306 -139007 267 4 Discharging
46035.66 81 3944124 -182495 267 4 Discharging
46045.73 81 3978964 -88958 267 4 Discharging
46055.80 81 3972736 -89874 267 4 Discharging
46065.90 81 3980132 -64392 267 4 Discharging
46075.99 81 3981689 -55999 267 4 Discharging
46086.07 81 3981884 -55999 267 4 Discharging
46096.15 81 3966313 -164795 267 4 Discharging
46106.26 81 3960863 -169983 267 4 Discharging
46116.34 81 3928748 -258484 267 4 Discharging
46126.43 81 3982273 -55236 267 4 Discharging
46136.51 81 3982078 -56304 267 4 Discharging
46146.59 81 3981494 -55542 267 4 Discharging
46156.67 81 3968259 -164642 267 4 Discharging
46166.78 81 3980132 -55847 267 4 Discharging
46176.85 81 3955997 -219421 267 4 Discharging
46186.94 81 3934587 -270843 267 4 Discharging
46197.02 81 3982078 -55084 267 4 Discharging
46207.32 81 3962225 -180664 267 4 Discharging
46217.51 81 3963199 -147857 267 4 Discharging
46227.84 81 3978186 -55847 267 4 Discharging
46237.92 81 3958527 -181121 267 4 Discharging
46248.01 81 3980716 -55542 267 4 Discharging
46258.08 81 3976434 -61645 267 4 Discharging
46268.17 81 3958333 -153350 267 4 Discharging
46278.24 81 3980521 -55389 267 4 Discharging
46288.32 81 3977991 -70648 267 4 Discharging
46298.40 81 3948017 -205230 267 4 Discharging
46308.50 81 3967481 -104675 267 4 Discharging
46318.58 81 3962225 -152282 267 4 Discharging
46328.66 81 3957943 -126648 267 4 Discharging
46338.75 81 3931278 -219116 267 4 Discharging
46348.82 81 3978964 -56610 267 4 Discharging
46358.90 81 3955218 -164947 267 4 Discharging
46368.99 81 3978770 -55694 267 4 Discharging
46379.07 81 3961058 -67749 267 4 Discharging
46389.15 81 3952688 -181884 267 4 Discharging
46399.26 81 3955218 -130462 267 4 Discharging
46409.34 81 3931473 -200500 267 4 Discharging
46419.41 81 3976045 -68969 267 4 Discharging
46429.52 81 3977991 -55389 266 4 Discharging
46439.59 81 3956192 -140533 267 4 Discharging
46449.68 81 3975071 -54931 267 4 Discharging
46459.75 81 3949185 -188293 267 4 Discharging
46469.84 81 3976045 -55236 267 4 Discharging
46479.92 81 3931473 -258636 267 4 Discharging
46489.99 81 3978186 -56152 266 4 Discharging
46500.08 81 3965534 -133819 267 4 Discharging
46510.16 81 3977407 -55236 267 4 Discharging
46520.23 81 3974488 -55847 266 4 Discharging
46530.33 81 3959500 -233154 267 4 Discharging
46540.41 81 3970595 -137024 266 4 Discharging
46550.49 81 3972736 -55694 267 4 Discharging
46560.58 81 3929137 -174865 267 4 Discharging
46570.67 80 3976434 -55542 267 4 Discharging
46580.74 80 3972347 -60272 266 4 Discharging
46590.83 80 3975461 -55236 267 4 Discharging
46600.92 80 3960668 -89111 267 4 Discharging
46611.00 80 3976239 -54473 266 4 Discharging
46621.08 80 3972541 -77056 266 4 Discharging
46631.18 80 3960863 -81176 266 4 Discharging
46641.26 80 3944124 -158844 267 4 Discharging
46651.33 80 3974098 -54779 267 4 Discharging
46661.41 80 3971957 -57067 266 4 Discharging
46671.50 80 3956970 -131073 267 4 Discharging
46681.57 80 3951715 -139465 266 4 Discharging
46691.66 80 3954051 -134735 267 4 Discharging
46701.75 80 3952104 -194091 267 4 Discharging
46711.82 80 3938090 -188751 267 4 Discharging
46721.90 80 3975266 -54626 266 4 Discharging
46731.99 80 3966507 -255890 267 4 Discharging
46742.08 80 3974488 -55847 266 4 Discharging
46752.15 80 3940037 -205841 266 4 Discharging
46762.22 80 3973709 -81176 266 4 Discharging
46772.33 80 3947044 -130615 266 4 Discharging
46782.41 80 3954440 -133056 267 4 Discharging
46792.48 80 3973514 -55389 266 4 Discharging
46802.56 80 3973125 -54931 266 4 Discharging
46812.64 80 3956192 -119628 266 4 Discharging
46822.72 80 3962809 -58441 266 4 Discharging
46832.83 80 3951520 -191803 266 4 Discharging
46842.92 80 3973125 -55389 267 4 Discharging
46853.01 80 3947628 -132751 267 4 Discharging
46863.08 80 3953856 -128479 267 4 Discharging
46873.15 80 3958138 -105285 266 4 Discharging
46883.23 80 3959695 -121002 266 4 Discharging
46893.32 80 3949769 -168457 267 4 Discharging
46903.40 80 3963393 -150299 266 4 Discharging
46913.49 80 3972347 -55389 266 4 Discharging
46923.58 80 3948212 -137634 267 4 Discharging
46933.67 80 3972930 -207977 267 4 Discharging
46943.74 80 3971179 -55084 266 4 Discharging
46953.82 80 3971568 -55236 266 4 Discharging
46963.92 80 3968065 -79345 266 4 Discharging
46973.99 80 3953856 -152435 267 4 Discharging
46984.07 80 3942178 -130310 267 4 Discharging
46994.17 80 3944513 -126190 266 4 Discharging
47004.24 80 3944513 -205383 267 4 Discharging
47014.32 80 3960279 -158386 266 4 Discharging
47024.39 80 3971179 -56304 267 4 Discharging
47034.49 80 3969622 -55999 266 4 Discharging
47044.57 80 3944903 -276642 266 4 Discharging
47054.64 80 3953467 -155181 266 4 Discharging
47064.73 80 3969622 -55084 267 4 Discharging
47074.82 80 3939258 -199432 267 4 Discharging
47084.90 80 3971179 -55389 266 4 Discharging
47094.99 80 3961058 -120544 266 4 Discharging
47105.08 80 3969816 -55694 266 4 Discharging
47115.16 80 3929721 -241241 266 4 Discharging
47125.26 80 3969232 -64544 266 4 Discharging
47135.35 80 3960474 -141601 266 4 Discharging
47145.43 80 3946460 -127868 266 4 Discharging
47155.52 80 3935755 -225830 267 4 Discharging
47165.60 80 3971179 -54931 266 4 Discharging
47175.69 80 3969427 -55236 266 4 Discharging
47185.76 80 3950547 -137176 266 4 Discharging
47195.85 80 3941983 -157470 266 4 Discharging
47205.93 80 3970011 -59356 266 4 Discharging
47216.01 80 3944903 -136566 266 4 Discharging
47226.08 80 3961447 -95672 267 4 Discharging
47236.17 80 3969232 -55236 266 4 Discharging
47246.25 80 3955802 -115509 266 4 Discharging
47256.33 80 3967870 -55694 266 4 Discharging
47266.43 80 3945876 -137634 266 4 Discharging
47276.51 80 3949379 -170745 266 4 Discharging
47286.59 80 3962420 -63781 266 4 Discharging
47296.67 80 3946071 -140838 266 4 Discharging
47306.75 80 3963199 -55694 266 4 Discharging
47316.83 80 3945876 -133056 266 4 Discharging
47326.98 80 3941983 -170745 266 4 Discharging
47337.07 80 3926607 -241699 266 4 Discharging
47347.15 80 3944124 -140228 266 4 Discharging
47357.23 80 3911425 -218048 266 4 Discharging
47367.31 80 3967286 -56915 266 4 Discharging
47377.41 80 3965924 -79650 266 4 Discharging
47387.50 80 3963977 -62866 266 4 Discharging
47397.59 80 3966507 -55847 266 4 Discharging
47407.67 80 3966702 -55236 266 4 Discharging
47417.75 80 3963977 -55847 266 4 Discharging
47427.83 80 3945292 -152893 266 4 Discharging
47437.91 80 3900720 -293274 266 4 Discharging
47447.99 80 3950353 -202331 266 4 Discharging
47458.07 80 3966313 -55542 266 4 Discharging
47468.18 80 3965340 -57983 266 4 Discharging
47478.25 80 3945876 -136413 266 4 Discharging
47488.34 80 3963393 -56762 266 4 Discharging
47498.43 80 3963393 -55389 266 4 Discharging
47508.52 80 3941010 -166778 266 4 Discharging
47518.60 80 3916680 -213165 266 4 Discharging
47528.68 80 3964756 -55389 266 4 Discharging
47538.76 80 3956386 -101471 266 4 Discharging
47548.84 80 3943540 -136413 266 4 Discharging
47558.93 80 3930889 -177765 266 4 Discharging
47569.02 80 3958917 -66375 266 4 Discharging
47579.09 80 3934198 -175628 266 4 Discharging
47589.17 80 3943930 -126037 266 4 Discharging
47599.26 80 3924271 -198822 266 4 Discharging
47609.34 80 3925634 -173339 267 4 Discharging
47619.41 80 3939648 -199127 266 4 Discharging
47629.50 80 3961252 -55542 266 4 Discharging
47639.60 80 3960863 -55694 266 4 Discharging
47649.68 79 3958333 -242157 267 4 Discharging
47659.74 79 3937507 -140228 266 4 Discharging
47669.81 79 3940426 -134735 266 4 Discharging
47679.88 79 3946460 -111694 267 4 Discharging
47689.96 79 3951715 -110778 266 4 Discharging
47700.03 79 3942956 -156555 266 4 Discharging
47710.12 79 3961836 -55542 266 4 Discharging
47720.20 79 3934976 -130920 266 4 Discharging
47730.28 79 3939064 -118866 266 4 Discharging
47740.36 79 3938090 -138244 267 4 Discharging
47750.44 79 3947044 -103454 266 4 Discharging
47760.51 79 3961836 -55236 266 4 Discharging
47770.62 79 3961252 -55389 266 4 Discharging
47780.70 79 3956776 -56152 266 4 Discharging
47790.78 79 3959111 -60272 267 4 Discharging
47800.86 79 3955024 -108032 266 4 Discharging
47810.94 79 3948406 -138397 266 4 Discharging
47821.02 79 3929137 -164184 266 4 Discharging
47831.11 79 3928553 -223541 266 4 Discharging
47841.19 79 3959111 -63476 266 4 Discharging
47851.28 79 3945681 -111694 267 4 Discharging
47861.36 79 3959890 -56152 266 4 Discharging
47871.44 79 3959111 -55999 267 4 Discharging
47881.52 79 3957554 -57525 266 4 Discharging
47891.60 79 3940231 -155487 267 4 Discharging
47901.69 79 3922714 -233764 266 4 Discharging
47911.77 79 3951326 -136871 266 4 Discharging
47921.85 79 3905197 -203399 266 4 Discharging
47931.92 79 3957554 -55847 267 4 Discharging
47942.02 79 3956581 -56762 266 4 Discharging
47952.10 79 3942178 -118408 266 4 Discharging
47962.19 79 3937701 -130157 266 4 Discharging
47972.35 79 3925439 -174865 266 4 Discharging
47982.43 79 3956776 -66680 266 4 Discharging
47992.51 79 3955413 -65918 266 4 Discharging
48002.61 79 3957943 -54779 266 4 Discharging
48012.68 79 3956776 -58898 266 4 Discharging
48022.77 79 3907143 -318603 266 4 Discharging
48032.86 79 3934198 -218811 266 4 Discharging
48042.95 79 3933808 -153350 266 4 Discharging
48053.02 79 3949185 -60577 266 4 Discharging
48063.25 79 3948601 -76904 266 4 Discharging
48073.50 79 3943346 -158233 266 4 Discharging
48083.64 79 3954440 -55847 266 4 Discharging
48093.73 79 3940037 -81939 266 4 Discharging
48103.80 79 3945876 -62103 266 4 Discharging
48113.87 79 3936144 -130462 266 4 Discharging
48123.96 79 3913372 -174560 266 4 Discharging
48134.04 79 3953467 -142974 266 4 Discharging
48144.12 79 3956192 -54931 266 4 Discharging
48154.21 79 3956386 -55694 266 4 Discharging
48164.30 79 3945681 -123901 266 4 Discharging
48174.38 79 3934198 -150299 266 4 Discharging
48184.46 79 3928553 -181884 266 4 Discharging
48194.53 79 3918432 -181884 267 4 Discharging
48204.62 79 3935171 -137024 266 4 Discharging
48214.69 79 3947238 -110778 266 4 Discharging
48224.77 79 3955024 -55542 266 4 Discharging
48234.87 79 3953077 -55236 266 4 Discharging
48244.94 79 3941789 -122833 266 4 Discharging
48255.03 79 3928359 -165710 266 4 Discharging
48265.12 79 3930500 -128784 266 4 Discharging
48275.20 79 3908700 -317535 267 4 Discharging
48285.27 79 3954635 -55389 266 4 Discharging
48295.36 79 3945292 -55847 266 4 Discharging
48305.44 79 3951715 -169067 266 4 Discharging
48315.52 79 3951520 -55389 266 4 Discharging
48325.61 79 3951910 -59661 266 4 Discharging
48335.72 79 3900720 -247955 266 4 Discharging
48345.79 79 3919795 -152588 266 4 Discharging
48355.87 79 3952104 -56152 266 4 Discharging
48365.94 79 3939648 -103912 266 4 Discharging
48376.01 79 3950742 -55999 266 4 Discharging
48386.08 79 3938090 -150299 266 4 Discharging
48396.18 79 3949379 -64392 266 4 Discharging
48406.25 79 3924855 -175628 266 4 Discharging
48416.32 79 3910063 -221557 266 4 Discharging
48426.39 79 3952299 -56610 266 4 Discharging
48436.49 79 3936533 -111694 266 4 Discharging
48446.58 79 3950742 -56152 265 4 Discharging
48456.67 79 3942178 -102386 265 4 Discharging
48466.74 79 3950353 -55236 265 4 Discharging
48476.83 79 3945681 -65002 265 4 Discharging
48486.90 79 3927775 -134887 265 4 Discharging
48496.99 79 3941205 -110931 265 4 Discharging
48507.07 79 3936144 -82092 265 4 Discharging
48517.15 79 3950742 -56152 265 4 Discharging
48527.23 79 3951131 -55389 265 4 Discharging
48537.33 79 3950353 -55542 265 4 Discharging
48547.40 79 3948601 -55999 264 4 Discharging
48557.48 79 3903056 -255737 265 4 Discharging
48567.55 79 3923687 -141143 265 4 Discharging
48577.63 79 3909673 -206298 264 4 Discharging
48587.70 79 3949769 -55847 265 4 Discharging
48597.78 79 3940426 -97503 264 4 Discharging
48607.85 79 3934782 -103607 264 4 Discharging
48617.93 79 3947238 -55236 264 4 Discharging
48628.03 79 3943930 -55847 264 4 Discharging
48638.11 79 3925050 -164032 264 4 Discharging
48648.18 79 3927580 -151825 263 4 Discharging
48658.28 79 3939453 -106048 263 4 Discharging
48668.37 79 3949379 -56762 263 4 Discharging
48678.43 79 3943930 -54931 263 4 Discharging
48688.53 79 3933224 -126800 263 4 Discharging
48698.62 79 3943735 -55999 263 4 Discharging
48708.70 79 3926218 -139770 263 4 Discharging
48718.78 78 3926607 -132446 263 4 Discharging
48728.88 78 3930500 -169067 263 4 Discharging
48738.96 78 3948990 -55389 263 4 Discharging
48749.04 78 3944708 -54931 262 4 Discharging
48759.14 78 3939842 -59204 263 4 Discharging
48769.21 78 3941205 -66528 262 4 Discharging
48779.29 78 3923882 -134124 263 4 Discharging
48789.37 78 3947238 -55542 262 4 Discharging
48799.44 78 3913955 -229492 262 4 Discharging
48809.54 78 3948017 -57067 262 4 Discharging
48819.62 78 3945292 -69580 262 4 Discharging
48829.71 78 3921546 -136413 261 4 Discharging
48839.78 78 3943151 -55542 261 4 Discharging
48849.85 78 3905781 -199127 262 4 Discharging
48859.94 78 3944903 -56304 261 4 Discharging
48870.01 78 3941983 -56152 261 4 Discharging
48880.09 78 3913761 -216217 261 4 Discharging
48890.17 78 3926801 -159301 261 4 Discharging
48900.26 78 3918237 -155792 261 4 Discharging
48910.33 78 3941399 -56610 261 4 Discharging
48920.40 78 3916096 -138549 261 4 Discharging
48930.48 78 3946071 -55236 261 4 Discharging
48940.57 78 3919795 -157165 261 4 Discharging
48950.65 78 3931278 -146637 261 4 Discharging
48960.74 78 3905197 -216217 261 4 Discharging
48970.82 78 3924271 -167541 261 4 Discharging
48980.91 78 3934976 -101776 261 4 Discharging
48990.97 78 3916680 -136413 261 4 Discharging
49001.06 78 3912204 -161895 261 4 Discharging
49011.14 78 3942762 -55847 261 4 Discharging
49021.22 78 3927385 -110626 260 4 Discharging
49031.31 78 3925439 -111236 260 4 Discharging
49041.36 78 3913177 -227661 261 4 Discharging
49051.45 78 3919989 -166931 260 4 Discharging
49061.53 78 3919989 -132293 260 4 Discharging
49071.61 78 3904029 -181427 260 4 Discharging
49081.69 78 3943346 -55847 260 4 Discharging
49091.77 78 3941789 -55694 260 4 Discharging
49101.86 78 3941983 -55084 260 4 Discharging
49111.94 78 3941010 -54473 259 4 Discharging
49122.02 78 3914734 -286102 259 4 Discharging
49132.12 78 3916291 -133667 259 4 Discharging
49142.20 78 3909090 -183105 259 4 Discharging
49152.27 78 3941010 -114288 259 4 Discharging
49162.35 78 3942178 -55999 259 4 Discharging
49172.45 78 3941983 -55236 259 4 Discharging
49182.53 78 3939258 -55389 258 4 Discharging
49192.61 78 3941010 -54779 259 4 Discharging
49202.69 78 3920184 -176544 258 4 Discharging
49212.78 78 3909284 -197143 258 4 Discharging
49222.87 78 3907727 -225067 258 4 Discharging
49232.94 78 3914539 -189056 258 4 Discharging
49243.03 78 3941789 -55236 258 4 Discharging
49253.09 78 3941399 -55542 258 4 Discharging
49263.17 78 3940037 -55542 258 4 Discharging
49273.25 78 3939258 -54779 258 4 Discharging
49283.33 78 3906170 -202636 258 4 Discharging
49293.41 78 3915513 -136718 258 4 Discharging
49303.48 78 3882814 -196228 258 4 Discharging
49313.56 78 3936533 -86517 257 4 Discharging
49323.64 78 3940231 -56304 257 4 Discharging
49333.72 78 3939453 -57525 257 4 Discharging
49343.79 78 3931473 -61798 257 4 Discharging
49353.87 78 3935949 -55694 257 4 Discharging
49363.93 78 3917070 -135955 257 4 Discharging
49374.00 78 3906559 -197906 257 4 Discharging
49384.08 78 3918237 -235901 257 4 Discharging
49394.15 78 3932057 -114593 257 4 Discharging
49404.23 78 3936728 -89263 257 4 Discharging
49414.31 78 3939453 -55389 257 4 Discharging
49424.39 78 3921352 -135192 257 4 Discharging
49434.47 78 3909479 -185699 256 4 Discharging
49444.54 78 3932446 -86059 256 4 Discharging
49454.61 78 3898774 -147400 256 4 Discharging
49464.69 78 3934976 -56457 256 4 Discharging
49474.75 78 3917070 -162963 256 4 Discharging
49484.81 78 3922714 -123138 256 4 Discharging
49494.90 78 3937701 -55542 256 4 Discharging
49504.98 78 3928164 -70800 256 4 Discharging
49515.05 78 3911036 -170593 256 4 Discharging
49525.13 78 3939064 -55542 256 4 Discharging
49535.21 78 3920768 -130462 255 4 Discharging
49545.29 78 3914345 -167694 255 4 Discharging
49555.37 78 3924271 -102386 256 4 Discharging
49565.45 78 3909673 -189819 255 4 Discharging
49575.52 78 3918627 -79956 255 4 Discharging
49585.60 78 3887096 -279998 255 4 Discharging
49595.67 78 3936728 -55999 255 4 Discharging
49605.75 78 3916680 -107879 255 4 Discharging
49615.84 78 3909479 -160980 256 4 Discharging
49625.92 78 3935949 -55847 255 4 Discharging
49636.00 78 3930500 -55542 255 4 Discharging
49646.08 78 3930110 -56304 255 4 Discharging
49656.15 78 3932057 -74310 255 4 Discharging
49666.22 78 3900720 -209045 255 4 Discharging
49676.30 78 3934976 -55084 255 4 Discharging
49686.38 78 3934976 -55694 255 4 Discharging
49696.46 78 3935171 -55999 255 4 Discharging
49706.56 78 3934587 -56457 255 4 Discharging
49716.63 78 3914150 -144806 255 4 Discharging
49726.70 78 3895854 -196075 255 4 Discharging
49736.77 78 3910841 -135498 255 4 Discharging
49746.85 78 3896049 -323333 255 4 Discharging
49756.92 78 3903250 -198974 255 4 Discharging
49766.97 78 3913566 -138549 255 4 Discharging
49777.06 78 3905975 -164489 255 4 Discharging
49787.13 77 3907922 -167083 255 4 Discharging
49797.21 77 3931667 -75836 255 4 Discharging
49807.29 77 3931473 -55694 254 4 Discharging
49817.37 77 3885538 -307007 255 4 Discharging
49827.43 77 3910647 -173797 254 4 Discharging
49837.51 77 3934198 -55999 255 4 Discharging
49847.59 77 3927580 -59967 254 4 Discharging
49857.67 77 3930110 -64392 255 4 Discharging
49867.76 77 3919016 -144653 254 4 Discharging
49877.84 77 3925050 -57067 254 4 Discharging
49887.91 77 3902472 -154724 254 4 Discharging
49898.00 77 3930889 -55694 254 4 Discharging
49908.07 77 3930110 -55847 254 4 Discharging
49918.15 77 3900331 -237579 254 4 Discharging
49928.23 77 3932057 -54626 254 4 Discharging
49938.31 77 3930694 -55847 254 4 Discharging
49948.39 77 3917654 -86212 253 4 Discharging
49958.48 77 3906170 -177459 254 4 Discharging
49968.54 77 3887485 -276642 254 4 Discharging
49978.61 77 3926607 -82550 253 4 Discharging
49988.68 77 3930110 -55236 253 4 Discharging
49998.76 77 3929916 -55236 253 4 Discharging
50008.84 77 3912788 -153198 253 4 Discharging
50018.92 77 3915123 -156402 253 4 Discharging
50029.00 77 3906754 -173492 253 4 Discharging
50039.09 77 3890210 -296783 253 4 Discharging
50049.16 77 3926218 -55542 253 4 Discharging
50059.26 77 3931083 -57067 253 4 Discharging
50069.34 77 3930305 -56610 253 4 Discharging
50079.42 77 3928748 -55236 253 4 Discharging
50089.50 77 3926607 -55236 253 4 Discharging
50099.60 77 3917264 -129699 253 4 Discharging
50109.67 77 3904224 -137024 253 4 Discharging
50119.75 77 3930500 -55084 253 4 Discharging
50129.82 77 3929916 -55236 253 4 Discharging
50139.92 77 3929916 -55542 253 4 Discharging
50150.00 77 3929721 -54168 252 4 Discharging
50160.09 77 3928748 -55999 252 4 Discharging
50170.18 77 3925244 -55389 252 4 Discharging
50180.27 77 3890210 -200195 252 4 Discharging
50190.35 77 3914539 -159607 252 4 Discharging
50200.44 77 3930305 -55236 252 4 Discharging
50210.52 77 3895854 -226745 252 4 Discharging
50220.61 77 3906170 -134582 252 4 Discharging
50230.67 77 3918627 -70800 252 4 Discharging
50240.76 77 3927775 -55542 252 4 Discharging
50250.85 77 3902861 -132751 252 4 Discharging
50260.94 77 3893713 -177002 252 4 Discharging
50271.03 77 3919795 -55389 252 4 Discharging
50281.10 77 3914345 -117492 252 4 Discharging
50291.19 77 3912593 -117492 251 4 Discharging
50301.28 77 3928359 -55999 252 4 Discharging
50311.35 77 3928748 -55084 251 4 Discharging
50321.43 77 3905975 -131988 251 4 Discharging
50331.51 77 3906559 -146179 252 4 Discharging
50341.58 77 3910647 -127716 251 4 Discharging
50351.67 77 3927385 -56304 251 4 Discharging
50361.75 77 3900525 -188903 251 4 Discharging
50371.85 77 3928164 -55389 251 4 Discharging
50381.93 77 3897411 -161132 251 4 Discharging
50392.01 77 3924466 -56152 251 4 Discharging
50402.09 77 3871330 -205688 251 4 Discharging
50412.16 77 3925050 -70953 251 4 Discharging
50422.24 77 3908700 -119476 251 4 Discharging
50432.33 77 3926023 -55847 251 4 Discharging
50442.41 77 3914929 -90789 250 4 Discharging
50452.50 77 3901109 -149078 250 4 Discharging
50462.59 77 3926801 -59204 250 4 Discharging
50472.67 77 3922325 -126495 250 4 Discharging
50482.75 77 3877558 -311889 250 4 Discharging
50492.82 77 3925244 -55389 250 4 Discharging
50502.90 77 3925828 -55694 250 4 Discharging
50512.97 77 3914929 -70190 250 4 Discharging
50523.05 77 3912788 -147247 250 4 Discharging
50533.13 77 3923687 -54626 250 4 Discharging
50543.22 77 3898968 -165557 250 4 Discharging
50553.29 77 3899358 -188141 250 4 Discharging
50563.37 77 3901109 -140838 250 4 Discharging
50573.46 77 3897217 -139923 250 4 Discharging
50583.52 77 3924855 -55694 250 4 Discharging
50593.61 77 3925050 -54931 250 4 Discharging
50603.69 77 3924271 -128631 250 4 Discharging
50613.78 77 3919795 -64697 250 4 Discharging
50623.86 77 3921352 -56610 250 4 Discharging
50633.93 77 3886901 -180969 250 4 Discharging
50644.01 77 3920962 -108490 250 4 Discharging
50654.09 77 3907338 -116882 250 4 Discharging
50664.18 77 3897022 -132751 250 4 Discharging
50674.26 77 3924271 -56610 250 4 Discharging
50684.33 77 3923298 -56152 250 4 Discharging
50694.42 77 3910257 -109558 250 4 Discharging
50704.50 77 3875807 -198974 250 4 Discharging
50714.58 77 3897801 -188751 250 4 Discharging
50724.66 77 3921352 -55999 250 4 Discharging
50734.75 77 3896438 -175323 250 4 Discharging
50744.83 77 3922325 -56457 250 4 Discharging
50754.91 77 3916680 -102539 250 4 Discharging
50765.00 77 3921546 -56152 250 4 Discharging
50775.08 77 3913177 -102386 250 4 Discharging
50785.16 77 3884760 -198211 250 4 Discharging
50795.23 77 3921546 -55389 249 4 Discharging
50805.31 77 3921741 -56457 249 4 Discharging
50815.39 77 3920768 -56304 249 4 Discharging
50825.47 77 3888069 -223846 249 4 Discharging
50835.55 77 3909284 -126190 249 4 Discharging
50845.63 77 3917848 -54931 249 4 Discharging
50855.70 76 3896827 -135650 249 4 Discharging
50865.79 76 3921352 -55694 249 4 Discharging
50875.90 76 3919989 -56457 249 4 Discharging
50885.98 76 3913566 -102081 249 4 Discharging
50896.06 76 3918237 -55694 249 4 Discharging
50906.14 76 3888653 -182647 249 4 Discharging
50916.22 76 3899942 -83618 249 4 Discharging
50926.34 76 3884955 -303650 249 4 Discharging
50936.42 76 3920184 -55236 249 4 Discharging
50946.50 76 3916291 -56304 249 4 Discharging
50956.57 76 3919405 -55694 249 4 Discharging
50966.66 76 3907922 -107727 249 4 Discharging
50976.75 76 3919405 -54779 249 4 Discharging
50986.82 76 3896049 -143585 249 4 Discharging
50996.90 76 3877753 -175323 249 4 Discharging
51006.98 76 3876974 -185547 249 4 Discharging
51017.05 76 3896438 -266266 249 4 Discharging
51027.12 76 3919600 -55847 248 4 Discharging
51037.21 76 3918627 -56457 249 4 Discharging
51047.29 76 3917654 -55694 249 4 Discharging
51057.37 76 3895660 -176391 249 4 Discharging
51067.46 76 3887290 -176696 249 4 Discharging
51077.53 76 3896827 -133056 249 4 Discharging
51087.62 76 3893129 -139160 248 4 Discharging
51097.70 76 3915707 -55389 248 4 Discharging
51107.79 76 3892545 -175323 248 4 Discharging
51117.85 76 3911620 -71106 248 4 Discharging
51127.93 76 3915318 -55236 248 4 Discharging
51138.01 76 3887485 -146789 248 4 Discharging
51148.09 76 3912204 -106201 248 4 Discharging
51158.17 76 3916486 -57067 249 4 Discharging
51168.25 76 3916291 -77514 248 4 Discharging
51178.33 76 3891572 -131225 248 4 Discharging
51188.41 76 3912398 -56304 248 4 Discharging
51198.49 76 3892351 -131530 248 4 Discharging
51208.58 76 3892545 -139770 248 4 Discharging
51218.66 76 3891378 -135345 248 4 Discharging
51228.73 76 3901109 -118560 248 4 Discharging
51238.82 76 3913372 -65155 248 4 Discharging
51248.90 76 3898774 -173034 248 4 Discharging
51258.99 76 3916291 -55694 248 4 Discharging
51269.07 76 3914539 -56457 248 4 Discharging
51279.16 76 3910063 -56762 248 4 Discharging
51289.22 76 3888263 -137481 248 4 Discharging
51299.30 76 3874444 -234375 248 4 Discharging
51309.38 76 3849725 -370941 247 4 Discharging
51319.47 76 3901109 -109558 247 4 Discharging
51329.56 76 3915318 -55999 247 4 Discharging
51339.64 76 3890988 -169220 247 4 Discharging
51349.73 76 3901888 -159149 247 4 Discharging
51359.81 76 3890404 -197296 248 4 Discharging
51369.88 76 3890210 -186004 247 4 Discharging
51379.96 76 3913955 -55847 247 4 Discharging
51390.04 76 3913177 -56610 247 4 Discharging
51400.12 76 3898384 -131530 247 4 Discharging
51410.20 76 3895465 -91705 247 4 Discharging
51420.28 76 3911231 -85754 247 4 Discharging
51430.36 76 3913566 -56152 247 4 Discharging
51440.45 76 3890015 -140838 247 4 Discharging
51450.52 76 3874833 -261993 247 4 Discharging
51460.58 76 3914345 -63629 247 4 Discharging
51470.67 76 3913955 -55847 247 4 Discharging
51480.74 76 3913372 -56762 247 4 Discharging
51490.82 76 3911814 -55236 247 4 Discharging
51500.92 76 3886317 -180511 247 4 Discharging
51510.99 76 3891572 -128326 247 4 Discharging
51521.07 76 3868410 -223541 247 4 Discharging
51531.15 76 3878921 -188446 247 4 Discharging
51541.22 76 3908311 -55847 247 4 Discharging
51551.29 76 3890015 -154571 247 4 Discharging
51561.36 76 3888458 -133361 247 4 Discharging
51571.44 76 3889820 -131225 246 4 Discharging
51581.51 76 3887485 -138397 246 4 Discharging
51591.58 76 3885928 -133361 246 4 Discharging
51601.66 76 3912982 -56304 247 4 Discharging
51611.73 76 3883787 -188751 246 4 Discharging
51621.81 76 3899942 -149078 246 4 Discharging
51631.89 76 3912398 -55389 246 4 Discharging
51641.97 76 3911036 -55847 246 4 Discharging
51652.05 76 3888069 -136413 246 4 Discharging
51662.13 76 3883203 -174102 247 4 Discharging
51672.21 76 3899747 -150299 246 4 Discharging
51682.29 76 3899747 -104065 246 4 Discharging
51692.37 76 3910647 -55847 246 4 Discharging
51702.44 76 3884955 -172577 246 4 Discharging
51712.52 76 3908311 -126190 246 4 Discharging
51722.60 76 3897022 -148620 246 4 Discharging
51732.68 76 3884955 -112762 246 4 Discharging
51742.77 76 3851866 -237579 246 4 Discharging
51752.84 76 3901109 -110626 246 4 Discharging
51762.92 76 3908895 -65307 246 4 Discharging
51773.00 76 3892545 -167694 246 4 Discharging
51783.08 76 3900331 -102691 246 4 Discharging
51793.17 76 3884955 -134887 246 4 Discharging
51803.24 76 3868800 -181427 246 4 Discharging
51813.31 76 3856148 -181884 245 4 Discharging
51823.39 76 3886901 -167083 245 4 Discharging
51833.47 76 3911231 -55542 245 4 Discharging
51843.55 76 3910257 -55999 245 4 Discharging
51853.63 75 3906754 -56152 245 4 Discharging
51863.70 75 3908895 -56304 245 4 Discharging
51873.78 75 3880478 -137024 245 4 Discharging
51883.86 75 3882230 -165100 245 4 Discharging
51893.94 75 3899942 -101318 245 4 Discharging
51904.02 75 3909090 -64392 245 4 Discharging
51914.10 75 3885928 -114746 245 4 Discharging
51924.19 75 3865880 -244598 245 4 Discharging
51934.27 75 3908506 -55847 245 4 Discharging
51944.35 75 3908116 -55236 245 4 Discharging
51954.44 75 3882814 -148925 245 4 Discharging
51964.53 75 3882035 -132446 245 4 Discharging
51974.61 75 3889237 -207214 245 4 Discharging
51984.70 75 3907338 -55694 245 4 Discharging
51994.79 75 3906365 -56457 245 4 Discharging
52004.87 75 3906949 -55389 245 4 Discharging
52014.93 75 3901109 -65918 245 4 Discharging
52025.01 75 3888847 -184021 245 4 Discharging
52035.09 75 3858289 -214538 245 4 Discharging
52045.16 75 3907922 -55694 245 4 Discharging
52055.24 75 3907338 -55999 245 4 Discharging
52065.33 75 3897995 -102081 245 4 Discharging
52075.39 75 3907143 -55236 245 4 Discharging
52085.48 75 3905975 -55694 245 4 Discharging
52095.56 75 3905781 -72479 245 4 Discharging
52105.65 75 3882619 -144958 245 4 Discharging
52115.72 75 3879894 -141296 245 4 Discharging
52125.82 75 3892935 -139007 245 4 Discharging
52135.89 75 3906754 -64239 245 4 Discharging
52145.97 75 3906949 -55999 245 4 Discharging
52156.04 75 3904613 -56152 245 4 Discharging
52166.13 75 3905975 -55389 245 4 Discharging
52176.21 75 3899552 -56610 245 4 Discharging
52186.29 75 3865880 -171814 245 4 Discharging
52196.36 75 3868605 -217743 245 4 Discharging
52206.44 75 3906365 -55236 245 4 Discharging
52216.53 75 3902861 -98419 244 4 Discharging
52226.61 75 3881840 -178070 245 4 Discharging
52236.68 75 3901499 -67291 244 4 Discharging
52246.77 75 3887096 -115203 244 4 Discharging
52256.85 75 3880867 -130462 245 4 Discharging
52266.95 75 3872303 -183105 245 4 Discharging
52277.03 75 3906365 -55542 244 4 Discharging
52287.10 75 3905197 -54321 244 4 Discharging
52297.17 75 3888069 -157318 244 4 Discharging
52307.25 75 3901304 -66223 244 4 Discharging
52317.33 75 3903250 -55694 244 4 Discharging
52327.40 75 3898579 -56610 244 4 Discharging
52337.48 75 3861987 -287933 244 4 Discharging
52347.55 75 3893908 -159912 244 4 Discharging
52357.64 75 3904807 -55084 244 4 Discharging
52367.72 75 3904418 -55999 244 4 Discharging
52377.80 75 3903640 -56152 244 4 Discharging
52387.88 75 3903445 -55847 244 4 Discharging
52397.96 75 3885344 -133972 244 4 Discharging
52408.04 75 3876974 -144653 244 4 Discharging
52418.12 75 3903445 -55389 244 4 Discharging
52428.21 75 3902666 -60272 244 4 Discharging
52438.29 75 3868021 -187988 244 4 Discharging
52448.38 75 3884955 -235901 244 4 Discharging
52458.46 75 3903445 -55694 244 4 Discharging
52468.53 75 3900720 -87890 244 4 Discharging
52478.61 75 3880478 -129699 244 4 Discharging
52488.68 75 3879699 -142517 244 4 Discharging
52498.77 75 3883397 -137786 243 4 Discharging
52508.85 75 3871719 -161895 244 4 Discharging
52518.94 75 3902277 -54321 243 4 Discharging
52529.02 75 3876001 -141754 244 4 Discharging
52539.10 75 3889042 -111847 243 4 Discharging
52549.17 75 3894297 -57067 244 4 Discharging
52559.26 75 3870746 -156860 244 4 Discharging
52569.34 75 3902472 -56152 244 4 Discharging
52579.42 75 3901888 -55694 243 4 Discharging
52589.50 75 3902277 -56152 244 4 Discharging
52599.56 75 3901499 -55542 243 4 Discharging
52609.65 75 3900915 -56762 244 4 Discharging
52619.74 75 3899552 -54779 243 4 Discharging
52629.81 75 3862961 -161132 243 4 Discharging
52639.90 75 3897995 -55236 243 4 Discharging
52649.98 75 3900136 -56610 243 4 Discharging
52660.06 75 3878726 -165100 243 4 Discharging
52670.15 75 3891378 -111541 243 4 Discharging
52680.23 75 3899552 -55389 243 4 Discharging
52690.29 75 3897022 -63629 243 4 Discharging
52700.36 75 3866075 -180511 243 4 Discharging
52710.44 75 3863350 -164032 243 4 Discharging
52720.51 75 3868800 -164184 243 4 Discharging
52730.61 75 3876001 -144958 243 4 Discharging
52740.70 75 3875417 -132141 243 4 Discharging
52750.77 75 3874249 -160675 243 4 Discharging
52760.84 75 3872303 -226745 243 4 Discharging
52770.92 75 3866464 -223083 243 4 Discharging
52781.01 75 3848557 -168457 243 4 Discharging
52791.08 75 3900525 -55236 243 4 Discharging
52801.17 75 3899747 -55389 243 4 Discharging
52811.25 75 3899552 -55694 243 4 Discharging
52821.32 75 3879699 -109558 243 4 Discharging
52831.40 75 3896438 -61798 242 4 Discharging
52841.48 75 3883397 -65460 242 4 Discharging
52851.56 75 3861403 -172577 243 4 Discharging
52861.64 75 3870746 -237884 242 4 Discharging
52871.72 75 3889237 -153198 242 4 Discharging
52881.81 75 3897801 -56762 242 4 Discharging
52891.90 75 3874444 -133056 242 4 Discharging
52901.97 75 3892545 -103912 242 4 Discharging
52912.04 75 3898968 -55542 242 4 Discharging
52922.12 75 3897411 -56304 242 4 Discharging
52932.20 75 3897801 -60882 242 4 Discharging
52942.27 75 3884176 -122375 242 4 Discharging
52952.35 75 3889626 -55389 242 4 Discharging
52962.43 75 3861987 -174865 242 4 Discharging
52972.50 75 3862377 -212402 243 4 Discharging
52982.58 75 3897606 -55999 242 4 Discharging
52992.66 75 3888653 -135955 242 4 Discharging
53002.74 74 3892935 -59814 242 4 Discharging
53012.86 74 3896049 -55236 242 4 Discharging
53022.94 74 3884176 -129852 242 4 Discharging
53033.03 74 3870357 -140380 242 4 Discharging
53043.10 74 3869578 -134124 242 4 Discharging
53053.18 74 3891378 -59661 242 4 Discharging
53063.26 74 3892935 -56152 242 4 Discharging
53073.35 74 3891767 -56915 242 4 Discharging
53083.44 74 3874444 -193939 242 4 Discharging
53093.52 74 3892740 -75378 242 4 Discharging
53103.59 74 3890794 -70800 242 4 Discharging
53113.68 74 3864518 -138549 242 4 Discharging
53123.76 74 3896633 -55847 242 4 Discharging
53133.84 74 3855564 -246734 242 4 Discharging
53143.92 74 3893519 -71563 242 4 Discharging
53154.00 74 3895270 -56304 242 4 Discharging
53164.07 74 3883008 -131836 241 4 Discharging
53174.16 74 3892156 -54931 242 4 Discharging
53184.25 74 3873276 -135192 241 4 Discharging
53194.32 74 3850114 -288086 242 4 Discharging
53204.39 74 3895854 -58288 242 4 Discharging
53214.48 74 3895270 -56152 242 4 Discharging
53224.56 74 3893129 -55389 241 4 Discharging
53234.64 74 3894297 -55084 241 4 Discharging
53244.72 74 3886512 -101013 241 4 Discharging
53254.81 74 3887874 -54931 242 4 Discharging
53264.88 74 3865491 -142517 241 4 Discharging
53274.96 74 3893908 -55999 241 4 Discharging
53285.05 74 3892935 -55847 241 4 Discharging
53295.12 74 3879894 -150299 241 4 Discharging
53305.20 74 3894297 -56457 241 4 Discharging
53315.30 74 3887485 -76294 242 4 Discharging
53325.37 74 3867826 -132141 241 4 Discharging
53335.46 74 3864323 -193939 241 4 Discharging
53345.54 74 3843691 -236663 242 4 Discharging
53355.61 74 3892351 -55847 241 4 Discharging
53365.69 74 3892351 -55542 241 4 Discharging
53375.77 74 3891572 -55389 241 4 Discharging
53385.85 74 3891961 -55847 241 4 Discharging
53395.93 74 3858484 -217437 241 4 Discharging
53406.00 74 3868605 -133209 241 4 Discharging
53416.07 74 3894492 -56457 241 4 Discharging
53426.15 74 3892545 -55084 241 4 Discharging
53436.23 74 3893324 -56762 241 4 Discharging
53446.30 74 3892351 -55389 241 4 Discharging
53456.39 74 3886901 -66375 241 4 Discharging
53466.47 74 3872303 -132598 241 4 Discharging
53476.55 74 3858484 -169830 241 4 Discharging
53486.64 74 3880867 -74310 241 4 Discharging
53496.72 74 3881840 -107421 241 4 Discharging
53506.78 74 3865880 -203704 241 4 Discharging
53516.88 74 3868800 -177002 241 4 Discharging
53526.95 74 3892351 -55236 241 4 Discharging
53537.02 74 3891378 -55236 240 4 Discharging
53547.10 74 3864128 -142669 241 4 Discharging
53557.18 74 3846611 -212555 241 4 Discharging
53567.26 74 3890210 -56152 240 4 Discharging
53577.33 74 3881062 -106811 240 4 Discharging
53587.41 74 3890210 -84533 240 4 Discharging
53597.49 74 3878142 -61340 240 4 Discharging
53607.58 74 3878337 -110931 240 4 Discharging
53617.66 74 3861987 -140075 241 4 Discharging
53627.74 74 3858289 -218353 241 4 Discharging
53637.82 74 3880283 -135498 241 4 Discharging
53647.90 74 3887679 -103912 240 4 Discharging
53657.95 74 3866659 -143737 240 4 Discharging
53668.03 74 3879505 -102691 240 4 Discharging
53678.13 74 3888069 -56610 241 4 Discharging
53688.21 74 3847195 -222473 241 4 Discharging
53698.30 74 3878142 -111847 241 4 Discharging
53708.38 74 3888653 -55999 240 4 Discharging
53718.45 74 3878531 -68664 240 4 Discharging
53728.54 74 3885344 -64239 240 4 Discharging
53738.61 74 3874444 -101013 241 4 Discharging
53748.70 74 3876974 -157013 240 4 Discharging
53758.77 74 3888458 -59661 240 4 Discharging
53768.85 74 3860625 -182647 240 4 Discharging
53778.94 74 3889237 -56457 240 4 Discharging
53789.01 74 3884176 -105438 240 4 Discharging
53799.10 74 3889431 -55847 240 4 Discharging
53809.18 74 3886122 -56152 240 4 Discharging
53819.27 74 3877169 -101776 241 4 Discharging
53829.34 74 3884371 -55847 240 4 Discharging
53839.42 74 3848168 -215759 240 4 Discharging
53849.51 74 3856732 -261230 240 4 Discharging
53859.60 74 3887874 -55999 240 4 Discharging
53869.68 74 3886317 -56152 240 4 Discharging
53879.77 74 3885149 -71563 240 4 Discharging
53889.84 74 3886706 -55847 240 4 Discharging
53899.93 74 3885538 -55694 240 4 Discharging
53910.01 74 3854007 -143737 240 4 Discharging
53920.09 74 3887290 -55236 240 4 Discharging
53930.16 74 3887290 -56610 240 4 Discharging
53940.24 74 3851282 -296325 240 4 Discharging
53950.32 74 3877558 -86975 240 4 Discharging
53960.40 74 3854980 -232238 240 4 Discharging
53970.47 74 3866269 -146942 239 4 Discharging
53980.54 74 3859846 -136566 240 4 Discharging
53990.62 74 3887485 -54626 240 4 Discharging
54000.69 74 3878142 -110931 239 4 Discharging
54010.77 74 3887485 -55389 239 4 Discharging
54020.84 74 3886122 -55694 239 4 Discharging
54030.91 74 3865102 -131530 240 4 Discharging
54041.00 74 3880478 -60424 240 4 Discharging
54051.09 74 3883203 -56457 239 4 Discharging
54061.17 74 3860625 -137329 239 4 Discharging
54071.25 74 3850309 -173339 239 4 Discharging
54081.32 74 3869578 -106048 239 4 Discharging
54091.40 74 3876585 -69885 239 4 Discharging
54101.48 74 3885344 -56610 239 4 Discharging
54111.56 74 3879699 -71716 239 4 Discharging
54121.65 74 3873471 -109253 239 4 Discharging
54131.73 74 3847195 -211181 239 4 Discharging
54141.80 73 3884760 -55542 239 4 Discharging
54151.90 73 3873276 -108184 239 4 Discharging
54161.97 73 3884176 -56762 239 4 Discharging
54172.06 73 3857705 -177917 239 4 Discharging
54182.15 73 3868021 -158081 239 4 Discharging
54192.24 73 3885149 -56304 239 4 Discharging
54202.32 73 3876780 -123443 239 4 Discharging
54212.39 73 3858873 -132293 239 4 Discharging
54222.47 73 3846611 -145416 239 4 Discharging
54232.54 73 3874055 -70190 239 4 Discharging
54242.62 73 3874055 -105743 239 4 Discharging
54252.69 73 3873082 -104675 239 4 Discharging
54262.76 73 3882814 -56457 239 4 Discharging
54272.84 73 3870551 -112915 239 4 Discharging
54282.91 73 3880673 -56152 239 4 Discharging
54292.98 73 3848363 -188141 239 4 Discharging
54303.05 73 3850309 -177459 239 4 Discharging
54313.12 73 3884371 -55542 239 4 Discharging
54323.18 73 3883592 -55847 239 4 Discharging
54333.25 73 3842913 -212555 239 4 Discharging
54343.32 73 3864518 -100555 239 4 Discharging
54353.39 73 3880478 -56152 239 4 Discharging
54363.47 73 3868410 -104065 239 4 Discharging
54373.53 73 3854007 -167846 239 4 Discharging
54383.61 73 3881062 -56610 239 4 Discharging
54393.70 73 3868605 -114593 239 4 Discharging
54403.79 73 3875223 -60272 239 4 Discharging
54413.87 73 3878337 -72479 239 4 Discharging
54423.95 73 3870357 -70648 239 4 Discharging
54434.03 73 3873082 -84533 239 4 Discharging
54444.11 73 3856927 -138549 239 4 Discharging
54454.20 73 3872303 -102996 239 4 Discharging
54464.28 73 3881646 -55389 238 4 Discharging
54474.36 73 3881256 -55999 238 4 Discharging
54484.43 73 3869578 -102996 239 4 Discharging
54494.52 73 3874249 -75988 238 4 Discharging
54504.60 73 3877753 -57525 238 4 Discharging
54514.69 73 3844665 -193939 239 4 Discharging
54524.76 73 3842913 -276031 239 4 Discharging
54534.83 73 3852839 -137786 239 4 Discharging
54544.91 73 3841940 -208740 239 4 Discharging
54554.99 73 3860236 -134430 239 4 Discharging
54565.07 73 3870551 -101776 239 4 Discharging
54575.16 73 3877753 -86822 238 4 Discharging
54585.25 73 3878921 -55389 238 4 Discharging
54595.33 73 3853423 -133819 238 4 Discharging
54605.41 73 3878726 -60119 238 4 Discharging
54615.49 73 3845443 -101928 238 4 Discharging
54625.56 73 3852256 -188141 238 4 Discharging
54635.64 73 3879505 -66680 238 4 Discharging
54645.72 73 3879894 -56304 238 4 Discharging
54655.80 73 3877948 -56915 238 4 Discharging
54665.89 73 3840967 -220794 238 4 Discharging
54675.96 73 3879505 -56304 239 4 Discharging
54686.03 73 3876974 -62866 238 4 Discharging
54696.10 73 3878337 -55389 238 4 Discharging
54706.18 73 3878726 -55694 238 4 Discharging
54716.26 73 3872887 -59661 239 4 Discharging
54726.33 73 3874639 -57067 238 4 Discharging
54736.39 73 3827926 -235443 238 4 Discharging
54746.48 73 3879310 -63781 238 4 Discharging
54756.56 73 3876390 -60272 238 4 Discharging
54766.63 73 3879699 -56915 238 4 Discharging
54776.72 73 3879310 -55542 238 4 Discharging
54786.80 73 3862377 -135345 238 4 Discharging
54796.88 73 3872108 -55694 238 4 Discharging
54806.95 73 3852839 -142974 238 4 Discharging
54817.02 73 3878726 -55999 238 4 Discharging
54827.08 73 3849531 -179290 238 4 Discharging
54837.14 73 3873471 -61798 238 4 Discharging
54847.21 73 3857121 -148773 238 4 Discharging
54857.27 73 3852645 -217132 238 4 Discharging
54867.35 73 3860820 -155792 238 4 Discharging
54877.44 73 3833376 -192718 238 4 Discharging
54887.52 73 3877753 -55999 237 4 Discharging
54897.59 73 3845054 -208435 238 4 Discharging
54907.67 73 3877753 -56152 238 4 Discharging
54917.75 73 3877558 -55694 238 4 Discharging
54927.84 73 3874249 -114288 238 4 Discharging
54937.93 73 3845832 -136718 238 4 Discharging
54948.01 73 3860041 -155181 238 4 Discharging
54958.09 73 3866659 -64392 237 4 Discharging
54968.17 73 3847390 -158844 237 4 Discharging
54978.26 73 3863350 -119018 238 4 Discharging
54988.34 73 3877364 -56152 237 4 Discharging
54998.41 73 3876001 -56152 237 4 Discharging
55008.48 73 3874833 -56457 237 4 Discharging
55018.57 73 3869773 -55694 237 4 Discharging
55028.64 73 3841161 -189056 238 4 Discharging
55038.72 73 3872692 -56762 237 4 Discharging
55048.80 73 3855175 -138702 237 4 Discharging
55058.88 73 3872108 -55999 237 4 Discharging
55068.96 73 3843302 -178222 237 4 Discharging
55079.05 73 3851672 -155487 237 4 Discharging
55089.13 73 3853229 -73700 237 4 Discharging
55099.22 73 3831040 -240478 238 4 Discharging
55109.29 73 3846416 -159759 238 4 Discharging
55119.38 73 3874444 -56304 237 4 Discharging
55129.45 73 3873666 -56457 237 4 Discharging
55139.53 73 3849725 -134582 237 4 Discharging
55149.61 73 3835517 -204315 238 4 Discharging
55159.69 73 3846611 -161285 237 4 Discharging
55169.76 73 3846416 -243530 237 4 Discharging
55179.84 73 3825980 -178375 237 4 Discharging
55189.92 73 3848557 -171203 237 4 Discharging
55200.00 73 3853813 -167694 237 4 Discharging
55210.07 73 3873471 -56762 237 4 Discharging
55220.14 72 3866075 -139770 237 4 Discharging
55230.23 72 3872887 -55847 237 4 Discharging
55240.30 72 3872498 -56610 237 4 Discharging
55250.39 72 3845249 -132751 237 4 Discharging
55260.47 72 3850309 -134582 237 4 Discharging
55270.55 72 3854591 -134277 237 4 Discharging
55280.65 72 3872498 -56304 237 4 Discharging
55290.73 72 3856538 -93689 237 4 Discharging
55300.81 72 3847195 -176849 237 4 Discharging
55310.90 72 3873082 -56610 237 4 Discharging
55320.98 72 3853229 -175323 237 4 Discharging
55331.06 72 3844665 -220947 237 4 Discharging
55341.14 72 3873082 -55084 237 4 Discharging
55351.21 72 3871914 -55694 237 4 Discharging
55361.30 72 3873082 -56152 237 4 Discharging
55371.37 72 3859457 -101013 237 4 Discharging
55381.45 72 3870941 -56610 237 4 Discharging
55391.52 72 3852645 -123443 237 4 Discharging
55401.60 72 3845249 -182495 237 4 Discharging
55411.68 72 3852061 -155792 237 4 Discharging
55421.76 72 3836879 -238189 237 4 Discharging
55431.84 72 3872303 -55999 237 4 Discharging
55441.93 72 3860625 -147400 237 4 Discharging
55452.01 72 3863739 -102081 237 4 Discharging
55462.08 72 3845832 -136261 237 4 Discharging
55472.14 72 3845638 -133361 237 4 Discharging
55482.23 72 3863739 -102844 237 4 Discharging
55492.31 72 3871135 -55694 237 4 Discharging
55502.38 72 3871719 -55999 237 4 Discharging
55512.45 72 3834154 -220489 237 4 Discharging
55522.53 72 3868605 -56610 237 4 Discharging
55532.61 72 3847390 -162048 237 4 Discharging
55542.70 72 3847973 -129394 237 4 Discharging
55552.79 72 3846806 -145874 237 4 Discharging
55562.86 72 3856732 -141296 237 4 Discharging
55572.96 72 3870941 -55694 237 4 Discharging
55583.04 72 3867632 -56915 237 4 Discharging
55593.12 72 3870357 -55389 237 4 Discharging
55603.19 72 3838242 -154419 237 4 Discharging
55613.26 72 3859457 -77972 237 4 Discharging
55623.35 72 3841940 -137786 237 4 Discharging
55633.43 72 3859262 -144195 237 4 Discharging
55643.53 72 3837074 -216522 237 4 Discharging
55653.61 72 3848168 -170440 237 4 Discharging
55663.69 72 3861987 -153503 237 4 Discharging
55673.78 72 3869189 -56610 237 4 Discharging
55683.85 72 3867048 -63018 237 4 Discharging
55693.93 72 3841550 -151825 237 4 Discharging
55703.99 72 3868605 -55847 237 4 Discharging
55714.08 72 3866464 -55999 237 4 Discharging
55724.16 72 3866269 -89874 237 4 Discharging
55734.23 72 3847584 -176391 237 4 Discharging
55744.31 72 3866853 -56304 237 4 Discharging
55754.40 72 3841161 -217743 237 4 Discharging
55764.48 72 3834738 -176696 237 4 Discharging
55774.56 72 3868800 -57373 237 4 Discharging
55784.64 72 3858289 -185699 236 4 Discharging
55794.72 72 3855954 -111389 237 4 Discharging
55804.80 72 3868605 -55999 236 4 Discharging
55814.88 72 3868216 -55389 236 4 Discharging
55824.96 72 3861014 -65307 236 4 Discharging
55835.04 72 3864128 -55236 236 4 Discharging
55845.11 72 3833181 -172271 237 4 Discharging
55855.19 72 3850698 -166320 236 4 Discharging
55865.27 72 3863350 -55389 236 4 Discharging
55875.36 72 3841161 -174560 236 4 Discharging
55885.44 72 3840188 -228729 236 4 Discharging
55895.52 72 3867048 -59967 236 4 Discharging
55905.61 72 3855759 -129394 236 4 Discharging
55915.69 72 3860236 -57220 236 4 Discharging
55925.76 72 3826369 -171203 236 4 Discharging
55935.83 72 3864907 -55084 237 4 Discharging
55945.91 72 3866659 -54626 236 4 Discharging
55956.00 72 3864128 -109710 236 4 Discharging
55966.09 72 3864907 -56457 236 4 Discharging
55976.17 72 3861598 -56762 236 4 Discharging
55986.25 72 3841940 -150604 236 4 Discharging
55996.33 72 3828510 -195160 236 4 Discharging
56006.41 72 3844275 -162963 236 4 Discharging
56016.48 72 3865685 -55999 236 4 Discharging
56026.56 72 3849336 -154113 236 4 Discharging
56036.64 72 3864323 -55694 236 4 Discharging
56046.72 72 3861014 -55389 236 4 Discharging
56056.80 72 3859068 -55236 236 4 Discharging
56066.88 72 3828704 -189514 237 4 Discharging
56076.96 72 3851088 -141906 236 4 Discharging
56087.03 72 3861209 -56457 236 4 Discharging
56097.11 72 3839604 -154266 236 4 Discharging
56107.19 72 3830845 -224609 236 4 Discharging
56117.26 72 3844665 -154876 236 4 Discharging
56127.35 72 3836685 -133667 236 4 Discharging
56137.44 72 3810798 -290680 236 4 Discharging
56147.51 72 3849141 -156707 236 4 Discharging
56157.68 72 3865296 -56152 236 4 Discharging
56167.77 72 3855370 -102996 236 4 Discharging
56177.84 72 3863934 -76599 236 4 Discharging
56187.93 72 3863155 -56304 236 4 Discharging
56198.01 72 3854202 -69732 236 4 Discharging
56208.10 72 3830262 -165252 236 4 Discharging
56218.17 72 3841745 -166778 236 4 Discharging
56228.26 72 3865880 -79650 236 4 Discharging
56238.34 72 3844470 -155334 236 4 Discharging
56248.42 72 3864712 -57067 236 4 Discharging
56258.52 72 3851282 -104675 236 4 Discharging
56268.59 72 3861014 -55999 236 4 Discharging
56278.68 72 3816248 -233612 236 4 Discharging
56288.76 72 3834154 -130615 236 4 Discharging
56298.83 72 3858289 -91247 236 4 Discharging
56308.92 72 3854980 -66986 236 4 Discharging
56318.99 72 3861209 -56610 236 4 Discharging
56329.08 72 3815274 -266571 236 4 Discharging
56339.17 72 3854202 -56915 236 4 Discharging
56349.25 71 3826563 -258178 236 4 Discharging
56359.32 71 3832986 -160980 236 4 Discharging
56369.40 71 3864128 -55999 236 4 Discharging
56379.48 71 3863544 -55694 236 4 Discharging
56389.57 71 3854397 -86975 236 4 Discharging
56399.64 71 3849336 -141296 236 4 Discharging
56409.73 71 3858679 -57678 236 4 Discharging
56419.80 71 3835517 -178833 236 4 Discharging
56429.89 71 3854980 -102233 235 4 Discharging
56439.98 71 3862182 -55847 235 4 Discharging
56450.05 71 3840383 -137176 235 4 Discharging
56460.12 71 3853229 -67443 235 4 Discharging
56470.19 71 3838242 -149078 235 4 Discharging
56480.26 71 3838242 -167389 235 4 Discharging
56490.33 71 3859652 -55694 235 4 Discharging
56500.41 71 3813717 -230560 236 4 Discharging
56510.48 71 3861987 -55389 235 4 Discharging
56520.56 71 3861987 -55389 235 4 Discharging
56530.65 71 3862377 -55847 235 4 Discharging
56540.74 71 3849920 -80261 235 4 Discharging
56550.82 71 3860820 -56762 235 4 Discharging
56560.89 71 3855564 -71563 235 4 Discharging
56570.98 71 3822476 -167236 235 4 Discharging
56581.06 71 3861014 -56915 235 4 Discharging
56591.14 71 3831624 -282592 235 4 Discharging
56601.23 71 3839020 -167846 235 4 Discharging
56611.32 71 3850309 -153656 235 4 Discharging
56621.39 71 3854786 -83313 235 4 Discharging
56631.47 71 3836101 -133056 235 4 Discharging
56641.55 71 3824228 -214080 235 4 Discharging
56651.62 71 3858679 -56610 235 4 Discharging
56661.69 71 3814691 -234527 235 4 Discharging
56671.77 71 3857121 -66375 235 4 Discharging
56681.85 71 3859262 -55999 235 4 Discharging
56691.94 71 3857900 -59661 235 4 Discharging
56702.02 71 3856927 -55847 235 4 Discharging
56712.09 71 3805153 -195617 235 4 Discharging
56722.18 71 3852061 -121765 235 4 Discharging
56732.25 71 3827537 -188293 236 4 Discharging
56742.33 71 3859846 -55847 235 4 Discharging
56752.40 71 3854980 -105285 235 4 Discharging
56762.47 71 3858289 -55542 235 4 Discharging
56772.56 71 3857121 -56610 236 4 Discharging
56782.64 71 3801455 -267639 235 4 Discharging
56792.72 71 3856927 -55542 235 4 Discharging
56802.79 71 3857511 -57067 235 4 Discharging
56812.87 71 3851282 -60424 235 4 Discharging
56822.94 71 3855370 -55694 235 4 Discharging
56833.02 71 3832208 -185852 235 4 Discharging
56843.10 71 3854202 -63781 235 4 Discharging
56853.19 71 3854007 -58136 235 4 Discharging
56863.28 71 3827926 -181732 235 4 Discharging
56873.35 71 3855759 -55999 235 4 Discharging
56883.42 71 3836295 -161438 235 4 Discharging
56893.51 71 3856927 -57067 235 4 Discharging
56903.60 71 3845249 -146484 235 4 Discharging
56913.68 71 3855954 -71106 235 4 Discharging
56923.75 71 3854007 -56457 234 4 Discharging
56933.84 71 3829872 -141601 235 4 Discharging
56943.91 71 3826369 -201568 235 4 Discharging
56953.97 71 3825396 -138702 235 4 Discharging
56964.04 71 3837852 -156097 235 4 Discharging
56974.12 71 3835906 -189972 234 4 Discharging
56984.21 71 3856927 -55847 234 4 Discharging
56994.29 71 3853034 -59967 235 4 Discharging
57004.39 71 3852645 -57220 235 4 Discharging
57014.46 71 3829872 -135345 234 4 Discharging
57024.54 71 3844859 -108490 235 4 Discharging
57034.61 71 3855954 -56610 234 4 Discharging
57044.70 71 3853034 -55847 234 4 Discharging
57054.79 71 3854007 -55999 234 4 Discharging
57064.86 71 3836101 -136413 234 4 Discharging
57074.94 71 3828121 -214233 234 4 Discharging
57085.02 71 3830651 -173797 235 4 Discharging
57095.09 71 3837658 -131378 235 4 Discharging
57105.15 71 3853229 -106201 234 4 Discharging
57115.24 71 3856148 -55694 234 4 Discharging
57125.31 71 3853618 -65002 235 4 Discharging
57135.38 71 3841161 -106353 234 4 Discharging
57145.46 71 3850504 -55847 234 4 Discharging
57155.54 71 3831429 -132904 234 4 Discharging
57165.62 71 3834154 -202942 234 4 Discharging
57175.69 71 3854202 -56457 234 4 Discharging
57185.78 71 3854202 -57220 234 4 Discharging
57195.85 71 3849920 -56457 234 4 Discharging
57205.92 71 3832208 -169372 234 4 Discharging
57216.00 71 3831624 -160675 234 4 Discharging
57226.09 71 3830262 -132141 234 4 Discharging
57236.17 71 3849920 -110168 234 4 Discharging
57246.27 71 3856148 -55389 234 4 Discharging
57256.35 71 3854591 -55999 234 4 Discharging
57266.42 71 3814107 -215606 234 4 Discharging
57276.51 71 3851672 -60730 234 4 Discharging
57286.60 71 3851088 -57067 234 4 Discharging
57296.68 71 3814301 -148315 234 4 Discharging
57306.75 71 3814691 -162201 234 4 Discharging
57316.83 71 3849920 -56304 234 4 Discharging
57326.90 71 3831429 -168609 234 4 Discharging
57336.99 71 3833765 -136413 234 4 Discharging
57347.08 71 3854397 -55542 234 4 Discharging
57357.17 71 3854007 -55999 234 4 Discharging
57367.24 71 3852256 -56152 234 4 Discharging
57377.32 71 3847779 -67749 234 4 Discharging
57387.40 71 3830651 -195770 234 4 Discharging
57397.48 71 3850698 -72631 234 4 Discharging
57407.57 71 3851866 -59051 234 4 Discharging
57417.64 71 3852061 -55999 234 4 Discharging
57427.71 71 3842329 -110778 234 4 Discharging
57437.79 71 3849531 -55389 234 4 Discharging
57447.87 71 3826369 -268249 234 4 Discharging
57457.96 71 3832597 -151672 234 4 Discharging
57468.03 70 3813328 -165863 234 4 Discharging
57478.11 70 3795811 -226440 234 4 Discharging
57488.19 70 3823449 -187683 234 4 Discharging
57498.27 70 3846416 -55847 234 4 Discharging
57508.34 70 3844275 -56457 234 4 Discharging
57518.43 70 3841161 -56915 233 4 Discharging
57528.50 70 3804569 -228882 234 4 Discharging
57538.58 70 3842134 -70953 233 4 Discharging
57548.65 70 3816637 -176544 234 4 Discharging
57558.72 70 3835711 -92315 233 4 Discharging
57568.81 70 3830845 -153656 233 4 Discharging
57578.90 70 3830845 -157623 234 4 Discharging
57588.99 70 3850893 -56457 233 4 Discharging
57599.05 70 3831429 -132141 233 4 Discharging
57609.13 70 3825396 -131530 233 4 Discharging
57619.21 70 3824422 -140991 233 4 Discharging
57629.30 70 3849725 -77056 233 4 Discharging
57639.37 70 3850504 -56457 233 4 Discharging
57649.45 70 3829872 -164947 233 4 Discharging
57659.54 70 3843886 -77819 233 4 Discharging
57669.63 70 3824033 -134124 233 4 Discharging
57679.71 70 3845443 -57067 233 4 Discharging
57689.78 70 3814107 -145416 233 4 Discharging
57699.86 70 3820530 -213623 233 4 Discharging
57709.94 70 3849531 -56457 233 4 Discharging
57720.03 70 3848168 -72326 233 4 Discharging
57730.11 70 3850114 -55084 233 4 Discharging
57740.20 70 3848363 -57373 233 4 Discharging
57750.29 70 3845443 -57220 233 4 Discharging
57760.37 70 3816053 -163726 233 4 Discharging
57770.44 70 3829288 -156402 233 4 Discharging
57780.52 70 3849725 -54931 233 4 Discharging
57790.60 70 3848557 -60577 233 4 Discharging
57800.68 70 3847584 -56915 233 4 Discharging
57810.76 70 3843302 -57220 233 4 Discharging
57820.86 70 3824033 -158386 233 4 Discharging
57830.93 70 3802428 -222473 233 4 Discharging
57841.02 70 3848752 -56304 233 4 Discharging
57851.11 70 3846416 -56457 233 4 Discharging
57861.18 70 3847195 -55847 233 4 Discharging
57871.26 70 3836490 -62561 233 4 Discharging
57881.34 70 3846806 -55542 233 4 Discharging
57891.42 70 3827537 -110931 233 4 Discharging
57901.50 70 3820335 -142059 233 4 Discharging
57911.57 70 3848752 -55542 233 4 Discharging
57921.66 70 3845832 -65765 233 4 Discharging
57931.74 70 3845638 -56915 233 4 Discharging
57941.81 70 3821697 -202636 233 4 Discharging
57951.89 70 3838826 -115661 233 4 Discharging
57961.97 70 3847000 -56304 233 4 Discharging
57972.04 70 3840383 -56610 233 4 Discharging
57982.12 70 3821308 -140991 233 4 Discharging
57992.20 70 3846416 -59967 233 4 Discharging
58002.28 70 3847584 -55236 233 4 Discharging
58012.35 70 3846806 -128173 233 4 Discharging
58022.44 70 3843886 -71563 233 4 Discharging
58032.52 70 3844275 -57067 233 4 Discharging
58042.61 70 3839409 -63018 233 4 Discharging
58052.70 70 3818194 -131530 233 4 Discharging
58062.78 70 3809630 -223999 233 4 Discharging
58072.86 70 3815664 -206298 233 4 Discharging
58082.94 70 3825980 -149841 233 4 Discharging
58093.02 70 3819362 -139465 233 4 Discharging
58103.10 70 3829288 -105133 233 4 Discharging
58113.16 70 3812550 -152435 233 4 Discharging
58123.24 70 3814107 -142974 233 4 Discharging
58133.32 70 3817026 -162506 233 4 Discharging
58143.39 70 3816442 -163421 233 4 Discharging
58153.47 70 3807684 -265045 233 4 Discharging
58163.55 70 3846222 -56304 232 4 Discharging
58173.63 70 3844081 -55847 232 4 Discharging
58183.71 70 3833960 -86364 232 4 Discharging
58193.80 70 3816832 -180969 233 4 Discharging
58203.88 70 3818583 -205841 232 4 Discharging
58213.96 70 3844665 -56610 232 4 Discharging
58224.04 70 3829288 -144958 232 4 Discharging
58234.13 70 3844275 -56762 233 4 Discharging
58244.20 70 3842134 -61492 233 4 Discharging
58254.28 70 3840577 -61645 232 4 Discharging
58264.37 70 3818194 -178375 233 4 Discharging
58274.45 70 3829678 -171661 232 4 Discharging
58284.52 70 3843108 -56304 232 4 Discharging
58294.61 70 3833376 -103454 232 4 Discharging
58304.69 70 3841745 -56304 232 4 Discharging
58314.77 70 3841550 -56457 232 4 Discharging
58324.86 70 3816248 -158386 232 4 Discharging
58334.95 70 3817415 -140075 232 4 Discharging
58345.03 70 3805737 -158233 232 4 Discharging
58355.11 70 3841356 -67443 232 4 Discharging
58365.19 70 3840772 -78582 232 4 Discharging
58375.27 70 3842718 -55847 232 4 Discharging
58385.34 70 3841161 -60272 232 4 Discharging
58395.41 70 3840967 -55847 232 4 Discharging
58405.51 70 3815469 -140838 232 4 Discharging
58415.60 70 3801066 -164642 232 4 Discharging
58425.69 70 3841161 -56152 232 4 Discharging
58435.76 70 3820335 -166626 232 4 Discharging
58445.83 70 3814496 -132598 232 4 Discharging
58455.91 70 3839215 -56304 232 4 Discharging
58466.01 70 3804569 -268402 232 4 Discharging
58476.09 70 3820335 -155792 232 4 Discharging
58486.17 70 3814301 -137024 232 4 Discharging
58496.25 70 3842329 -55694 232 4 Discharging
58506.31 70 3842329 -56304 232 4 Discharging
58516.40 70 3842718 -55847 232 4 Discharging
58526.48 70 3842134 -56762 232 4 Discharging
58536.56 70 3806321 -271911 232 4 Discharging
58546.63 70 3839604 -56304 232 4 Discharging
58556.71 70 3813523 -156860 232 4 Discharging
58566.79 70 3839799 -55999 232 4 Discharging
58576.86 70 3839215 -56915 231 4 Discharging
58586.95 70 3804959 -236053 232 4 Discharging
58597.05 70 3820724 -155029 232 4 Discharging
58607.13 70 3836295 -55999 232 4 Discharging
58617.21 70 3826174 -111999 232 4 Discharging
58627.27 70 3838826 -55999 232 4 Discharging
58637.35 70 3815080 -135498 232 4 Discharging
58647.43 70 3840967 -55694 232 4 Discharging
58657.50 70 3827926 -133667 231 4 Discharging
58667.58 70 3839409 -56457 232 4 Discharging
58677.66 70 3839604 -56457 231 4 Discharging
58687.73 70 3830456 -56762 231 4 Discharging
58697.83 70 3827147 -57067 231 4 Discharging
58707.91 70 3801845 -188751 231 4 Discharging
58717.98 69 3838047 -57373 231 4 Discharging
58728.06 69 3816442 -162048 232 4 Discharging
58738.14 69 3799509 -299377 231 4 Discharging
58748.22 69 3812160 -132598 231 4 Discharging
58758.30 69 3837268 -56457 231 4 Discharging
58768.39 69 3804569 -149688 231 4 Discharging
58778.47 69 3831040 -125122 231 4 Discharging
58788.54 69 3839993 -55847 231 4 Discharging
58798.62 69 3815664 -131988 231 4 Discharging
58808.70 69 3832792 -66986 231 4 Discharging
58818.78 69 3838047 -55847 231 4 Discharging
58828.85 69 3799509 -169220 231 4 Discharging
58838.93 69 3829872 -57678 231 4 Discharging
58848.99 69 3826563 -107269 231 4 Discharging
58859.07 69 3816832 -193023 231 4 Discharging
58869.16 69 3812160 -134735 231 4 Discharging
58879.25 69 3827926 -114288 231 4 Discharging
58889.33 69 3836295 -56762 231 4 Discharging
58899.42 69 3836490 -56610 231 4 Discharging
58909.48 69 3832792 -55999 231 4 Discharging
58919.56 69 3815469 -138702 231 4 Discharging
58929.63 69 3837658 -56457 231 4 Discharging
58939.73 69 3821892 -126495 231 4 Discharging
58949.81 69 3833570 -101928 231 4 Discharging
58959.88 69 3835711 -55999 231 4 Discharging
58969.96 69 3833960 -57373 231 4 Discharging
58980.03 69 3791139 -238189 231 4 Discharging
58990.11 69 3794838 -210418 231 4 Discharging
59000.18 69 3838047 -55389 231 4 Discharging
59010.27 69 3816637 -155792 231 4 Discharging
59020.35 69 3812744 -139770 231 4 Discharging
59030.43 69 3833570 -56457 231 4 Discharging
59040.50 69 3836490 -55694 231 4 Discharging
59050.58 69 3823060 -109863 231 4 Discharging
59060.66 69 3811576 -139465 231 4 Discharging
59070.73 69 3807294 -160369 231 4 Discharging
59080.82 69 3826174 -153961 231 4 Discharging
59090.91 69 3836879 -58898 231 4 Discharging
59100.98 69 3835322 -56915 231 4 Discharging
59111.08 69 3836101 -56457 230 4 Discharging
59121.15 69 3811382 -216674 230 4 Discharging
59131.23 69 3813912 -138244 230 4 Discharging
59141.30 69 3808268 -184173 230 4 Discharging
59151.39 69 3780045 -221862 231 4 Discharging
59161.47 69 3834544 -55389 230 4 Discharging
59171.55 69 3836295 -55999 230 4 Discharging
59181.63 69 3835517 -55389 230 4 Discharging
59191.71 69 3834154 -71411 230 4 Discharging
59201.80 69 3816248 -150909 230 4 Discharging
59211.90 69 3805348 -140075 230 4 Discharging
59221.97 69 3805543 -160827 230 4 Discharging
59232.05 69 3833376 -55999 230 4 Discharging
59242.14 69 3830262 -56762 230 4 Discharging
59252.23 69 3813523 -203399 230 4 Discharging
59262.30 69 3833765 -61645 230 4 Discharging
59272.39 69 3833765 -55694 231 4 Discharging
59282.47 69 3804180 -136566 230 4 Discharging
59292.54 69 3776542 -312347 231 4 Discharging
59302.64 69 3834349 -55999 230 4 Discharging
59312.72 69 3821114 -127868 230 4 Discharging
59322.79 69 3792113 -249939 230 4 Discharging
59332.87 69 3823449 -111999 230 4 Discharging
59342.93 69 3819556 -137481 230 4 Discharging
59353.01 69 3828315 -56457 230 4 Discharging
59363.08 69 3803986 -140533 230 4 Discharging
59373.18 69 3831819 -57067 230 4 Discharging
59383.25 69 3806905 -155334 230 4 Discharging
59393.33 69 3818194 -154419 230 4 Discharging
59403.43 69 3829094 -118713 230 4 Discharging
59413.50 69 3831819 -63476 230 4 Discharging
59423.58 69 3804569 -136261 230 4 Discharging
59433.65 69 3792891 -184173 230 4 Discharging
59443.75 69 3828704 -55542 230 4 Discharging
59453.83 69 3832013 -55999 230 4 Discharging
59463.91 69 3816053 -135192 229 4 Discharging
59474.00 69 3830651 -56152 230 4 Discharging
59484.08 69 3821114 -104370 229 4 Discharging
59494.15 69 3823060 -67901 230 4 Discharging
59504.22 69 3804764 -147705 230 4 Discharging
59514.29 69 3830651 -56152 230 4 Discharging
59524.38 69 3799314 -200805 229 4 Discharging
59534.46 69 3824228 -116882 230 4 Discharging
59544.53 69 3820140 -105743 229 4 Discharging
59554.61 69 3831624 -56304 230 4 Discharging
59564.69 69 3804180 -137786 229 4 Discharging
59574.75 69 3827147 -56304 229 4 Discharging
59584.83 69 3802428 -136261 229 4 Discharging
59594.90 69 3800093 -160675 229 4 Discharging
59604.97 69 3808462 -144653 229 4 Discharging
59615.07 69 3829483 -55847 229 4 Discharging
59625.15 69 3828121 -56152 229 4 Discharging
59635.22 69 3825785 -56610 229 4 Discharging
59645.32 69 3790945 -188903 229 4 Discharging
59655.40 69 3800482 -166778 229 4 Discharging
59665.47 68 3830456 -55694 229 4 Discharging
59675.55 68 3813133 -114441 229 4 Discharging
59685.63 68 3830262 -56304 229 4 Discharging
59695.71 68 3829288 -55999 229 4 Discharging
59705.79 68 3828510 -57525 229 4 Discharging
59715.87 68 3828510 -56304 229 4 Discharging
59725.94 68 3802039 -132904 229 4 Discharging
59736.03 68 3801261 -162353 229 4 Discharging
59746.10 68 3811187 -129699 229 4 Discharging
59756.18 68 3822865 -59814 229 4 Discharging
59766.25 68 3826953 -57373 229 4 Discharging
59776.34 68 3789193 -236969 229 4 Discharging
59786.41 68 3829288 -56152 229 4 Discharging
59796.50 68 3804764 -149078 229 4 Discharging
59806.56 68 3801845 -134582 229 4 Discharging
59816.64 68 3808657 -103149 229 4 Discharging
59826.71 68 3826563 -60424 229 4 Discharging
59836.79 68 3801455 -138549 229 4 Discharging
59846.88 68 3823644 -107727 229 4 Discharging
59856.95 68 3828315 -55542 229 4 Discharging
59867.04 68 3822671 -56304 229 4 Discharging
59877.12 68 3794643 -163269 229 4 Discharging
59887.20 68 3813523 -138244 229 4 Discharging
59897.28 68 3796589 -139312 229 4 Discharging
59907.36 68 3819946 -56304 229 4 Discharging
59917.45 68 3797563 -180359 229 4 Discharging
59927.52 68 3804569 -142517 229 4 Discharging
59937.58 68 3778099 -214843 229 4 Discharging
59947.65 68 3790556 -259247 229 4 Discharging
59957.72 68 3807100 -137176 229 4 Discharging
59967.78 68 3826563 -55999 229 4 Discharging
59977.88 68 3827147 -56304 229 4 Discharging
59987.97 68 3816637 -103149 229 4 Discharging
59998.05 68 3824812 -56457 229 4 Discharging
60008.13 68 3819751 -97045 229 4 Discharging
60018.21 68 3800677 -133819 229 4 Discharging
60028.29 68 3811187 -168304 229 4 Discharging
60038.38 68 3825201 -55847 229 4 Discharging
60048.46 68 3794448 -186462 229 4 Discharging
60058.54 68 3777126 -250549 229 4 Discharging
60068.61 68 3825980 -57067 228 4 Discharging
60078.69 68 3825006 -56152 229 4 Discharging
60088.78 68 3824812 -56457 229 4 Discharging
60098.85 68 3778683 -234832 229 4 Discharging
60108.93 68 3826174 -56457 229 4 Discharging
60119.01 68 3824812 -56762 229 4 Discharging
60129.09 68 3824617 -57220 229 4 Discharging
60139.16 68 3796200 -143890 229 4 Discharging
60149.24 68 3821503 -67291 229 4 Discharging
60159.32 68 3820335 -60882 229 4 Discharging
60169.40 68 3801261 -146637 229 4 Discharging
60179.49 68 3782381 -214386 229 4 Discharging
60189.57 68 3814107 -121154 229 4 Discharging
60199.64 68 3804180 -157623 229 4 Discharging
60209.73 68 3825785 -57525 229 4 Discharging
60219.82 68 3822865 -56457 229 4 Discharging
60229.89 68 3820335 -56457 229 4 Discharging
60239.97 68 3786468 -228882 229 4 Discharging
60250.05 68 3825396 -56304 229 4 Discharging
60260.12 68 3823839 -55999 229 4 Discharging
60270.20 68 3821892 -66986 229 4 Discharging
60280.28 68 3820335 -62255 229 4 Discharging
60290.38 68 3806710 -108490 229 4 Discharging
60300.46 68 3821114 -55542 229 4 Discharging
60310.53 68 3785106 -235901 229 4 Discharging
60320.62 68 3822865 -55847 229 4 Discharging
60330.71 68 3800093 -135955 229 4 Discharging
60340.79 68 3799314 -164184 229 4 Discharging
60350.86 68 3810019 -101471 229 4 Discharging
60360.95 68 3819751 -110626 229 4 Discharging
60371.04 68 3814885 -86822 229 4 Discharging
60381.12 68 3781602 -218811 229 4 Discharging
60391.22 68 3816832 -107727 229 4 Discharging
60401.29 68 3822671 -56610 228 4 Discharging
60411.38 68 3822476 -55999 229 4 Discharging
60421.45 68 3822087 -56915 228 4 Discharging
60431.53 68 3809046 -109100 229 4 Discharging
60441.61 68 3818583 -56304 229 4 Discharging
60451.69 68 3802818 -138702 228 4 Discharging
60461.78 68 3795422 -138397 229 4 Discharging
60471.86 68 3814691 -66070 228 4 Discharging
60481.94 68 3789777 -183868 229 4 Discharging
60492.02 68 3819167 -55999 228 4 Discharging
60502.09 68 3784911 -184631 228 4 Discharging
60512.17 68 3818778 -55542 229 4 Discharging
60522.24 68 3806516 -109100 228 4 Discharging
60532.33 68 3785690 -212249 229 4 Discharging
60542.40 68 3819751 -55847 228 4 Discharging
60552.48 68 3790166 -166320 229 4 Discharging
60562.56 68 3820724 -83007 228 4 Discharging
60572.64 68 3819946 -55542 228 4 Discharging
60582.74 68 3818389 -56762 228 4 Discharging
60592.83 68 3817805 -56762 228 4 Discharging
60602.92 68 3779267 -139923 228 4 Discharging
60613.01 68 3792113 -171966 228 4 Discharging
60623.09 68 3807294 -97351 228 4 Discharging
60633.17 68 3815469 -82550 228 4 Discharging
60643.25 68 3802818 -150146 228 4 Discharging
60653.34 68 3820530 -56915 228 4 Discharging
60663.43 68 3819556 -57067 229 4 Discharging
60673.51 68 3816832 -54931 228 4 Discharging
60683.59 68 3791529 -179748 228 4 Discharging
60693.67 68 3774011 -210113 228 4 Discharging
60703.76 68 3811771 -57373 228 4 Discharging
60713.84 68 3819946 -55542 228 4 Discharging
60723.91 67 3819362 -55694 228 4 Discharging
60734.00 67 3817026 -55847 228 4 Discharging
60744.08 67 3815469 -56304 228 4 Discharging
60754.15 67 3778683 -149078 228 4 Discharging
60764.24 67 3775374 -250854 228 4 Discharging
60774.32 67 3818973 -67443 228 4 Discharging
60784.40 67 3817999 -56152 228 4 Discharging
60794.47 67 3815858 -104217 228 4 Discharging
60804.55 67 3795227 -138092 228 4 Discharging
60814.62 67 3818389 -56457 228 4 Discharging
60824.70 67 3812939 -57373 228 4 Discharging
60834.78 67 3781602 -218048 228 4 Discharging
60844.86 67 3818194 -56762 228 4 Discharging
60854.93 67 3786468 -172882 228 4 Discharging
60865.01 67 3818583 -57220 228 4 Discharging
60875.09 67 3792697 -180206 228 4 Discharging
60885.16 67 3800482 -116424 227 4 Discharging
60895.24 67 3806321 -57220 227 4 Discharging
60905.32 67 3775374 -189972 228 4 Discharging
60915.39 67 3818778 -57067 227 4 Discharging
60925.48 67 3803986 -111389 227 4 Discharging
60935.57 67 3818778 -54931 228 4 Discharging
60945.65 67 3814885 -79040 227 4 Discharging
60955.73 67 3817026 -56304 227 4 Discharging
60965.82 67 3788025 -152130 227 4 Discharging
60975.91 67 3771870 -169830 228 4 Discharging
60986.00 67 3818389 -55694 227 4 Discharging
60996.07 67 3797952 -136718 227 4 Discharging
61006.15 67 3817221 -56152 228 4 Discharging
61016.24 67 3815469 -56610 227 4 Discharging
61026.31 67 3816248 -56915 228 4 Discharging
61036.40 67 3814496 -56915 227 4 Discharging
61046.49 67 3794838 -131530 228 4 Discharging
61056.56 67 3774401 -155944 227 4 Discharging
61066.64 67 3777515 -219116 228 4 Discharging
61076.73 67 3812160 -103912 227 4 Discharging
61086.79 67 3803986 -106659 228 4 Discharging
61096.87 67 3812939 -64849 227 4 Discharging
61106.96 67 3816053 -56762 227 4 Discharging
61117.05 67 3789193 -132446 227 4 Discharging
61127.13 67 3791334 -140380 228 4 Discharging
61137.21 67 3797952 -131073 227 4 Discharging
61147.29 67 3814885 -56610 228 4 Discharging
61157.38 67 3815274 -56304 227 4 Discharging
61167.46 67 3808073 -57830 228 4 Discharging
61177.55 67 3808851 -118560 227 4 Discharging
61187.63 67 3785106 -148468 227 4 Discharging
61197.72 67 3779267 -191955 228 4 Discharging
61207.79 67 3773038 -228576 227 4 Discharging
61217.88 67 3790750 -168914 227 4 Discharging
61227.96 67 3812355 -80413 227 4 Discharging
61238.04 67 3813133 -77819 227 4 Discharging
61248.12 67 3812550 -56152 227 4 Discharging
61258.21 67 3790945 -118560 227 4 Discharging
61268.31 67 3786079 -139160 227 4 Discharging
61278.40 67 3779267 -162963 227 4 Discharging
61288.47 67 3809046 -56915 227 4 Discharging
61298.54 67 3812550 -74005 227 4 Discharging
61308.63 67 3812939 -55542 227 4 Discharging
61318.70 67 3812744 -56152 227 4 Discharging
61328.78 67 3790361 -135345 227 4 Discharging
61338.89 67 3809435 -56610 227 4 Discharging
61348.96 67 3782186 -141296 227 4 Discharging
61359.03 67 3810214 -57373 227 4 Discharging
61369.11 67 3788804 -215149 227 4 Discharging
61379.19 67 3793475 -158844 227 4 Discharging
61389.28 67 3808268 -72784 227 4 Discharging
61399.35 67 3796784 -117797 227 4 Discharging
61409.43 67 3808073 -88043 227 4 Discharging
61419.51 67 3793280 -122680 227 4 Discharging
61429.58 67 3789972 -137176 227 4 Discharging
61439.66 67 3811576 -56915 227 4 Discharging
61449.74 67 3811771 -60424 227 4 Discharging
61459.81 67 3810603 -56152 227 4 Discharging
61469.88 67 3807684 -72479 227 4 Discharging
61479.97 67 3794448 -106659 227 4 Discharging
61490.05 67 3791918 -138549 227 4 Discharging
61500.12 67 3803402 -58441 227 4 Discharging
61510.22 67 3781213 -148010 227 4 Discharging
61520.29 67 3797952 -93536 227 4 Discharging
61530.36 67 3806710 -89111 227 4 Discharging
61540.45 67 3812355 -56152 227 4 Discharging
61550.53 67 3812355 -55694 227 4 Discharging
61560.60 67 3810992 -56610 227 4 Discharging
61570.73 67 3811771 -55236 227 4 Discharging
61580.82 67 3804764 -55999 227 4 Discharging
61590.90 67 3770508 -191803 227 4 Discharging
61600.99 67 3810019 -56915 226 4 Discharging
61611.08 67 3768951 -245361 227 4 Discharging
61621.15 67 3809241 -56152 226 4 Discharging
61631.23 67 3796784 -151062 226 4 Discharging
61641.31 67 3808073 -55999 226 4 Discharging
61651.40 67 3785106 -134582 226 4 Discharging
61661.47 67 3784327 -201873 227 4 Discharging
61671.56 67 3778488 -152282 226 4 Discharging
61681.64 67 3784133 -211181 226 4 Discharging
61691.72 67 3787247 -177002 226 4 Discharging
61701.81 67 3781408 -146179 226 4 Discharging
61711.89 67 3774206 -192871 226 4 Discharging
61721.96 67 3784133 -134277 226 4 Discharging
61732.05 67 3810214 -56610 226 4 Discharging
61742.13 67 3810214 -56457 226 4 Discharging
61752.22 67 3810214 -56457 226 4 Discharging
61762.30 67 3808657 -60272 226 4 Discharging
61772.37 67 3796784 -124511 226 4 Discharging
61782.46 67 3809630 -56457 226 4 Discharging
61792.54 67 3806710 -56915 226 4 Discharging
61802.63 67 3780824 -133514 226 4 Discharging
61812.70 67 3807684 -81024 226 4 Discharging
61822.79 67 3806516 -57067 226 4 Discharging
61832.87 67 3805543 -59967 226 4 Discharging
61842.95 67 3771481 -239105 226 4 Discharging
61853.03 66 3784522 -168151 226 4 Discharging
61863.10 66 3761749 -210876 226 4 Discharging
61873.18 66 3774985 -138549 226 4 Discharging
61883.25 66 3809241 -56915 226 4 Discharging
61893.32 66 3807294 -59356 226 4 Discharging
61903.43 66 3807489 -56915 226 4 Discharging
61913.51 66 3807878 -56915 226 4 Discharging
61923.58 66 3806127 -56610 226 4 Discharging
61933.66 66 3775763 -136261 226 4 Discharging
61943.75 66 3800871 -58593 226 4 Discharging
61953.83 66 3777904 -186309 226 4 Discharging
61963.91 66 3805932 -57678 226 4 Discharging
61973.99 66 3782965 -139770 226 4 Discharging
61984.05 66 3805543 -56915 226 4 Discharging
61994.13 66 3804764 -55694 226 4 Discharging
62004.22 66 3787247 -130310 226 4 Discharging
62014.31 66 3777710 -192566 226 4 Discharging
62024.40 66 3780824 -134887 226 4 Discharging
62034.47 66 3763696 -167389 226 4 Discharging
62044.56 66 3803596 -56304 226 4 Discharging
62054.64 66 3788998 -121460 226 4 Discharging
62064.72 66 3805737 -56304 226 4 Discharging
62074.80 66 3805543 -61187 226 4 Discharging
62084.89 66 3805932 -55999 226 4 Discharging
62094.98 66 3804375 -71716 226 4 Discharging
62105.07 66 3778488 -137024 226 4 Discharging
62115.16 66 3776152 -165405 226 4 Discharging
62125.23 66 3804764 -56152 226 4 Discharging
62135.33 66 3794448 -103607 226 4 Discharging
62145.41 66 3790556 -152740 226 4 Discharging
62155.48 66 3803012 -56152 226 4 Discharging
62165.56 66 3779072 -180206 226 4 Discharging
62175.65 66 3771481 -194244 226 4 Discharging
62185.73 66 3806516 -55694 226 4 Discharging
62195.80 66 3804959 -55542 225 4 Discharging
62205.88 66 3805348 -62561 225 4 Discharging
62215.97 66 3784522 -176849 225 4 Discharging
62226.05 66 3803207 -63324 225 4 Discharging
62236.13 66 3791723 -138244 225 4 Discharging
62246.22 66 3798536 -57220 225 4 Discharging
62256.29 66 3760387 -211334 226 4 Discharging
62266.37 66 3803207 -56457 225 4 Discharging
62276.45 66 3796784 -57525 225 4 Discharging
62286.53 66 3802623 -55694 225 4 Discharging
62296.61 66 3798925 -108795 225 4 Discharging
62306.69 66 3788025 -145416 225 4 Discharging
62316.79 66 3794838 -55999 225 4 Discharging
62326.86 66 3761749 -262298 226 4 Discharging
62336.94 66 3769146 -223846 225 4 Discharging
62347.01 66 3761944 -152435 226 4 Discharging
62357.10 66 3770313 -164947 226 4 Discharging
62367.18 66 3801845 -56915 226 4 Discharging
62377.26 66 3785300 -146026 226 4 Discharging
62387.34 66 3774011 -134735 226 4 Discharging
62397.42 66 3735473 -295868 226 4 Discharging
62407.49 66 3790166 -72326 226 4 Discharging
62417.58 66 3800287 -110473 225 4 Discharging
62427.66 66 3801066 -57220 226 4 Discharging
62437.74 66 3801261 -56610 225 4 Discharging
62447.82 66 3791529 -60882 226 4 Discharging
62457.91 66 3765642 -183410 226 4 Discharging
62467.99 66 3735668 -333404 225 4 Discharging
62478.06 66 3798341 -74920 225 4 Discharging
62488.15 66 3801650 -62408 225 4 Discharging
62498.23 66 3770119 -206298 226 4 Discharging
62508.30 66 3780240 -155639 225 4 Discharging
62518.39 66 3801455 -56457 226 4 Discharging
62528.46 66 3792697 -66223 225 4 Discharging
62538.56 66 3762528 -211944 226 4 Discharging
62548.64 66 3798730 -62255 226 4 Discharging
62558.72 66 3798925 -56304 225 4 Discharging
62568.79 66 3801650 -57220 225 4 Discharging
62578.87 66 3792697 -129242 225 4 Discharging
62588.96 66 3799898 -56915 225 4 Discharging
62599.05 66 3797563 -56457 225 4 Discharging
62609.12 66 3755521 -262603 226 4 Discharging
62619.19 66 3796200 -108184 225 4 Discharging
62629.25 66 3766810 -194854 225 4 Discharging
62639.34 66 3799898 -55694 226 4 Discharging
62649.43 66 3750460 -275421 226 4 Discharging
62659.48 66 3767588 -213165 225 4 Discharging
62669.55 66 3778099 -155944 226 4 Discharging
62679.62 66 3771676 -268707 226 4 Discharging
62689.70 66 3801261 -56610 226 4 Discharging
62699.78 66 3790556 -71563 225 4 Discharging
62709.86 66 3801845 -56152 226 4 Discharging
62719.94 66 3800871 -109100 225 4 Discharging
62730.03 66 3799509 -56152 226 4 Discharging
62740.11 66 3781602 -161590 226 4 Discharging
62750.20 66 3792113 -56915 226 4 Discharging
62760.28 66 3772649 -139770 226 4 Discharging
62770.36 66 3800482 -56457 225 4 Discharging
62780.44 66 3790556 -104065 225 4 Discharging
62790.53 66 3759608 -229187 226 4 Discharging
62800.61 66 3797173 -57678 226 4 Discharging
62810.69 66 3789388 -99792 226 4 Discharging
62820.79 66 3760776 -182647 225 4 Discharging
62830.87 66 3772454 -141296 226 4 Discharging
62840.94 66 3779656 -156250 225 4 Discharging
62851.01 66 3798730 -56610 226 4 Discharging
62861.09 66 3783743 -160369 225 4 Discharging
62871.17 66 3797173 -56610 226 4 Discharging
62881.25 66 3783743 -129852 225 4 Discharging
62891.34 66 3770508 -111541 226 4 Discharging
62901.42 66 3764669 -177612 226 4 Discharging
62911.50 66 3771676 -135803 226 4 Discharging
62921.58 66 3788998 -55847 226 4 Discharging
62931.66 65 3768951 -135803 226 4 Discharging
62941.74 65 3760776 -188598 225 4 Discharging
62951.81 65 3781602 -167236 226 4 Discharging
62961.89 65 3793864 -56457 225 4 Discharging
62971.96 65 3756105 -216217 226 4 Discharging
62982.03 65 3751434 -245666 226 4 Discharging
62992.09 65 3798146 -57830 226 4 Discharging
63002.17 65 3776931 -156860 225 4 Discharging
63012.24 65 3797563 -57067 225 4 Discharging
63022.30 65 3782965 -120086 225 4 Discharging
63032.39 65 3764863 -148162 225 4 Discharging
63042.45 65 3792891 -56915 225 4 Discharging
63052.55 65 3763112 -148773 225 4 Discharging
63062.62 65 3788804 -204315 225 4 Discharging
63072.69 65 3794838 -56762 225 4 Discharging
63082.76 65 3781797 -142059 225 4 Discharging
63092.85 65 3792307 -81787 226 4 Discharging
63102.94 65 3785690 -102844 225 4 Discharging
63113.01 65 3731970 -305328 225 4 Discharging
63123.10 65 3786274 -57220 225 4 Discharging
63133.17 65 3767004 -172729 225 4 Discharging
63143.25 65 3759414 -192260 225 4 Discharging
63153.34 65 3755910 -189361 225 4 Discharging
63163.42 65 3758246 -187378 225 4 Discharging
63173.50 65 3790556 -64392 225 4 Discharging
63183.58 65 3784911 -105743 225 4 Discharging
63193.68 65 3785884 -64239 225 4 Discharging
63203.75 65 3768367 -168762 225 4 Discharging
63213.81 65 3795811 -56457 225 4 Discharging
63223.89 65 3785106 -141449 225 4 Discharging
63233.97 65 3792113 -57067 225 4 Discharging
63244.03 65 3767978 -187378 226 4 Discharging
63254.10 65 3793864 -57678 225 4 Discharging
63264.16 65 3774401 -151672 225 4 Discharging
63274.22 65 3757467 -174865 225 4 Discharging
63284.29 65 3771676 -164947 225 4 Discharging
63294.37 65 3758830 -185699 225 4 Discharging
63304.45 65 3771870 -170440 225 4 Discharging
63314.53 65 3757857 -162963 225 4 Discharging
63324.62 65 3775958 -164337 225 4 Discharging
63334.70 65 3767199 -152740 225 4 Discharging
63344.79 65 3703747 -331268 225 4 Discharging
63354.87 65 3777126 -153503 225 4 Discharging
63364.94 65 3794448 -56915 225 4 Discharging
63375.02 65 3793864 -57220 225 4 Discharging
63385.10 65 3783354 -113525 225 4 Discharging
63395.19 65 3793475 -56610 225 4 Discharging
63405.27 65 3758440 -136871 225 4 Discharging
63415.36 65 3765253 -161590 226 4 Discharging
63425.44 65 3779461 -142822 225 4 Discharging
63435.52 65 3779656 -105896 225 4 Discharging
63445.61 65 3778099 -93231 225 4 Discharging
63455.69 65 3789388 -57678 225 4 Discharging
63465.77 65 3767588 -166473 225 4 Discharging
63475.85 65 3762917 -146789 225 4 Discharging
63485.94 65 3791139 -82855 225 4 Discharging
63496.02 65 3781602 -102081 225 4 Discharging
63506.09 65 3766421 -133056 225 4 Discharging
63516.17 65 3788415 -57373 225 4 Discharging
63526.26 65 3759414 -164947 225 4 Discharging
63536.32 65 3765058 -135650 225 4 Discharging
63546.40 65 3763501 -139312 225 4 Discharging
63556.48 65 3752991 -168457 225 4 Discharging
63566.57 65 3747930 -247497 225 4 Discharging
63576.64 65 3791723 -56762 225 4 Discharging
63586.73 65 3773233 -118255 225 4 Discharging
63596.80 65 3791723 -56152 225 4 Discharging
63606.88 65 3789777 -57373 225 4 Discharging
63616.96 65 3771092 -139160 225 4 Discharging
63627.03 65 3759608 -157928 225 4 Discharging
63637.11 65 3766031 -218963 225 4 Discharging
63647.18 65 3792307 -56610 225 4 Discharging
63657.26 65 3782965 -133972 225 4 Discharging
63667.36 65 3792113 -55999 225 4 Discharging
63677.44 65 3790945 -61340 225 4 Discharging
63687.50 65 3774206 -96893 225 4 Discharging
63697.58 65 3786274 -56457 225 4 Discharging
63707.66 65 3757078 -224304 225 4 Discharging
63717.74 65 3789777 -56915 225 4 Discharging
63727.81 65 3790361 -57067 225 4 Discharging
63737.88 65 3787441 -57830 225 4 Discharging
63747.96 65 3788025 -130157 225 4 Discharging
63758.03 65 3769340 -102996 225 4 Discharging
63768.13 65 3784133 -63934 225 4 Discharging
63778.21 65 3741118 -176086 225 4 Discharging
63788.28 65 3757273 -162353 225 4 Discharging
63798.36 65 3769729 -175476 225 4 Discharging
63808.44 65 3789972 -56304 224 4 Discharging
63818.52 65 3778877 -115966 224 4 Discharging
63828.59 65 3786079 -56762 225 4 Discharging
63838.69 65 3745789 -211486 225 4 Discharging
63848.76 65 3789388 -61035 225 4 Discharging
63858.83 65 3789193 -70037 225 4 Discharging
63868.92 65 3789193 -56762 224 4 Discharging
63879.00 65 3788220 -57525 225 4 Discharging
63889.08 65 3786468 -57373 225 4 Discharging
63899.16 65 3786079 -57067 224 4 Discharging
63909.24 65 3767004 -156860 225 4 Discharging
63919.32 65 3758635 -140686 225 4 Discharging
63929.40 65 3785495 -56762 224 4 Discharging
63939.48 65 3769729 -168304 224 4 Discharging
63949.55 65 3789193 -57067 225 4 Discharging
63959.63 65 3781018 -185852 224 4 Discharging
63969.72 65 3788025 -56304 224 4 Discharging
63979.80 65 3770508 -162353 224 4 Discharging
63989.88 65 3736836 -180969 225 4 Discharging
63999.96 65 3788220 -88958 224 4 Discharging
64010.04 65 3786663 -56457 225 4 Discharging
64020.12 64 3788415 -55999 225 4 Discharging
64030.20 64 3785106 -56610 225 4 Discharging
64040.29 64 3785884 -57067 224 4 Discharging
64050.37 64 3751434 -140991 224 4 Discharging
64060.45 64 3750460 -181579 225 4 Discharging
64070.53 64 3771092 -117034 225 4 Discharging
64080.61 64 3787052 -55542 225 4 Discharging
64090.70 64 3756494 -242767 224 4 Discharging
64100.78 64 3753964 -176239 225 4 Discharging
64110.85 64 3786857 -57373 225 4 Discharging
64120.93 64 3766226 -140228 225 4 Discharging
64131.03 64 3737614 -261383 225 4 Discharging
64141.11 64 3786857 -60882 224 4 Discharging
64151.18 64 3787247 -57373 225 4 Discharging
64161.26 64 3753380 -168151 225 4 Discharging
64171.36 64 3756299 -182647 225 4 Discharging
64181.44 64 3783159 -56915 225 4 Discharging
64191.53 64 3742480 -204620 225 4 Discharging
64201.63 64 3740534 -238342 225 4 Discharging
64211.71 64 3785106 -56610 224 4 Discharging
64221.78 64 3764474 -140533 225 4 Discharging
64231.87 64 3782575 -56457 224 4 Discharging
64241.94 64 3783743 -57220 224 4 Discharging
64252.03 64 3762333 -193786 225 4 Discharging
64262.12 64 3761555 -136413 225 4 Discharging
64272.21 64 3748125 -172424 225 4 Discharging
64282.29 64 3784911 -56915 225 4 Discharging
64292.36 64 3786274 -57067 225 4 Discharging
64302.44 64 3757857 -161590 224 4 Discharging
64312.51 64 3785690 -56152 225 4 Discharging
64322.59 64 3777515 -59356 225 4 Discharging
64332.68 64 3763696 -112304 225 4 Discharging
64342.76 64 3783743 -56152 225 4 Discharging
64352.86 64 3779267 -110626 225 4 Discharging
64362.95 64 3750850 -152893 225 4 Discharging
64373.02 64 3756299 -173950 225 4 Discharging
64383.10 64 3782575 -64544 225 4 Discharging
64393.18 64 3780434 -56457 225 4 Discharging
64403.28 64 3732554 -321655 225 4 Discharging
64413.35 64 3760581 -193481 225 4 Discharging
64423.42 64 3781602 -66986 225 4 Discharging
64433.51 64 3756883 -144348 225 4 Discharging
64443.59 64 3753964 -135803 224 4 Discharging
64453.66 64 3785106 -56610 224 4 Discharging
64463.74 64 3782186 -67138 224 4 Discharging
64473.81 64 3774985 -107269 224 4 Discharging
64483.87 64 3753185 -163879 225 4 Discharging
64493.95 64 3782186 -135650 224 4 Discharging
64504.05 64 3774595 -57067 225 4 Discharging
64514.12 64 3753769 -141601 224 4 Discharging
64524.20 64 3781797 -56457 224 4 Discharging
64534.27 64 3781602 -57983 224 4 Discharging
64544.35 64 3782770 -56304 224 4 Discharging
64554.44 64 3780240 -68969 224 4 Discharging
64564.52 64 3779267 -57373 225 4 Discharging
64574.62 64 3770119 -168457 224 4 Discharging
64584.70 64 3756299 -218200 224 4 Discharging
64594.77 64 3736836 -312042 224 4 Discharging
64604.86 64 3783354 -56762 224 4 Discharging
64614.93 64 3782965 -58441 224 4 Discharging
64625.00 64 3781408 -55694 224 4 Discharging
64635.09 64 3782575 -56762 224 4 Discharging
64645.18 64 3781408 -57373 224 4 Discharging
64655.26 64 3766810 -167999 224 4 Discharging
64665.33 64 3752601 -144653 224 4 Discharging
64675.43 64 3746762 -164337 224 4 Discharging
64685.51 64 3779072 -55847 224 4 Discharging
64695.58 64 3751823 -138244 225 4 Discharging
64705.68 64 3778877 -56304 225 4 Discharging
64715.76 64 3778099 -56915 224 4 Discharging
64725.84 64 3755716 -251617 224 4 Discharging
64735.92 64 3740923 -189972 224 4 Discharging
64746.01 64 3746957 -170440 224 4 Discharging
64756.08 64 3781992 -56457 224 4 Discharging
64766.17 64 3781992 -56610 224 4 Discharging
64776.25 64 3780045 -68359 224 4 Discharging
64786.33 64 3781408 -56610 224 4 Discharging
64796.42 64 3755910 -122375 224 4 Discharging
64806.51 64 3776347 -66833 224 4 Discharging
64816.59 64 3750655 -149536 224 4 Discharging
64826.66 64 3766421 -111084 224 4 Discharging
64836.74 64 3779656 -56610 224 4 Discharging
64846.82 64 3778877 -56915 224 4 Discharging
64856.90 64 3781018 -55389 224 4 Discharging
64866.98 64 3757662 -137634 224 4 Discharging
64877.09 64 3751434 -160980 224 4 Discharging
64887.16 64 3749293 -152435 224 4 Discharging
64897.23 64 3781797 -57373 224 4 Discharging
64907.32 64 3779072 -59051 224 4 Discharging
64917.41 64 3780240 -56915 224 4 Discharging
64927.48 64 3779656 -56457 224 4 Discharging
64937.53 64 3780045 -55694 224 4 Discharging
64947.61 64 3778293 -56152 224 4 Discharging
64957.68 64 3722238 -221252 224 4 Discharging
64967.77 64 3778683 -57220 224 4 Discharging
64977.84 64 3775374 -101776 224 4 Discharging
64987.91 64 3777320 -56152 224 4 Discharging
64997.99 64 3774011 -72326 223 4 Discharging
65008.08 64 3776542 -55999 224 4 Discharging
65018.16 64 3773622 -56762 224 4 Discharging
65028.25 64 3747346 -228271 224 4 Discharging
65038.34 64 3750071 -165100 224 4 Discharging
65048.41 64 3732554 -281982 223 4 Discharging
65058.48 64 3780240 -56610 223 4 Discharging
65068.56 64 3768756 -64239 224 4 Discharging
65078.64 64 3779072 -56457 223 4 Discharging
65088.72 64 3745789 -173034 224 4 Discharging
65098.81 64 3776347 -57830 223 4 Discharging
65108.87 63 3751044 -145721 224 4 Discharging
65118.95 63 3762917 -294037 224 4 Discharging
65129.03 63 3777710 -56762 224 4 Discharging
65139.11 63 3774595 -100250 223 4 Discharging
65149.19 63 3776542 -56457 224 4 Discharging
65159.27 63 3776736 -56304 223 4 Discharging
65169.37 63 3776736 -58593 224 4 Discharging
65179.43 63 3756105 -96740 223 4 Discharging
65189.51 63 3771092 -57220 223 4 Discharging
65199.60 63 3750266 -138092 223 4 Discharging
65209.67 63 3749682 -325927 224 4 Discharging
65219.74 63 3750071 -148925 223 4 Discharging
65229.83 63 3776736 -55694 223 4 Discharging
65239.92 63 3773817 -57678 223 4 Discharging
65250.00 63 3771092 -68206 223 4 Discharging
65260.08 63 3773428 -57830 223 4 Discharging
65270.17 63 3750266 -136566 223 4 Discharging
65280.24 63 3728272 -296783 223 4 Discharging
65290.33 63 3774790 -57525 223 4 Discharging
65300.42 63 3777126 -55694 223 4 Discharging
65310.50 63 3748903 -134887 223 4 Discharging
65320.58 63 3770703 -57067 223 4 Discharging
65330.65 63 3749682 -132598 224 4 Discharging
65340.75 63 3736057 -141296 224 4 Discharging
65350.83 63 3704137 -365448 223 4 Discharging
65360.90 63 3737614 -160522 223 4 Discharging
65370.99 63 3776347 -65918 223 4 Discharging
65381.06 63 3775763 -56762 223 4 Discharging
65391.13 63 3770897 -56457 223 4 Discharging
65401.22 63 3776347 -56304 223 4 Discharging
65411.30 63 3774595 -56304 223 4 Discharging
65421.37 63 3748709 -140380 223 4 Discharging
65431.44 63 3776931 -56304 223 4 Discharging
65441.53 63 3756299 -140991 223 4 Discharging
65451.62 63 3775958 -56152 223 4 Discharging
65461.71 63 3776152 -59814 223 4 Discharging
65471.80 63 3775374 -56915 223 4 Discharging
65481.88 63 3773233 -56762 223 4 Discharging
65491.96 63 3741896 -133667 223 4 Discharging
65502.04 63 3731775 -235443 223 4 Discharging
65512.12 63 3753380 -148620 223 4 Discharging
65522.20 63 3772260 -56304 223 4 Discharging
65532.27 63 3739950 -193328 223 4 Discharging
65542.35 63 3737420 -249328 223 4 Discharging
65552.43 63 3772454 -84686 223 4 Discharging
65562.50 63 3738977 -170593 223 4 Discharging
65572.58 63 3775958 -57220 223 4 Discharging
65582.66 63 3765253 -77209 223 4 Discharging
65592.74 63 3769535 -86364 223 4 Discharging
65602.81 63 3757078 -160217 223 4 Discharging
65612.90 63 3774401 -56762 222 4 Discharging
65622.97 63 3748709 -134277 223 4 Discharging
65633.05 63 3754742 -148773 223 4 Discharging
65643.16 63 3745789 -146179 223 4 Discharging
65653.23 63 3774206 -55694 223 4 Discharging
65663.31 63 3772260 -75988 222 4 Discharging
65673.42 63 3763890 -172882 222 4 Discharging
65683.50 63 3770313 -67901 222 4 Discharging
65693.57 63 3772844 -55389 222 4 Discharging
65703.64 63 3744232 -190735 222 4 Discharging
65713.74 63 3737809 -167389 222 4 Discharging
65723.81 63 3749682 -165710 222 4 Discharging
65733.88 63 3773622 -57220 222 4 Discharging
65743.96 63 3773622 -56304 222 4 Discharging
65754.03 63 3774401 -59661 222 4 Discharging
65764.11 63 3752991 -109558 222 4 Discharging
65774.21 63 3768951 -57678 222 4 Discharging
65784.28 63 3733722 -216674 223 4 Discharging
65794.35 63 3764085 -104370 222 4 Discharging
65804.45 63 3771287 -57373 222 4 Discharging
65814.53 63 3771676 -80871 222 4 Discharging
65824.62 63 3771481 -56610 222 4 Discharging
65834.70 63 3757273 -148010 222 4 Discharging
65844.78 63 3770119 -56762 222 4 Discharging
65854.86 63 3726909 -216827 222 4 Discharging
65864.94 63 3740145 -285644 222 4 Discharging
65875.01 63 3724184 -199432 222 4 Discharging
65885.09 63 3740729 -205078 222 4 Discharging
65895.17 63 3758635 -160980 222 4 Discharging
65905.27 63 3742091 -148162 222 4 Discharging
65915.35 63 3765642 -58288 222 4 Discharging
65925.43 63 3749293 -122070 222 4 Discharging
65935.52 63 3725158 -278015 222 4 Discharging
65945.59 63 3771676 -57373 222 4 Discharging
65955.68 63 3767004 -61492 222 4 Discharging
65965.76 63 3729634 -214843 222 4 Discharging
65975.85 63 3770703 -56304 222 4 Discharging
65985.93 63 3770313 -55847 222 4 Discharging
65996.01 63 3742870 -190887 222 4 Discharging
66006.12 63 3731970 -192260 222 4 Discharging
66016.20 63 3769729 -56152 222 4 Discharging
66026.28 63 3767978 -57067 222 4 Discharging
66036.36 63 3765058 -58136 222 4 Discharging
66046.44 63 3757078 -77972 223 4 Discharging
66056.51 63 3746957 -98571 222 4 Discharging
66066.60 63 3750266 -134735 222 4 Discharging
66076.70 63 3744037 -149688 222 4 Discharging
66086.78 63 3727493 -166778 222 4 Discharging
66096.86 63 3770897 -56152 222 4 Discharging
66106.94 63 3770897 -56915 222 4 Discharging
66117.02 63 3770119 -56457 222 4 Discharging
66127.09 63 3771092 -56152 223 4 Discharging
66137.17 63 3769340 -56610 222 4 Discharging
66147.25 63 3766421 -55694 222 4 Discharging
66157.38 63 3764669 -56762 222 4 Discharging
66167.45 63 3733916 -196533 222 4 Discharging
66177.54 63 3769729 -57373 222 4 Discharging
66187.63 63 3768562 -56762 222 4 Discharging
66197.71 63 3767588 -56610 222 4 Discharging
66207.78 62 3748319 -177307 222 4 Discharging
66217.88 62 3747735 -104065 222 4 Discharging
66227.95 62 3742480 -170288 222 4 Discharging
66238.01 62 3730023 -166626 222 4 Discharging
66248.10 62 3736252 -162963 222 4 Discharging
66258.17 62 3757467 -107574 222 4 Discharging
66268.24 62 3768172 -56762 222 4 Discharging
66278.32 62 3768951 -55999 222 4 Discharging
66288.38 62 3769340 -56610 222 4 Discharging
66298.45 62 3738782 -146026 222 4 Discharging
66308.54 62 3711533 -217132 222 4 Discharging
66318.61 62 3750850 -151672 222 4 Discharging
66328.69 62 3765447 -57067 222 4 Discharging
66338.78 62 3763501 -99792 222 4 Discharging
66348.86 62 3766810 -56457 222 4 Discharging
66358.94 62 3765253 -56152 222 4 Discharging
66369.03 62 3759024 -56152 222 4 Discharging
66379.12 62 3732359 -148468 222 4 Discharging
66389.18 62 3755132 -103912 222 4 Discharging
66399.27 62 3743453 -161895 222 4 Discharging
66409.34 62 3737614 -231018 222 4 Discharging
66419.43 62 3766615 -56915 221 4 Discharging
66429.51 62 3757662 -103912 222 4 Discharging
66439.60 62 3746957 -164489 222 4 Discharging
66449.69 62 3731775 -168151 222 4 Discharging
66459.76 62 3764474 -57678 222 4 Discharging
66469.84 62 3767394 -58288 221 4 Discharging
66479.91 62 3748319 -140075 221 4 Discharging
66489.99 62 3766810 -57678 222 4 Discharging
66500.07 62 3761749 -101471 222 4 Discharging
66510.17 62 3763306 -56915 221 4 Discharging
66520.25 62 3737420 -141296 221 4 Discharging
66530.32 62 3752601 -120086 222 4 Discharging
66540.40 62 3763112 -56304 222 4 Discharging
66550.48 62 3766421 -233307 221 4 Discharging
66560.57 62 3765058 -57373 221 4 Discharging
66570.65 62 3742870 -157470 221 4 Discharging
66580.74 62 3727493 -202484 221 4 Discharging
66590.82 62 3739171 -137634 221 4 Discharging
66600.90 62 3767004 -68054 221 4 Discharging
66610.99 62 3766810 -55999 221 4 Discharging
66621.07 62 3727882 -128326 221 4 Discharging
66631.15 62 3765642 -55999 221 4 Discharging
66641.25 62 3766226 -56610 221 4 Discharging
66651.33 62 3764669 -57067 221 4 Discharging
66661.42 62 3762528 -56610 221 4 Discharging
66671.50 62 3737225 -138855 221 4 Discharging
66681.59 62 3764474 -69580 221 4 Discharging
66691.68 62 3752407 -113830 221 4 Discharging
66701.77 62 3764085 -57220 221 4 Discharging
66711.86 62 3762722 -57678 221 4 Discharging
66721.94 62 3758246 -89111 221 4 Discharging
66732.01 62 3725547 -194244 221 4 Discharging
66742.13 62 3745789 -135040 221 4 Discharging
66752.20 62 3708029 -180053 221 4 Discharging
66762.26 62 3744816 -139160 221 4 Discharging
66772.34 62 3764669 -57373 221 4 Discharging
66782.42 62 3763696 -55847 221 4 Discharging
66792.49 62 3763696 -56457 221 4 Discharging
66802.58 62 3753185 -104980 221 4 Discharging
66812.66 62 3734889 -135192 221 4 Discharging
66822.75 62 3728077 -163269 221 4 Discharging
66832.84 62 3722043 -239257 221 4 Discharging
66842.92 62 3762139 -57373 221 4 Discharging
66853.00 62 3761555 -61035 221 4 Discharging
66863.08 62 3760971 -57373 221 4 Discharging
66873.16 62 3760581 -57983 221 4 Discharging
66883.24 62 3752212 -56915 221 4 Discharging
66893.32 62 3732359 -108032 221 4 Discharging
66903.41 62 3704915 -270080 221 4 Discharging
66913.49 62 3743259 -179596 221 4 Discharging
66923.58 62 3753185 -102539 221 4 Discharging
66933.65 62 3762139 -60272 221 4 Discharging
66943.74 62 3763501 -57220 221 4 Discharging
66953.82 62 3761165 -57678 221 4 Discharging
66963.91 62 3735473 -136718 221 4 Discharging
66974.01 62 3725158 -225525 221 4 Discharging
66984.09 62 3762528 -56915 221 4 Discharging
66994.17 62 3761360 -57373 221 4 Discharging
67004.28 62 3760581 -55542 221 4 Discharging
67014.35 62 3752601 -104827 221 4 Discharging
67024.44 62 3758635 -56457 221 4 Discharging
67034.52 62 3726520 -167846 221 4 Discharging
67044.60 62 3719902 -288696 221 4 Discharging
67054.68 62 3752212 -72784 221 4 Discharging
67064.77 62 3758246 -56610 221 4 Discharging
67074.87 62 3759219 -57067 221 4 Discharging
67084.95 62 3739171 -189056 221 4 Discharging
67095.03 62 3736836 -158996 221 4 Discharging
67105.12 62 3726325 -165710 221 4 Discharging
67115.19 62 3731581 -340271 221 4 Discharging
67125.27 62 3757078 -56915 221 4 Discharging
67135.34 62 3746568 -109100 221 4 Discharging
67145.42 62 3757662 -100402 221 4 Discharging
67155.51 62 3759608 -56610 221 4 Discharging
67165.59 62 3756299 -56610 221 4 Discharging
67175.69 62 3732943 -133972 221 4 Discharging
67185.77 62 3719513 -256500 221 4 Discharging
67195.84 62 3760776 -56762 221 4 Discharging
67205.91 62 3742870 -142822 221 4 Discharging
67216.00 62 3759219 -58593 221 4 Discharging
67226.07 62 3747735 -80108 221 4 Discharging
67236.15 62 3756494 -56152 221 4 Discharging
67246.24 61 3733138 -139923 221 4 Discharging
67256.32 61 3732748 -189361 221 4 Discharging
67266.40 61 3740729 -157775 221 4 Discharging
67276.48 61 3743843 -107727 221 4 Discharging
67286.57 61 3761749 -56915 221 4 Discharging
67296.65 61 3756494 -113525 221 4 Discharging
67306.75 61 3759608 -56304 221 4 Discharging
67316.83 61 3756299 -90332 221 4 Discharging
67326.90 61 3730802 -122070 221 4 Discharging
67337.00 61 3715036 -334167 221 4 Discharging
67347.07 61 3739755 -182037 221 4 Discharging
67357.16 61 3750071 -111999 221 4 Discharging
67367.24 61 3750460 -106353 221 4 Discharging
67377.34 61 3758051 -55694 221 4 Discharging
67387.43 61 3757078 -56762 221 4 Discharging
67397.50 61 3724379 -184173 221 4 Discharging
67407.59 61 3726909 -161895 221 4 Discharging
67417.66 61 3737614 -144806 221 4 Discharging
67427.73 61 3733916 -160675 221 4 Discharging
67437.83 61 3757467 -56457 221 4 Discharging
67447.92 61 3758440 -65918 221 4 Discharging
67458.00 61 3733916 -147400 221 4 Discharging
67468.09 61 3754548 -57525 221 4 Discharging
67478.19 61 3726520 -140380 221 4 Discharging
67488.27 61 3744037 -131836 221 4 Discharging
67498.35 61 3756883 -55847 220 4 Discharging
67508.45 61 3757273 -56304 221 4 Discharging
67518.53 61 3757273 -57830 220 4 Discharging
67528.61 61 3746762 -104522 220 4 Discharging
67538.68 61 3755326 -57067 220 4 Discharging
67548.75 61 3749487 -57373 220 4 Discharging
67558.82 61 3734111 -136871 221 4 Discharging
67568.89 61 3753185 -57067 220 4 Discharging
67578.98 61 3717956 -212707 220 4 Discharging
67589.07 61 3753185 -56915 220 4 Discharging
67599.14 61 3728661 -227508 220 4 Discharging
67609.25 61 3741896 -157318 220 4 Discharging
67619.33 61 3756494 -57525 220 4 Discharging
67629.41 61 3729829 -153503 220 4 Discharging
67639.52 61 3742870 -107574 220 4 Discharging
67649.60 61 3756494 -60730 220 4 Discharging
67659.69 61 3757078 -60272 220 4 Discharging
67669.77 61 3756494 -57373 220 4 Discharging
67679.86 61 3752991 -55847 220 4 Discharging
67689.93 61 3754158 -57067 220 4 Discharging
67700.01 61 3719708 -231170 220 4 Discharging
67710.11 61 3756883 -56610 220 4 Discharging
67720.20 61 3755910 -57373 220 4 Discharging
67730.27 61 3754937 -57373 220 4 Discharging
67740.36 61 3731386 -167083 220 4 Discharging
67750.43 61 3754937 -56457 220 4 Discharging
67760.51 61 3731775 -171814 220 4 Discharging
67770.61 61 3727493 -272522 220 4 Discharging
67780.68 61 3706472 -167999 220 4 Discharging
67790.75 61 3712701 -257873 220 4 Discharging
67800.83 61 3757078 -56304 220 4 Discharging
67810.91 61 3756494 -56915 220 4 Discharging
67821.00 61 3755910 -56762 220 4 Discharging
67831.08 61 3743843 -117034 220 4 Discharging
67841.15 61 3750655 -57830 220 4 Discharging
67851.24 61 3726131 -135803 220 4 Discharging
67861.31 61 3730802 -135650 220 4 Discharging
67871.40 61 3754158 -56915 220 4 Discharging
67881.47 61 3719513 -241394 220 4 Discharging
67891.55 61 3754937 -56152 220 4 Discharging
67901.63 61 3753575 -57678 220 4 Discharging
67911.71 61 3751628 -57220 220 4 Discharging
67921.78 61 3721070 -205536 220 4 Discharging
67931.88 61 3754937 -56457 220 4 Discharging
67941.96 61 3751239 -57830 220 4 Discharging
67952.07 61 3736836 -248718 220 4 Discharging
67962.19 61 3704526 -187988 220 4 Discharging
67972.27 61 3746568 -76446 220 4 Discharging
67982.35 61 3734305 -157318 220 4 Discharging
67992.44 61 3745984 -57067 220 4 Discharging
68002.53 61 3709781 -219116 220 4 Discharging
68012.60 61 3752017 -65918 220 4 Discharging
68022.70 61 3754742 -96740 220 4 Discharging
68032.78 61 3754548 -56610 220 4 Discharging
68042.86 61 3754937 -56304 220 4 Discharging
68052.94 61 3752407 -57830 220 4 Discharging
68063.02 61 3748125 -57067 220 4 Discharging
68073.09 61 3731775 -139007 220 4 Discharging
68083.16 61 3754548 -55999 220 4 Discharging
68093.26 61 3713479 -223694 220 4 Discharging
68103.34 61 3742286 -103759 220 4 Discharging
68113.42 61 3736446 -117797 220 4 Discharging
68123.52 61 3751239 -56610 220 4 Discharging
68133.58 61 3713285 -192566 220 4 Discharging
68143.67 61 3725352 -267639 220 4 Discharging
68153.76 61 3725352 -252075 220 4 Discharging
68163.83 61 3725352 -160980 220 4 Discharging
68173.91 61 3738782 -156707 220 4 Discharging
68184.00 60 3735084 -151519 220 4 Discharging
68194.08 60 3745011 -106048 220 4 Discharging
68204.16 60 3751628 -89874 220 4 Discharging
68214.23 60 3724574 -95062 220 4 Discharging
68224.32 60 3728856 -139007 220 4 Discharging
68234.39 60 3752407 -57373 220 4 Discharging
68244.47 60 3749487 -103149 220 4 Discharging
68254.57 60 3752991 -56457 220 4 Discharging
68264.65 60 3735668 -117950 220 4 Discharging
68274.73 60 3728661 -141143 220 4 Discharging
68284.82 60 3748514 -57067 220 4 Discharging
68294.91 60 3728661 -84991 220 4 Discharging
68304.99 60 3721654 -166778 220 4 Discharging
68315.06 60 3750071 -56610 220 4 Discharging
68325.14 60 3747541 -57983 220 4 Discharging
68335.22 60 3712117 -198822 220 4 Discharging
68345.31 60 3723990 -142059 219 4 Discharging
68355.40 60 3713869 -165100 220 4 Discharging
68365.47 60 3707056 -226135 220 4 Discharging
68375.55 60 3752212 -55694 220 4 Discharging
68385.63 60 3740145 -123748 220 4 Discharging
68395.70 60 3752212 -56152 220 4 Discharging
68405.78 60 3751434 -56915 220 4 Discharging
68415.87 60 3750460 -56457 220 4 Discharging
68425.95 60 3749876 -57220 220 4 Discharging
68436.03 60 3722627 -139618 220 4 Discharging
68446.10 60 3722238 -140686 220 4 Discharging
68456.18 60 3750266 -144348 220 4 Discharging
68466.26 60 3750266 -56915 220 4 Discharging
68476.34 60 3738004 -136871 220 4 Discharging
68486.42 60 3749876 -57220 220 4 Discharging
68496.50 60 3748125 -57678 220 4 Discharging
68506.58 60 3747735 -57067 220 4 Discharging
68516.66 60 3738977 -58288 220 4 Discharging
68526.75 60 3728077 -159607 220 4 Discharging
68536.82 60 3747930 -56762 220 4 Discharging
68546.91 60 3745400 -143127 220 4 Discharging
68556.99 60 3725547 -172729 220 4 Discharging
68567.08 60 3725741 -169983 220 4 Discharging
68577.15 60 3747735 -58136 220 4 Discharging
68587.24 60 3748125 -57983 220 4 Discharging
68597.32 60 3731191 -94299 220 4 Discharging
68607.41 60 3719318 -182037 220 4 Discharging
68617.48 60 3728856 -218811 220 4 Discharging
68627.56 60 3746373 -67291 220 4 Discharging
68637.64 60 3746568 -57525 220 4 Discharging
68647.72 60 3747152 -56610 220 4 Discharging
68657.80 60 3735279 -146026 220 4 Discharging
68667.88 60 3719318 -142059 220 4 Discharging
68677.96 60 3717567 -195770 220 4 Discharging
68688.04 60 3738198 -93383 220 4 Discharging
68698.35 60 3728856 -135955 220 4 Discharging
68708.54 60 3743843 -77514 220 4 Discharging
68718.75 60 3723211 -156707 220 4 Discharging
68728.85 60 3715036 -200042 220 4 Discharging
68738.94 60 3743843 -64544 220 4 Discharging
68749.03 60 3701023 -221862 220 4 Discharging
68759.11 60 3745984 -65612 220 4 Discharging
68769.19 60 3739755 -58441 220 4 Discharging
68779.27 60 3747152 -57983 220 4 Discharging
68789.35 60 3748319 -55847 219 4 Discharging
68799.44 60 3748125 -57678 220 4 Discharging
68809.52 60 3724184 -155181 219 4 Discharging
68819.61 60 3723990 -151062 220 4 Discharging
68829.68 60 3747930 -55694 219 4 Discharging
68839.76 60 3744037 -72021 219 4 Discharging
68849.84 60 3747541 -56610 219 4 Discharging
68859.93 60 3746957 -56762 219 4 Discharging
68870.01 60 3746178 -57830 219 4 Discharging
68880.08 60 3718929 -200958 219 4 Discharging
68890.16 60 3727493 -151367 219 4 Discharging
68900.25 60 3727688 -148468 219 4 Discharging
68910.33 60 3719708 -179290 219 4 Discharging
68920.41 60 3738587 -104980 219 4 Discharging
68930.51 60 3723990 -173950 219 4 Discharging
68940.59 60 3745400 -56457 219 4 Discharging
68950.68 60 3720681 -137024 219 4 Discharging
68960.77 60 3715036 -137939 219 4 Discharging
68970.85 60 3698882 -216522 219 4 Discharging
68980.93 60 3740729 -56304 219 4 Discharging
68991.00 60 3701801 -169830 219 4 Discharging
69001.09 60 3723600 -136413 219 4 Discharging
69011.17 60 3714453 -171051 219 4 Discharging
69021.24 60 3736252 -108642 219 4 Discharging
69031.31 60 3716399 -140228 219 4 Discharging
69041.38 60 3718151 -143585 219 4 Discharging
69051.44 60 3744621 -57525 219 4 Discharging
69061.53 60 3742480 -64544 219 4 Discharging
69071.61 60 3745011 -56762 219 4 Discharging
69081.69 60 3711338 -226745 219 4 Discharging
69091.77 60 3743453 -56152 219 4 Discharging
69101.86 60 3720486 -95672 219 4 Discharging
69111.95 60 3707640 -155639 219 4 Discharging
69122.02 60 3719513 -181121 219 4 Discharging
69132.12 60 3728466 -153961 219 4 Discharging
69142.20 60 3745205 -56304 219 4 Discharging
69152.28 60 3739755 -353851 219 4 Discharging
69162.39 60 3740534 -102996 219 4 Discharging
69172.48 60 3744232 -57373 219 4 Discharging
69182.55 60 3740145 -58136 219 4 Discharging
69192.64 60 3712117 -134430 219 4 Discharging
69202.71 60 3742675 -65307 219 4 Discharging
69212.80 59 3744232 -55999 219 4 Discharging
69222.87 59 3740339 -66986 219 4 Discharging
69232.97 59 3719708 -151062 219 4 Discharging
69243.04 59 3720681 -126648 219 4 Discharging
69253.13 59 3714063 -148925 219 4 Discharging
69263.20 59 3715231 -138549 219 4 Discharging
69273.28 59 3741118 -57373 219 4 Discharging
69283.36 59 3720876 -151214 219 4 Discharging
69293.44 59 3716399 -174255 219 4 Discharging
69303.53 59 3709197 -236511 219 4 Discharging
69313.60 59 3721849 -159759 219 4 Discharging
69323.68 59 3713674 -143127 219 4 Discharging
69333.78 59 3692459 -206451 219 4 Discharging
69343.85 59 3744037 -58136 219 4 Discharging
69353.91 59 3722238 -120239 219 4 Discharging
69364.00 59 3744037 -56457 219 4 Discharging
69374.08 59 3743259 -55847 219 4 Discharging
69384.16 59 3739950 -145111 219 4 Discharging
69394.24 59 3716594 -112457 218 4 Discharging
69404.33 59 3707056 -210113 219 4 Discharging
69414.40 59 3742675 -58136 218 4 Discharging
69424.48 59 3742091 -57830 219 4 Discharging
69434.57 59 3742480 -55999 219 4 Discharging
69444.65 59 3716594 -152740 218 4 Discharging
69454.73 59 3741702 -57067 218 4 Discharging
69464.80 59 3739366 -63629 218 4 Discharging
69474.89 59 3706083 -167236 219 4 Discharging
69484.97 59 3741118 -56304 218 4 Discharging
69495.05 59 3739755 -63324 218 4 Discharging
69505.13 59 3738782 -58746 218 4 Discharging
69515.22 59 3709392 -186004 218 4 Discharging
69525.30 59 3735473 -132141 218 4 Discharging
69535.38 59 3726520 -174408 218 4 Discharging
69545.47 59 3680780 -281067 219 4 Discharging
69555.55 59 3741702 -57525 219 4 Discharging
69565.62 59 3740923 -57067 218 4 Discharging
69575.70 59 3712506 -144806 218 4 Discharging
69585.78 59 3710949 -137634 218 4 Discharging
69595.86 59 3706083 -187988 219 4 Discharging
69605.93 59 3712701 -143890 218 4 Discharging
69616.01 59 3711338 -193786 219 4 Discharging
69626.07 59 3741312 -57678 218 4 Discharging
69636.16 59 3740534 -56915 218 4 Discharging
69646.24 59 3729245 -166015 218 4 Discharging
69656.33 59 3717372 -187835 218 4 Discharging
69666.40 59 3729245 -150756 218 4 Discharging
69676.48 59 3737225 -56610 218 4 Discharging
69686.58 59 3732554 -58898 218 4 Discharging
69696.65 59 3711144 -171203 218 4 Discharging
69706.73 59 3736446 -57067 218 4 Discharging
69716.82 59 3739366 -56915 218 4 Discharging
69726.88 59 3713090 -179290 218 4 Discharging
69736.96 59 3736641 -112152 218 4 Discharging
69747.05 59 3711728 -222931 218 4 Discharging
69757.17 59 3737225 -62408 218 4 Discharging
69767.24 59 3682921 -238342 218 4 Discharging
69777.32 59 3741896 -57373 218 4 Discharging
69787.40 59 3741896 -57373 218 4 Discharging
69797.48 59 3701606 -165710 218 4 Discharging
69807.56 59 3739171 -57678 218 4 Discharging
69817.64 59 3735863 -57678 218 4 Discharging
69827.71 59 3732164 -57373 218 4 Discharging
69837.79 59 3710754 -152740 218 4 Discharging
69847.88 59 3694016 -242309 218 4 Discharging
69857.96 59 3740534 -56304 218 4 Discharging
69868.04 59 3720876 -158386 217 4 Discharging
69878.12 59 3738782 -57525 218 4 Discharging
69888.22 59 3739366 -56610 218 4 Discharging
69898.30 59 3723406 -108184 218 4 Discharging
69908.38 59 3736252 -57525 217 4 Discharging
69918.47 59 3702580 -165557 218 4 Discharging
69928.55 59 3712701 -210724 218 4 Discharging
69938.63 59 3703553 -242462 218 4 Discharging
69948.73 59 3708613 -190124 217 4 Discharging
69958.81 59 3731191 -155944 217 4 Discharging
69968.90 59 3740339 -57830 217 4 Discharging
69978.98 59 3713090 -122833 217 4 Discharging
69989.07 59 3711533 -136871 217 4 Discharging
69999.16 59 3702190 -218048 218 4 Discharging
70009.23 59 3724768 -139160 217 4 Discharging
70019.33 59 3736836 -66986 217 4 Discharging
70029.42 59 3738393 -57830 217 4 Discharging
70039.50 59 3723211 -114135 217 4 Discharging
70049.63 59 3738198 -89263 218 4 Discharging
70060.07 59 3735084 -57220 217 4 Discharging
70070.26 59 3725158 -108795 217 4 Discharging
70080.46 59 3692653 -202179 217 4 Discharging
70090.56 59 3737225 -59356 217 4 Discharging
70100.64 59 3734695 -57373 217 4 Discharging
70110.71 59 3737420 -57525 217 4 Discharging
70120.80 59 3718151 -108337 217 4 Discharging
70130.89 59 3710170 -105133 218 4 Discharging
70140.97 59 3709392 -140533 217 4 Discharging
70151.04 59 3739366 -220947 218 4 Discharging
70161.14 59 3734889 -83313 217 4 Discharging
70171.22 59 3720876 -157318 217 4 Discharging
70181.30 59 3738782 -55694 217 4 Discharging
70191.37 59 3734500 -120086 217 4 Discharging
70201.47 59 3735863 -61340 217 4 Discharging
70211.54 59 3731191 -56915 217 4 Discharging
70221.62 59 3686814 -248565 217 4 Discharging
70231.71 59 3710365 -135955 217 4 Discharging
70241.77 59 3708224 -189666 218 4 Discharging
70251.85 59 3735668 -57525 217 4 Discharging
70261.95 59 3719708 -92468 217 4 Discharging
70272.03 58 3732554 -67749 217 4 Discharging
70282.12 58 3732554 -56915 217 4 Discharging
70292.20 58 3708613 -171966 217 4 Discharging
70302.29 58 3735863 -56762 217 4 Discharging
70312.37 58 3734695 -62713 217 4 Discharging
70322.45 58 3735473 -57220 217 4 Discharging
70332.53 58 3733722 -57067 217 4 Discharging
70342.62 58 3724184 -114441 217 4 Discharging
70352.69 58 3716983 -264740 217 4 Discharging
70362.79 58 3670465 -229492 217 4 Discharging
70372.87 58 3738198 -57067 217 4 Discharging
70382.96 58 3710365 -202789 217 4 Discharging
70393.04 58 3734889 -56457 217 4 Discharging
70403.13 58 3736836 -56762 217 4 Discharging
70413.21 58 3732164 -82244 217 4 Discharging
70423.29 58 3735084 -197448 217 4 Discharging
70433.38 58 3707056 -184936 217 4 Discharging
70443.48 58 3706667 -141143 217 4 Discharging
70453.55 58 3693821 -245056 217 4 Discharging
70463.65 58 3733332 -66375 216 4 Discharging
70473.73 58 3733527 -56610 216 4 Discharging
70483.81 58 3734111 -57525 216 4 Discharging
70493.89 58 3724963 -81939 217 4 Discharging
70503.98 58 3732554 -57220 216 4 Discharging
70514.05 58 3698298 -138092 216 4 Discharging
70524.13 58 3696935 -212402 217 4 Discharging
70534.20 58 3690707 -250854 217 4 Discharging
70544.27 58 3732943 -57373 217 4 Discharging
70554.36 58 3727104 -57830 217 4 Discharging
70564.46 58 3702969 -213928 216 4 Discharging
70574.53 58 3701217 -175171 216 4 Discharging
70584.61 58 3663263 -253296 217 4 Discharging
70594.69 58 3732164 -65918 217 4 Discharging
70604.77 58 3735084 -122985 216 4 Discharging
70614.85 58 3736057 -56915 217 4 Discharging
70624.93 58 3717567 -173034 216 4 Discharging
70635.02 58 3720292 -115661 216 4 Discharging
70645.10 58 3731386 -57983 216 4 Discharging
70655.19 58 3697519 -138855 217 4 Discharging
70665.27 58 3703553 -137481 217 4 Discharging
70675.34 58 3734500 -56457 217 4 Discharging
70685.42 58 3734305 -60424 217 4 Discharging
70695.49 58 3733722 -56457 217 4 Discharging
70705.60 58 3733138 -57373 217 4 Discharging
70715.68 58 3718540 -146789 217 4 Discharging
70725.76 58 3730413 -57067 217 4 Discharging
70735.86 58 3722822 -56610 217 4 Discharging
70745.94 58 3684284 -277862 218 4 Discharging
70756.01 58 3731386 -56762 217 4 Discharging
70766.11 58 3728272 -56610 217 4 Discharging
70776.20 58 3695378 -184173 217 4 Discharging
70786.28 58 3707056 -239257 217 4 Discharging
70796.36 58 3720486 -97961 217 4 Discharging
70806.43 58 3705110 -134124 218 4 Discharging
70816.50 58 3700049 -162506 218 4 Discharging
70826.58 58 3721459 -145111 217 4 Discharging
70836.65 58 3732164 -56915 218 4 Discharging
70846.72 58 3733138 -57067 218 4 Discharging
70856.79 58 3731581 -57830 218 4 Discharging
70866.88 58 3731970 -56762 218 4 Discharging
70876.96 58 3690512 -196075 218 4 Discharging
70887.03 58 3645746 -176086 218 4 Discharging
70897.11 58 3702774 -200958 218 4 Discharging
70907.19 58 3731970 -55847 218 4 Discharging
70917.27 58 3682921 -238800 218 4 Discharging
70927.35 58 3729634 -56457 219 4 Discharging
70937.44 58 3730997 -57373 219 4 Discharging
70947.51 58 3728661 -56762 219 4 Discharging
70957.59 58 3715426 -59051 219 4 Discharging
70967.67 58 3687203 -214386 220 4 Discharging
70977.75 58 3710754 -158996 219 4 Discharging
70987.83 58 3717567 -155792 219 4 Discharging
70997.92 58 3732164 -56152 219 4 Discharging
71007.99 58 3710170 -201110 220 4 Discharging
71018.07 58 3723990 -58288 219 4 Discharging
71028.17 58 3724574 -58136 220 4 Discharging
71038.24 58 3692264 -273895 220 4 Discharging
71048.30 58 3730997 -57220 220 4 Discharging
71058.39 58 3729440 -60119 220 4 Discharging
71068.48 58 3729050 -56915 220 4 Discharging
71078.57 58 3713090 -166473 220 4 Discharging
71088.64 58 3730218 -57220 220 4 Discharging
71098.74 58 3726325 -70495 220 4 Discharging
71108.83 58 3700828 -148925 220 4 Discharging
71118.91 58 3701606 -177765 220 4 Discharging
71128.98 58 3728077 -57220 220 4 Discharging
71139.07 58 3722043 -108337 220 4 Discharging
71149.14 58 3699855 -144043 221 4 Discharging
71159.23 58 3702969 -167694 221 4 Discharging
71169.31 58 3674941 -259247 221 4 Discharging
71179.37 58 3726131 -68512 221 4 Discharging
71189.45 58 3729440 -82702 221 4 Discharging
71199.50 58 3730607 -55847 221 4 Discharging
71209.57 58 3700244 -166626 221 4 Discharging
71219.65 58 3729050 -79803 221 4 Discharging
71229.73 58 3727299 -57525 221 4 Discharging
71239.81 58 3698687 -145721 221 4 Discharging
71249.88 58 3730218 -56610 221 4 Discharging
71259.96 58 3728661 -61340 221 4 Discharging
71270.06 58 3730607 -58136 222 4 Discharging
71280.14 58 3718540 -151977 222 4 Discharging
71290.24 58 3728272 -58288 222 4 Discharging
71300.32 58 3719902 -59051 222 4 Discharging
71310.42 58 3687787 -241699 222 4 Discharging
71320.50 58 3687009 -184326 222 4 Discharging
71330.57 58 3712895 -122680 222 4 Discharging
71340.68 58 3730802 -56610 222 4 Discharging
71350.75 58 3730997 -90637 222 4 Discharging
71360.84 58 3730218 -57067 223 4 Discharging
71370.92 58 3729245 -57220 223 4 Discharging
71380.99 57 3722627 -56762 223 4 Discharging
71391.07 57 3700828 -145721 223 4 Discharging
71401.15 57 3695183 -217285 223 4 Discharging
71411.24 57 3724768 -75988 223 4 Discharging
71421.32 57 3713285 -80871 223 4 Discharging
71431.40 57 3682727 -227661 223 4 Discharging
71441.51 57 3703358 -135040 223 4 Discharging
71451.59 57 3677666 -346222 224 4 Discharging
71461.66 57 3690707 -195465 224 4 Discharging
71471.74 57 3670075 -314941 224 4 Discharging
71481.82 57 3703942 -168304 224 4 Discharging
71491.89 57 3730218 -57678 224 4 Discharging
71501.98 57 3717956 -109710 224 4 Discharging
71512.06 57 3694989 -164337 224 4 Discharging
71522.14 57 3695767 -144043 224 4 Discharging
71532.22 57 3693042 -205383 224 4 Discharging
71542.32 57 3706667 -214080 224 4 Discharging
71552.42 57 3725547 -61950 224 4 Discharging
71562.50 57 3729245 -57220 224 4 Discharging
71572.60 57 3729050 -57220 224 4 Discharging
71582.69 57 3727882 -61645 225 4 Discharging
71592.77 57 3712701 -139770 225 4 Discharging
71602.87 57 3699271 -139312 225 4 Discharging
71612.94 57 3692653 -140991 225 4 Discharging
71623.01 57 3718151 -179443 225 4 Discharging
71633.10 57 3726520 -58441 225 4 Discharging
71643.21 57 3725741 -144958 225 4 Discharging
71653.28 57 3728272 -56915 225 4 Discharging
71663.37 57 3728661 -57220 225 4 Discharging
71673.45 57 3723406 -57067 225 4 Discharging
71683.53 57 3692848 -191040 225 4 Discharging
71693.61 57 3724379 -57067 225 4 Discharging
71703.69 57 3728077 -57373 225 4 Discharging
71713.77 57 3712506 -168609 225 4 Discharging
71723.85 57 3726325 -62713 225 4 Discharging
71733.95 57 3725547 -59051 225 4 Discharging
71744.02 57 3684673 -213623 226 4 Discharging
71754.10 57 3693432 -175476 226 4 Discharging
71764.18 57 3713674 -99792 226 4 Discharging
71774.28 57 3706862 -167999 226 4 Discharging
71784.36 57 3713479 -160369 226 4 Discharging
71794.44 57 3724963 -66833 226 4 Discharging
71804.54 57 3722238 -62866 226 4 Discharging
71814.62 57 3701996 -138855 226 4 Discharging
71824.69 57 3705110 -140686 226 4 Discharging
71834.76 57 3727882 -57983 226 4 Discharging
71844.86 57 3720486 -112762 226 4 Discharging
71854.93 57 3728077 -62255 226 4 Discharging
71865.01 57 3727688 -55694 227 4 Discharging
71875.09 57 3720097 -56915 227 4 Discharging
71885.16 57 3717372 -63324 227 4 Discharging
71895.22 57 3692848 -168609 227 4 Discharging
71905.30 57 3699855 -178070 227 4 Discharging
71915.37 57 3703747 -166778 227 4 Discharging
71925.45 57 3702385 -113220 227 4 Discharging
71935.54 57 3694600 -165863 227 4 Discharging
71945.62 57 3716594 -119018 227 4 Discharging
71955.69 57 3708419 -120239 227 4 Discharging
71965.76 57 3690512 -185852 227 4 Discharging
71975.84 57 3728272 -87738 227 4 Discharging
71985.92 57 3723017 -88806 227 4 Discharging
71996.00 57 3714453 -111236 228 4 Discharging
72006.08 57 3727688 -57373 227 4 Discharging
72016.15 57 3711533 -132904 227 4 Discharging
72026.24 57 3696741 -142517 228 4 Discharging
72036.32 57 3697519 -138855 228 4 Discharging
72046.39 57 3718345 -66986 228 4 Discharging
72056.48 57 3702385 -142974 228 4 Discharging
72066.56 57 3684478 -191192 228 4 Discharging
72076.62 57 3700633 -138244 228 4 Discharging
72086.70 57 3725547 -68359 228 4 Discharging
72096.79 57 3722822 -58136 228 4 Discharging
72106.88 57 3696935 -190429 228 4 Discharging
72116.94 57 3722238 -59814 228 4 Discharging
72127.02 57 3727299 -57373 228 4 Discharging
72137.11 57 3726325 -56762 229 4 Discharging
72147.19 57 3724379 -57067 228 4 Discharging
72157.26 57 3724768 -57525 228 4 Discharging
72167.36 57 3725547 -56762 229 4 Discharging
72177.44 57 3709976 -134887 229 4 Discharging
72187.52 57 3677861 -170745 229 4 Discharging
72197.60 57 3724963 -57220 229 4 Discharging
72207.67 57 3724184 -57525 229 4 Discharging
72217.75 57 3693821 -202331 229 4 Discharging
72227.85 57 3694600 -142517 229 4 Discharging
72237.93 57 3726131 -56610 229 4 Discharging
72248.01 57 3712312 -108642 229 4 Discharging
72258.08 57 3719124 -58136 229 4 Discharging
72268.16 57 3698492 -136413 229 4 Discharging
72278.22 57 3726520 -57220 229 4 Discharging
72288.30 57 3721654 -57525 229 4 Discharging
72298.38 57 3725547 -57678 229 4 Discharging
72308.45 57 3725158 -57678 229 4 Discharging
72318.53 57 3724184 -57067 229 4 Discharging
72328.63 57 3717956 -56610 229 4 Discharging
72338.71 57 3686230 -203094 229 4 Discharging
72348.78 57 3723990 -119781 229 4 Discharging
72358.85 57 3691291 -202026 230 4 Discharging
72368.93 57 3687593 -165557 229 4 Discharging
72379.02 57 3714453 -84075 229 4 Discharging
72389.09 56 3723600 -57373 230 4 Discharging
72399.16 56 3721654 -57220 230 4 Discharging
72409.24 56 3678445 -315399 230 4 Discharging
72419.32 56 3715036 -106048 230 4 Discharging
72429.41 56 3724184 -57525 230 4 Discharging
72439.49 56 3700828 -132141 230 4 Discharging
72449.57 56 3723600 -56152 230 4 Discharging
72459.66 56 3724184 -57525 230 4 Discharging
72469.74 56 3717372 -57525 230 4 Discharging
72479.80 56 3656840 -280609 230 4 Discharging
72489.88 56 3722043 -58288 230 4 Discharging
72499.95 56 3709197 -154419 230 4 Discharging
72510.03 56 3715231 -59051 230 4 Discharging
72520.12 56 3712895 -177612 231 4 Discharging
72530.20 56 3720097 -148468 230 4 Discharging
72540.27 56 3697130 -137786 230 4 Discharging
72550.35 56 3694600 -138855 231 4 Discharging
72560.44 56 3723600 -57373 231 4 Discharging
72570.52 56 3721849 -67138 231 4 Discharging
72580.61 56 3723990 -57220 231 4 Discharging
72590.70 56 3724184 -57678 231 4 Discharging
72600.77 56 3709976 -89263 231 4 Discharging
72610.85 56 3720876 -56915 231 4 Discharging
72620.93 56 3678250 -236816 231 4 Discharging
72631.02 56 3723600 -57830 231 4 Discharging
72641.10 56 3722043 -58288 231 4 Discharging
72651.18 56 3721265 -57373 231 4 Discharging
72661.28 56 3724574 -57220 231 4 Discharging
72671.35 56 3720876 -61950 231 4 Discharging
72681.42 56 3722043 -57678 231 4 Discharging
72691.52 56 3693821 -147857 231 4 Discharging
72701.59 56 3722627 -57678 232 4 Discharging
72711.66 56 3723795 -56304 231 4 Discharging
72721.75 56 3723406 -57373 231 4 Discharging
72731.84 56 3723406 -57220 231 4 Discharging
72741.93 56 3706083 -162963 232 4 Discharging
72752.02 56 3721849 -57830 232 4 Discharging
72762.10 56 3694600 -138855 232 4 Discharging
72772.17 56 3691096 -204162 232 4 Discharging
72782.24 56 3720097 -61340 232 4 Discharging
72792.28 56 3697714 -138092 232 4 Discharging
72802.37 56 3692264 -184173 232 4 Discharging
72812.45 56 3700244 -159912 232 4 Discharging
72822.54 56 3719124 -56915 232 4 Discharging
72832.63 56 3720097 -57067 232 4 Discharging
72842.72 56 3694989 -134887 232 4 Discharging
72852.78 56 3717177 -67443 232 4 Discharging
72862.87 56 3721849 -57525 232 4 Discharging
72872.94 56 3719902 -57373 232 4 Discharging
72883.03 56 3704331 -119476 232 4 Discharging
72893.12 56 3717372 -64086 232 4 Discharging
72903.22 56 3718345 -57830 232 4 Discharging
72913.30 56 3694794 -136261 233 4 Discharging
72923.37 56 3685841 -167846 233 4 Discharging
72933.45 56 3696935 -148468 233 4 Discharging
72943.53 56 3721459 -57678 233 4 Discharging
72953.60 56 3686814 -201568 233 4 Discharging
72963.67 56 3720097 -57067 233 4 Discharging
72973.76 56 3717761 -64849 233 4 Discharging
72983.84 56 3690707 -143432 233 4 Discharging
72993.91 56 3684089 -166015 233 4 Discharging
73003.99 56 3721070 -65155 233 4 Discharging
73014.07 56 3692848 -165252 233 4 Discharging
73024.15 56 3701996 -121154 233 4 Discharging
73034.22 56 3719124 -57067 233 4 Discharging
73044.29 56 3717372 -57678 233 4 Discharging
73054.37 56 3677277 -230713 233 4 Discharging
73064.46 56 3693626 -142517 233 4 Discharging
73074.54 56 3707251 -149688 233 4 Discharging
73084.62 56 3710560 -106048 233 4 Discharging
73094.70 56 3719318 -59051 233 4 Discharging
73104.78 56 3719513 -57525 233 4 Discharging
73114.86 56 3719902 -57525 233 4 Discharging
73124.94 56 3714647 -61035 233 4 Discharging
73135.04 56 3692069 -137939 234 4 Discharging
73145.11 56 3702190 -146331 233 4 Discharging
73155.19 56 3708808 -72937 233 4 Discharging
73165.27 56 3720292 -56915 233 4 Discharging
73175.36 56 3717372 -57678 234 4 Discharging
73185.44 56 3695767 -173339 233 4 Discharging
73195.53 56 3711338 -116119 233 4 Discharging
73205.61 56 3714063 -58593 233 4 Discharging
73215.68 56 3670075 -236358 234 4 Discharging
73225.75 56 3709392 -105896 234 4 Discharging
73235.83 56 3715815 -56915 234 4 Discharging
73245.91 56 3717567 -92926 234 4 Discharging
73255.99 56 3719318 -57678 234 4 Discharging
73266.09 56 3704137 -160522 234 4 Discharging
73276.18 56 3716399 -61187 234 4 Discharging
73286.25 56 3709781 -57525 234 4 Discharging
73296.36 56 3669102 -245666 234 4 Discharging
73306.43 56 3717956 -57525 234 4 Discharging
73316.52 56 3701996 -214996 234 4 Discharging
73326.61 56 3696351 -176849 234 4 Discharging
73336.69 56 3719902 -57220 234 4 Discharging
73346.77 56 3717567 -58441 234 4 Discharging
73356.87 55 3685257 -135803 234 4 Discharging
73366.95 55 3709392 -106201 235 4 Discharging
73377.02 55 3717177 -56762 234 4 Discharging
73387.11 55 3674357 -191345 234 4 Discharging
73397.21 55 3716010 -57373 234 4 Discharging
73407.28 55 3716983 -57830 235 4 Discharging
73417.36 55 3712701 -120239 235 4 Discharging
73427.45 55 3697714 -141754 235 4 Discharging
73437.53 55 3672411 -212707 235 4 Discharging
73447.61 55 3692848 -140991 235 4 Discharging
73457.68 55 3719124 -57525 235 4 Discharging
73467.77 55 3715036 -112609 235 4 Discharging
73477.86 55 3718929 -57220 235 4 Discharging
73487.93 55 3701023 -192413 235 4 Discharging
73498.03 55 3687203 -218963 235 4 Discharging
73508.11 55 3691291 -140991 235 4 Discharging
73518.18 55 3717761 -57220 235 4 Discharging
73528.27 55 3716983 -56152 235 4 Discharging
73538.36 55 3716594 -61187 235 4 Discharging
73548.45 55 3716983 -58136 235 4 Discharging
73558.53 55 3713869 -61798 235 4 Discharging
73568.63 55 3700244 -106048 235 4 Discharging
73578.70 55 3691485 -165100 235 4 Discharging
73588.79 55 3697324 -195007 235 4 Discharging
73598.88 55 3716594 -58136 235 4 Discharging
73608.95 55 3717761 -58288 235 4 Discharging
73619.04 55 3716399 -57983 235 4 Discharging
73629.11 55 3716983 -57373 235 4 Discharging
73639.19 55 3703553 -109100 235 4 Discharging
73649.27 55 3689150 -139923 235 4 Discharging
73659.34 55 3688760 -177002 235 4 Discharging
73669.44 55 3686036 -165863 236 4 Discharging
73679.52 55 3715231 -57373 235 4 Discharging
73689.60 55 3696935 -106811 236 4 Discharging
73699.68 55 3707251 -59661 236 4 Discharging
73709.78 55 3698103 -169372 236 4 Discharging
73719.86 55 3707056 -93383 236 4 Discharging
73729.94 55 3713479 -68359 236 4 Discharging
73740.05 55 3689150 -137024 236 4 Discharging
73750.12 55 3682532 -216217 236 4 Discharging
73760.19 55 3717177 -146179 236 4 Discharging
73770.28 55 3716010 -59967 236 4 Discharging
73780.36 55 3715036 -58288 236 4 Discharging
73790.44 55 3715426 -57373 236 4 Discharging
73800.52 55 3714258 -69580 236 4 Discharging
73810.61 55 3689928 -138702 236 4 Discharging
73820.68 55 3684868 -227661 236 4 Discharging
73830.75 55 3707251 -156555 236 4 Discharging
73840.85 55 3689150 -137786 236 4 Discharging
73850.93 55 3710170 -58441 236 4 Discharging
73861.01 55 3673384 -207672 236 4 Discharging
73871.09 55 3688177 -137176 236 4 Discharging
73881.17 55 3670465 -192108 236 4 Discharging
73891.24 55 3715620 -57983 237 4 Discharging
73901.31 55 3711338 -102844 236 4 Discharging
73911.41 55 3715231 -56762 237 4 Discharging
73921.49 55 3714453 -56762 236 4 Discharging
73931.56 55 3688371 -184784 237 4 Discharging
73941.63 55 3711728 -58441 237 4 Discharging
73951.74 55 3705694 -164947 237 4 Discharging
73961.81 55 3676304 -186767 237 4 Discharging
73971.88 55 3715231 -57067 237 4 Discharging
73981.95 55 3715815 -57220 237 4 Discharging
73992.03 55 3711728 -58441 237 4 Discharging
74002.13 55 3703164 -116577 237 4 Discharging
74012.23 55 3709781 -56915 237 4 Discharging
74022.31 55 3693042 -121307 237 4 Discharging
74032.38 55 3687203 -139923 237 4 Discharging
74042.48 55 3672411 -153045 237 4 Discharging
74052.57 55 3664042 -231628 237 4 Discharging
74062.65 55 3708613 -82855 237 4 Discharging
74072.74 55 3711922 -85449 237 4 Discharging
74082.82 55 3714647 -56915 237 4 Discharging
74092.91 55 3713674 -56457 237 4 Discharging
74102.99 55 3693821 -159301 237 4 Discharging
74113.07 55 3675914 -204162 237 4 Discharging
74123.14 55 3713869 -58898 237 4 Discharging
74133.22 55 3702774 -115203 237 4 Discharging
74143.30 55 3712506 -82244 237 4 Discharging
74153.38 55 3713674 -145721 237 4 Discharging
74163.47 55 3710365 -57678 237 4 Discharging
74173.56 55 3685841 -141449 237 4 Discharging
74183.64 55 3655283 -272979 237 4 Discharging
74193.72 55 3715036 -57983 237 4 Discharging
74203.80 55 3715426 -57525 237 4 Discharging
74213.90 55 3712312 -74157 237 4 Discharging
74223.98 55 3664236 -135803 237 4 Discharging
74234.06 55 3713479 -57373 237 4 Discharging
74244.14 55 3707251 -58136 237 4 Discharging
74254.22 55 3683505 -195922 238 4 Discharging
74264.30 55 3712117 -57373 237 4 Discharging
74274.39 55 3705305 -93994 237 4 Discharging
74284.47 55 3710365 -57220 237 4 Discharging
74294.55 55 3701996 -60424 237 4 Discharging
74304.64 55 3677471 -163269 237 4 Discharging
74314.70 55 3683894 -189361 238 4 Discharging
74324.78 55 3665209 -250091 238 4 Discharging
74334.86 55 3712895 -57525 237 4 Discharging
74344.94 55 3694405 -107574 237 4 Discharging
74355.03 55 3712895 -57983 237 4 Discharging
74365.11 55 3700633 -111389 237 4 Discharging
74375.21 55 3701606 -168457 237 4 Discharging
74385.30 55 3711533 -57067 238 4 Discharging
74395.38 55 3705888 -57067 238 4 Discharging
74405.46 55 3688566 -138092 238 4 Discharging
74415.53 55 3709976 -57830 238 4 Discharging
74425.62 54 3680391 -135192 237 4 Discharging
74435.72 54 3690512 -159149 238 4 Discharging
74445.81 54 3711533 -56762 238 4 Discharging
74455.90 54 3711728 -57678 238 4 Discharging
74465.99 54 3710365 -57830 238 4 Discharging
74476.08 54 3701412 -117950 238 4 Discharging
74486.17 54 3683311 -139465 238 4 Discharging
74496.25 54 3680975 -227813 238 4 Discharging
74506.33 54 3673579 -212097 238 4 Discharging
74516.41 54 3683894 -166320 238 4 Discharging
74526.49 54 3665404 -221100 238 4 Discharging
74536.57 54 3696351 -113372 238 4 Discharging
74546.65 54 3685841 -229339 238 4 Discharging
74556.72 54 3711144 -57983 238 4 Discharging
74566.80 54 3700828 -58593 238 4 Discharging
74576.87 54 3683116 -143585 238 4 Discharging
74586.95 54 3678834 -231628 239 4 Discharging
74597.03 54 3689150 -156707 238 4 Discharging
74607.12 54 3710949 -56762 239 4 Discharging
74617.19 54 3677861 -166015 238 4 Discharging
74627.26 54 3708029 -61492 238 4 Discharging
74637.36 54 3707446 -57067 239 4 Discharging
74647.44 54 3668907 -225830 239 4 Discharging
74657.53 54 3667740 -299988 239 4 Discharging
74667.61 54 3688371 -159454 238 4 Discharging
74677.69 54 3710949 -79040 238 4 Discharging
74687.77 54 3707056 -57830 238 4 Discharging
74697.85 54 3691291 -146942 239 4 Discharging
74707.94 54 3709197 -57678 239 4 Discharging
74718.00 54 3706862 -61645 239 4 Discharging
74728.09 54 3682337 -150299 239 4 Discharging
74738.17 54 3679612 -139770 239 4 Discharging
74748.23 54 3707056 -64392 239 4 Discharging
74758.30 54 3703358 -83007 239 4 Discharging
74768.39 54 3668518 -192413 239 4 Discharging
74778.47 54 3683116 -181427 239 4 Discharging
74788.55 54 3709003 -57830 239 4 Discharging
74798.64 54 3707446 -80871 239 4 Discharging
74808.72 54 3706083 -57983 239 4 Discharging
74818.79 54 3662679 -284729 239 4 Discharging
74828.86 54 3705694 -87585 239 4 Discharging
74838.95 54 3709197 -56304 239 4 Discharging
74849.01 54 3694989 -104980 240 4 Discharging
74859.07 54 3707446 -57678 239 4 Discharging
74869.14 54 3708224 -57983 239 4 Discharging
74879.20 54 3694405 -101776 239 4 Discharging
74889.26 54 3675525 -150146 240 4 Discharging
74899.33 54 3673579 -238495 239 4 Discharging
74909.41 54 3688177 -160217 239 4 Discharging
74919.49 54 3709781 -56610 239 4 Discharging
74929.57 54 3695573 -117340 239 4 Discharging
74939.65 54 3705305 -68206 239 4 Discharging
74949.74 54 3707056 -57678 239 4 Discharging
74959.82 54 3680391 -142974 239 4 Discharging
74969.91 54 3686619 -142669 240 4 Discharging
74979.99 54 3693042 -136718 239 4 Discharging
74990.07 54 3700439 -67291 239 4 Discharging
75000.16 54 3699465 -98114 239 4 Discharging
75010.25 54 3674552 -290527 240 4 Discharging
75020.32 54 3676888 -269165 239 4 Discharging
75030.41 54 3690512 -127410 240 4 Discharging
75040.48 54 3679029 -162658 240 4 Discharging
75050.55 54 3675525 -143585 240 4 Discharging
75060.63 54 3702385 -57678 240 4 Discharging
75070.70 54 3698882 -73089 240 4 Discharging
75080.77 54 3680391 -162963 240 4 Discharging
75090.83 54 3671438 -178375 240 4 Discharging
75100.89 54 3667156 -220337 240 4 Discharging
75110.96 54 3668518 -188598 240 4 Discharging
75121.03 54 3648860 -283203 240 4 Discharging
75131.10 54 3673579 -227356 240 4 Discharging
75141.20 54 3701217 -57983 240 4 Discharging
75151.29 54 3707056 -58746 240 4 Discharging
75161.37 54 3697519 -106659 240 4 Discharging
75171.46 54 3696157 -145263 240 4 Discharging
75181.54 54 3704526 -57983 240 4 Discharging
75191.62 54 3660149 -237884 241 4 Discharging
75201.68 54 3706472 -83313 240 4 Discharging
75211.77 54 3706083 -59204 240 4 Discharging
75221.85 54 3667934 -217285 240 4 Discharging
75231.93 54 3677277 -182953 241 4 Discharging
75242.02 54 3683116 -159607 241 4 Discharging
75252.11 54 3666183 -196228 241 4 Discharging
75262.19 54 3677471 -137786 240 4 Discharging
75272.28 54 3651585 -230560 241 4 Discharging
75282.36 54 3701412 -111847 241 4 Discharging
75292.44 54 3694405 -57220 241 4 Discharging
75302.51 54 3705499 -57525 241 4 Discharging
75312.60 54 3701217 -103607 241 4 Discharging
75322.68 54 3675914 -136413 241 4 Discharging
75332.77 54 3700244 -57373 241 4 Discharging
75342.85 54 3676498 -174560 241 4 Discharging
75352.93 54 3661706 -186920 241 4 Discharging
75363.01 54 3666961 -193786 241 4 Discharging
75373.09 54 3687009 -157318 241 4 Discharging
75383.18 54 3704137 -57067 241 4 Discharging
75393.26 54 3700244 -68664 241 4 Discharging
75403.34 54 3694405 -105590 241 4 Discharging
75413.41 54 3697714 -58136 241 4 Discharging
75423.49 54 3669881 -182190 241 4 Discharging
75433.57 54 3696351 -74005 241 4 Discharging
75443.66 54 3702774 -58288 241 4 Discharging
75453.74 53 3701996 -57373 241 4 Discharging
75463.81 53 3678250 -162506 241 4 Discharging
75473.91 53 3692848 -122985 241 4 Discharging
75483.98 53 3700244 -58288 241 4 Discharging
75494.05 53 3653336 -248871 241 4 Discharging
75504.14 53 3699660 -68054 241 4 Discharging
75514.22 53 3703553 -80261 241 4 Discharging
75524.29 53 3691485 -106201 241 4 Discharging
75534.36 53 3680586 -121917 241 4 Discharging
75544.45 53 3660149 -216217 241 4 Discharging
75554.53 53 3692069 -106964 241 4 Discharging
75564.62 53 3677082 -156402 241 4 Discharging
75574.69 53 3697324 -58288 241 4 Discharging
75584.77 53 3681170 -197754 241 4 Discharging
75594.85 53 3693626 -130920 241 4 Discharging
75604.96 53 3685257 -117797 241 4 Discharging
75615.04 53 3703747 -73394 241 4 Discharging
75625.12 53 3697324 -58898 241 4 Discharging
75635.20 53 3667545 -168914 242 4 Discharging
75645.27 53 3674552 -208587 241 4 Discharging
75655.35 53 3671827 -159912 242 4 Discharging
75665.42 53 3678834 -170288 242 4 Discharging
75675.60 53 3665988 -207977 242 4 Discharging
75685.68 53 3689344 -132141 241 4 Discharging
75695.76 53 3691291 -119628 241 4 Discharging
75705.84 53 3677082 -119781 242 4 Discharging
75715.92 53 3672800 -149078 242 4 Discharging
75725.99 53 3642631 -299988 243 4 Discharging
75736.06 53 3686619 -118560 242 4 Discharging
75746.12 53 3684478 -134430 242 4 Discharging
75756.20 53 3703553 -57678 242 4 Discharging
75766.28 53 3701996 -61645 242 4 Discharging
75776.35 53 3678445 -117950 242 4 Discharging
75786.42 53 3674747 -141754 242 4 Discharging
75796.50 53 3691485 -140228 242 4 Discharging
75806.58 53 3680780 -160980 242 4 Discharging
75816.67 53 3701412 -57983 242 4 Discharging
75826.75 53 3700633 -74005 242 4 Discharging
75836.83 53 3699855 -57373 242 4 Discharging
75846.91 53 3697130 -58136 242 4 Discharging
75856.99 53 3698882 -56915 242 4 Discharging
75867.06 53 3696351 -59509 242 4 Discharging
75877.15 53 3636987 -247345 242 4 Discharging
75887.23 53 3682143 -148468 242 4 Discharging
75897.30 53 3699271 -57525 242 4 Discharging
75907.35 53 3675525 -173492 242 4 Discharging
75917.42 53 3672800 -146331 243 4 Discharging
75927.49 53 3686619 -129089 242 4 Discharging
75937.55 53 3668129 -227508 242 4 Discharging
75947.65 53 3655283 -197296 242 4 Discharging
75957.73 53 3654699 -228424 243 4 Discharging
75967.80 53 3671827 -140380 242 4 Discharging
75977.89 53 3694989 -58288 242 4 Discharging
75987.97 53 3694600 -158081 242 4 Discharging
75998.05 53 3694016 -57830 243 4 Discharging
76008.15 53 3696546 -58441 242 4 Discharging
76018.24 53 3683505 -58288 243 4 Discharging
76028.32 53 3649444 -186309 243 4 Discharging
76038.39 53 3684089 -121612 243 4 Discharging
76048.48 53 3670075 -108642 243 4 Discharging
76058.56 53 3699465 -58593 243 4 Discharging
76068.64 53 3698882 -57983 243 4 Discharging
76078.72 53 3697714 -101165 243 4 Discharging
76088.81 53 3681170 -137634 243 4 Discharging
76098.89 53 3673968 -138397 243 4 Discharging
76108.98 53 3673384 -164947 243 4 Discharging
76119.05 53 3679418 -98724 243 4 Discharging
76129.12 53 3678250 -160980 243 4 Discharging
76139.20 53 3686230 -131683 243 4 Discharging
76149.31 53 3664431 -171356 243 4 Discharging
76159.39 53 3698298 -57983 243 4 Discharging
76169.47 53 3691680 -58746 243 4 Discharging
76179.58 53 3671632 -139770 243 4 Discharging
76189.65 53 3642631 -262146 243 4 Discharging
76199.73 53 3698687 -58136 243 4 Discharging
76209.82 53 3698687 -57525 243 4 Discharging
76219.90 53 3695183 -68969 243 4 Discharging
76229.97 53 3697324 -57983 243 4 Discharging
76240.06 53 3655477 -249176 243 4 Discharging
76250.14 53 3671048 -138549 243 4 Discharging
76260.23 53 3660733 -149078 243 4 Discharging
76270.30 53 3676109 -136413 243 4 Discharging
76280.37 53 3676888 -148773 243 4 Discharging
76290.45 53 3668129 -187683 243 4 Discharging
76300.53 52 3662290 -166931 243 4 Discharging
76310.61 52 3663847 -169220 244 4 Discharging
76320.68 52 3690707 -58441 243 4 Discharging
76330.76 52 3668518 -138702 243 4 Discharging
76340.83 52 3693821 -58136 244 4 Discharging
76350.92 52 3676693 -181121 244 4 Discharging
76360.99 52 3678834 -131378 243 4 Discharging
76371.06 52 3697908 -58136 243 4 Discharging
76381.15 52 3675914 -130310 243 4 Discharging
76391.22 52 3686036 -118866 243 4 Discharging
76401.30 52 3694210 -58288 243 4 Discharging
76411.39 52 3664431 -189514 244 4 Discharging
76421.46 52 3665988 -185852 244 4 Discharging
76431.53 52 3658981 -173034 244 4 Discharging
76441.59 52 3694600 -57678 243 4 Discharging
76451.68 52 3674357 -163574 244 4 Discharging
76461.76 52 3663847 -207214 244 4 Discharging
76471.84 52 3688371 -57983 244 4 Discharging
76481.93 52 3695378 -57983 244 4 Discharging
76492.01 52 3696546 -58288 244 4 Discharging
76502.08 52 3693432 -58136 244 4 Discharging
76512.16 52 3669102 -140991 244 4 Discharging
76522.25 52 3665988 -165863 244 4 Discharging
76532.32 52 3674747 -126190 244 4 Discharging
76542.40 52 3665209 -173797 244 4 Discharging
76552.48 52 3668324 -178680 244 4 Discharging
76562.55 52 3674747 -181884 244 4 Discharging
76572.63 52 3693626 -58136 244 4 Discharging
76582.74 52 3690901 -68359 244 4 Discharging
76592.81 52 3666572 -138855 244 4 Discharging
76602.89 52 3678055 -125732 244 4 Discharging
76612.97 52 3695378 -58441 244 4 Discharging
76623.04 52 3655477 -221710 244 4 Discharging
76633.12 52 3676304 -134124 244 4 Discharging
76643.19 52 3691680 -58136 244 4 Discharging
76653.27 52 3687398 -104217 244 4 Discharging
76663.36 52 3654894 -203857 244 4 Discharging
76673.43 52 3671048 -197143 244 4 Discharging
76683.53 52 3675330 -226898 244 4 Discharging
76693.60 52 3685646 -88653 244 4 Discharging
76703.67 52 3677471 -144806 244 4 Discharging
76713.75 52 3690901 -113678 244 4 Discharging
76723.84 52 3663263 -174102 245 4 Discharging
76733.92 52 3640880 -259857 245 4 Discharging
76744.00 52 3664625 -146179 245 4 Discharging
76754.09 52 3665599 -223999 245 4 Discharging
76764.16 52 3692069 -57830 245 4 Discharging
76774.23 52 3657035 -194244 245 4 Discharging
76784.31 52 3673189 -181427 244 4 Discharging
76794.39 52 3693626 -57067 244 4 Discharging
76804.46 52 3691680 -61492 245 4 Discharging
76814.54 52 3687787 -57983 244 4 Discharging
76824.65 52 3657229 -168914 245 4 Discharging
76834.73 52 3648081 -251312 245 4 Discharging
76844.79 52 3687398 -58441 244 4 Discharging
76854.88 52 3681364 -71106 244 4 Discharging
76864.95 52 3665209 -121460 245 4 Discharging
76875.03 52 3656061 -156555 244 4 Discharging
76885.11 52 3668907 -188446 244 4 Discharging
76895.18 52 3665988 -146637 245 4 Discharging
76905.26 52 3681753 -135040 244 4 Discharging
76915.36 52 3682921 -106659 245 4 Discharging
76925.44 52 3694210 -57220 245 4 Discharging
76935.51 52 3680391 -109405 245 4 Discharging
76945.59 52 3673773 -118103 245 4 Discharging
76955.69 52 3687009 -61340 245 4 Discharging
76965.76 52 3687593 -56915 245 4 Discharging
76975.85 52 3657035 -145568 245 4 Discharging
76985.94 52 3642437 -279388 245 4 Discharging
76996.02 52 3657813 -228424 245 4 Discharging
77006.11 52 3690512 -58441 245 4 Discharging
77016.18 52 3674163 -117187 245 4 Discharging
77026.28 52 3678639 -156707 245 4 Discharging
77036.35 52 3672022 -150756 245 4 Discharging
77046.43 52 3660733 -140991 245 4 Discharging
77056.50 52 3680975 -72631 245 4 Discharging
77066.59 52 3691485 -57373 245 4 Discharging
77076.66 52 3665209 -196380 245 4 Discharging
77086.74 52 3667156 -95520 245 4 Discharging
77096.83 52 3681753 -120544 245 4 Discharging
77106.91 52 3687593 -57830 245 4 Discharging
77116.98 52 3651001 -219574 245 4 Discharging
77127.07 51 3690707 -57525 245 4 Discharging
77137.15 51 3690707 -58898 245 4 Discharging
77147.23 51 3688955 -68969 245 4 Discharging
77157.31 51 3690123 -58898 245 4 Discharging
77167.39 51 3663068 -166626 245 4 Discharging
77177.46 51 3648665 -164337 245 4 Discharging
77187.54 51 3644967 -170288 245 4 Discharging
77197.62 51 3656256 -171814 245 4 Discharging
77207.69 51 3672022 -154113 245 4 Discharging
77217.78 51 3691291 -57678 245 4 Discharging
77227.85 51 3691096 -58593 245 4 Discharging
77237.93 51 3689150 -57678 245 4 Discharging
77248.00 51 3687787 -57525 245 4 Discharging
77258.09 51 3645162 -205383 245 4 Discharging
77268.18 51 3688177 -62561 245 4 Discharging
77278.25 51 3688955 -57373 245 4 Discharging
77288.35 51 3672022 -113678 245 4 Discharging
77298.42 51 3665599 -187225 245 4 Discharging
77308.50 51 3666572 -207672 245 4 Discharging
77318.59 51 3690901 -59814 245 4 Discharging
77328.67 51 3689539 -58593 245 4 Discharging
77338.75 51 3654504 -130767 245 4 Discharging
77348.83 51 3635625 -257263 245 4 Discharging
77358.92 51 3654504 -186309 245 4 Discharging
77368.99 51 3688955 -58136 245 4 Discharging
77379.07 51 3688760 -57525 245 4 Discharging
77389.16 51 3687593 -58288 245 4 Discharging
77399.25 51 3681170 -57983 245 4 Discharging
77409.32 51 3650222 -216980 245 4 Discharging
77419.40 51 3647303 -227813 245 4 Discharging
77429.49 51 3670075 -125427 246 4 Discharging
77439.56 51 3689344 -57525 245 4 Discharging
77449.64 51 3634262 -253296 245 4 Discharging
77459.72 51 3642631 -229492 245 4 Discharging
77469.81 51 3663263 -141906 246 4 Discharging
77479.88 51 3659954 -145416 245 4 Discharging
77489.95 51 3659370 -139312 246 4 Discharging
77500.04 51 3645356 -196991 245 4 Discharging
77510.11 51 3666961 -146179 245 4 Discharging
77520.20 51 3689734 -58136 245 4 Discharging
77530.30 51 3671048 -116729 246 4 Discharging
77540.38 51 3655088 -171661 246 4 Discharging
77550.47 51 3688371 -57830 246 4 Discharging
77560.55 51 3668907 -140075 245 4 Discharging
77570.65 51 3676498 -106506 245 4 Discharging
77580.73 51 3657035 -155334 246 4 Discharging
77590.81 51 3661901 -146179 246 4 Discharging
77600.89 51 3677471 -82702 246 4 Discharging
77610.97 51 3663263 -186462 245 4 Discharging
77621.06 51 3681753 -118713 245 4 Discharging
77631.13 51 3688760 -58136 246 4 Discharging
77641.23 51 3668713 -116272 245 4 Discharging
77651.32 51 3676109 -75073 245 4 Discharging
77661.40 51 3684868 -58136 246 4 Discharging
77671.50 51 3646330 -172424 246 4 Discharging
77681.57 51 3686619 -61187 246 4 Discharging
77691.65 51 3668129 -140686 246 4 Discharging
77701.75 51 3667545 -112762 246 4 Discharging
77711.84 51 3666766 -162811 246 4 Discharging
77721.93 51 3670465 -133056 246 4 Discharging
77732.03 51 3668129 -102844 246 4 Discharging
77742.11 51 3661122 -139160 246 4 Discharging
77752.18 51 3681753 -68054 246 4 Discharging
77762.28 51 3680002 -109863 246 4 Discharging
77772.35 51 3651585 -200042 246 4 Discharging
77782.43 51 3672411 -156860 246 4 Discharging
77792.51 51 3684478 -57525 246 4 Discharging
77802.59 51 3680002 -58136 246 4 Discharging
77812.67 51 3657035 -148315 246 4 Discharging
77822.74 51 3667545 -106964 246 4 Discharging
77832.82 51 3687982 -57830 246 4 Discharging
77842.90 51 3667934 -109100 246 4 Discharging
77852.98 51 3685452 -57983 246 4 Discharging
77863.07 51 3685646 -58136 246 4 Discharging
77873.14 51 3659565 -120849 246 4 Discharging
77883.23 51 3657035 -142517 246 4 Discharging
77893.30 51 3681559 -58136 246 4 Discharging
77903.38 51 3662679 -213165 246 4 Discharging
77913.46 51 3682337 -85907 246 4 Discharging
77923.54 51 3669102 -166320 246 4 Discharging
77933.63 51 3686425 -82397 246 4 Discharging
77943.72 51 3659954 -110015 246 4 Discharging
77953.79 51 3657229 -139160 246 4 Discharging
77963.89 51 3649833 -171814 246 4 Discharging
77973.97 51 3684089 -57678 246 4 Discharging
77984.05 51 3684478 -58898 246 4 Discharging
77994.12 51 3658786 -158386 246 4 Discharging
78004.21 51 3667740 -133209 246 4 Discharging
78014.28 51 3632316 -233459 247 4 Discharging
78024.36 51 3657035 -136718 247 4 Discharging
78034.44 51 3680002 -57678 247 4 Discharging
78044.52 51 3683894 -58593 246 4 Discharging
78054.60 50 3664625 -153045 246 4 Discharging
78064.68 50 3681364 -58136 246 4 Discharging
78074.76 50 3672995 -99334 246 4 Discharging
78084.83 50 3650222 -146637 246 4 Discharging
78094.91 50 3656451 -176086 246 4 Discharging
78105.01 50 3629396 -252685 247 4 Discharging
78115.09 50 3667545 -104827 247 4 Discharging
78125.16 50 3685257 -57067 246 4 Discharging
78135.24 50 3673773 -115966 247 4 Discharging
78145.32 50 3684478 -57373 246 4 Discharging
78155.40 50 3667350 -125274 247 4 Discharging
78165.48 50 3682143 -57220 246 4 Discharging
78175.58 50 3656061 -144043 247 4 Discharging
78185.65 50 3636792 -228424 247 4 Discharging
78195.71 50 3669686 -97503 247 4 Discharging
78205.80 50 3664042 -124206 247 4 Discharging
78215.88 50 3682337 -57373 247 4 Discharging
78225.96 50 3682143 -58746 247 4 Discharging
78236.03 50 3680196 -57983 247 4 Discharging
78246.12 50 3680196 -57983 247 4 Discharging
78256.20 50 3638349 -233917 247 4 Discharging
78266.27 50 3682143 -58898 247 4 Discharging
78276.36 50 3676888 -59509 247 4 Discharging
78286.46 50 3664431 -119781 247 4 Discharging
78296.54 50 3663263 -171051 247 4 Discharging
78306.61 50 3671632 -150451 247 4 Discharging
78316.69 50 3676304 -62408 247 4 Discharging
78326.76 50 3648860 -159607 247 4 Discharging
78336.86 50 3681948 -58898 247 4 Discharging
78346.95 50 3679029 -66528 247 4 Discharging
78357.02 50 3636014 -280761 247 4 Discharging
78367.10 50 3680196 -57830 247 4 Discharging
78377.20 50 3680586 -58746 247 4 Discharging
78387.27 50 3659370 -170135 247 4 Discharging
78397.32 50 3653336 -230255 247 4 Discharging
78407.42 50 3642437 -207214 247 4 Discharging
78417.49 50 3683700 -58441 247 4 Discharging
78427.57 50 3631537 -232391 247 4 Discharging
78437.66 50 3679223 -57983 247 4 Discharging
78447.75 50 3681753 -58746 247 4 Discharging
78457.83 50 3680002 -57830 247 4 Discharging
78467.91 50 3668907 -106964 247 4 Discharging
78477.98 50 3652558 -146331 247 4 Discharging
78488.06 50 3652363 -205993 248 4 Discharging
78498.14 50 3680391 -84381 247 4 Discharging
78508.23 50 3681170 -57373 247 4 Discharging
78518.30 50 3680586 -58593 247 4 Discharging
78528.37 50 3655672 -159912 247 4 Discharging
78538.46 50 3678834 -189666 247 4 Discharging
78548.53 50 3655867 -143280 247 4 Discharging
78558.61 50 3648276 -180206 247 4 Discharging
78568.70 50 3669686 -78887 247 4 Discharging
78578.78 50 3657619 -163269 247 4 Discharging
78588.85 50 3664042 -126648 247 4 Discharging
78599.01 50 3661511 -119018 247 4 Discharging
78609.08 50 3680780 -57525 248 4 Discharging
78619.17 50 3656451 -168304 247 4 Discharging
78629.24 50 3652169 -144043 247 4 Discharging
78639.32 50 3680391 -58441 247 4 Discharging
78649.40 50 3679807 -58593 248 4 Discharging
78659.47 50 3679612 -78887 247 4 Discharging
78669.56 50 3642242 -245208 247 4 Discharging
78679.65 50 3666572 -110626 247 4 Discharging
78689.72 50 3678639 -57525 248 4 Discharging
78699.79 50 3635041 -189819 247 4 Discharging
78709.88 50 3636403 -325622 248 4 Discharging
78719.96 50 3665793 -128784 247 4 Discharging
78730.04 50 3673968 -68359 247 4 Discharging
78740.13 50 3675525 -57983 247 4 Discharging
78750.20 50 3678250 -58441 248 4 Discharging
78760.28 50 3632316 -218048 247 4 Discharging
78770.37 50 3613825 -281982 248 4 Discharging
78780.44 50 3622973 -269775 248 4 Discharging
78790.52 50 3680002 -57678 247 4 Discharging
78800.60 50 3672216 -76294 247 4 Discharging
78810.69 50 3662874 -109710 247 4 Discharging
78820.77 50 3651585 -144195 247 4 Discharging
78830.84 50 3677666 -57678 248 4 Discharging
78840.94 50 3657619 -109710 247 4 Discharging
78851.02 50 3620054 -248413 248 4 Discharging
78861.11 50 3649833 -172729 248 4 Discharging
78871.18 50 3646330 -181274 247 4 Discharging
78881.27 50 3677471 -81481 247 4 Discharging
78891.34 50 3666377 -116424 248 4 Discharging
78901.43 50 3658786 -139923 247 4 Discharging
78911.52 50 3674941 -59356 247 4 Discharging
78921.60 50 3648665 -145721 248 4 Discharging
78931.67 50 3648471 -206451 248 4 Discharging
78941.75 50 3660733 -112457 247 4 Discharging
78951.83 50 3654699 -114288 248 4 Discharging
78961.91 50 3674552 -58441 248 4 Discharging
78971.99 50 3643605 -230407 247 4 Discharging
78982.08 50 3668907 -117034 247 4 Discharging
78992.16 50 3657424 -94299 248 4 Discharging
79002.26 50 3639323 -191040 248 4 Discharging
79012.34 50 3657813 -119476 248 4 Discharging
79022.41 50 3676304 -58441 247 4 Discharging
79032.48 50 3675720 -57678 247 4 Discharging
79042.58 49 3673189 -57983 247 4 Discharging
79052.65 49 3628034 -242920 248 4 Discharging
79062.73 49 3669686 -58288 247 4 Discharging
79072.83 49 3633484 -184478 247 4 Discharging
79082.91 49 3655867 -115356 247 4 Discharging
79092.98 49 3671048 -59204 248 4 Discharging
79103.07 49 3673968 -62866 248 4 Discharging
79113.16 49 3631148 -226288 248 4 Discharging
79123.24 49 3672606 -59661 247 4 Discharging
79133.31 49 3652363 -210113 247 4 Discharging
79143.41 49 3646135 -113372 248 4 Discharging
79153.49 49 3632510 -192566 248 4 Discharging
79163.55 49 3640685 -318756 248 4 Discharging
79173.62 49 3668713 -66528 247 4 Discharging
79183.73 49 3645940 -121612 248 4 Discharging
79193.80 49 3672800 -58136 247 4 Discharging
79203.87 49 3674747 -58746 247 4 Discharging
79213.96 49 3667740 -60424 248 4 Discharging
79224.03 49 3645356 -138855 248 4 Discharging
79234.10 49 3630175 -189209 248 4 Discharging
79244.17 49 3668129 -63018 248 4 Discharging
79254.27 49 3632121 -193786 248 4 Discharging
79264.35 49 3666766 -70190 248 4 Discharging
79274.43 49 3645746 -176849 248 4 Discharging
79284.52 49 3617718 -234527 248 4 Discharging
79294.59 49 3634651 -203094 248 4 Discharging
79304.67 49 3645356 -142364 248 4 Discharging
79314.74 49 3670659 -58288 247 4 Discharging
79324.85 49 3672411 -68512 248 4 Discharging
79334.92 49 3672216 -57525 248 4 Discharging
79345.00 49 3646135 -188446 248 4 Discharging
79355.08 49 3647692 -206756 248 4 Discharging
79365.16 49 3652753 -144348 248 4 Discharging
79375.24 49 3643215 -155639 248 4 Discharging
79385.33 49 3644772 -150451 248 4 Discharging
79395.41 49 3667350 -59661 248 4 Discharging
79405.49 49 3671243 -65918 248 4 Discharging
79415.57 49 3660149 -146026 248 4 Discharging
79425.68 49 3633873 -214843 248 4 Discharging
79435.75 49 3656451 -71868 248 4 Discharging
79445.84 49 3631926 -262603 248 4 Discharging
79455.94 49 3640101 -278015 248 4 Discharging
79466.02 49 3671827 -56915 248 4 Discharging
79476.10 49 3672800 -58136 248 4 Discharging
79486.20 49 3671438 -58288 248 4 Discharging
79496.28 49 3648081 -158081 248 4 Discharging
79506.36 49 3662484 -58441 248 4 Discharging
79516.44 49 3622195 -176849 248 4 Discharging
79526.53 49 3651585 -117950 248 4 Discharging
79536.61 49 3643994 -174713 248 4 Discharging
79546.70 49 3651001 -166320 248 4 Discharging
79556.79 49 3669686 -68054 248 4 Discharging
79566.88 49 3670465 -59814 248 4 Discharging
79576.95 49 3615188 -240326 248 4 Discharging
79587.05 49 3615772 -231628 248 4 Discharging
79597.12 49 3663652 -89874 248 4 Discharging
79607.20 49 3670854 -58441 248 4 Discharging
79617.26 49 3668713 -58593 248 4 Discharging
79627.34 49 3626087 -254669 248 4 Discharging
79637.43 49 3656256 -126495 248 4 Discharging
79647.51 49 3624141 -213012 248 4 Discharging
79657.59 49 3616745 -233764 249 4 Discharging
79667.67 49 3666377 -58898 248 4 Discharging
79677.75 49 3656451 -159454 248 4 Discharging
79687.82 49 3670270 -58441 248 4 Discharging
79697.90 49 3660927 -58441 248 4 Discharging
79707.98 49 3668518 -59356 248 4 Discharging
79718.07 49 3667934 -58136 248 4 Discharging
79728.15 49 3624141 -235901 248 4 Discharging
79738.22 49 3634457 -239715 249 4 Discharging
79748.32 49 3639907 -203857 248 4 Discharging
79758.40 49 3660149 -112304 248 4 Discharging
79768.50 49 3648471 -118560 248 4 Discharging
79778.60 49 3662290 -140991 248 4 Discharging
79788.69 49 3665015 -57830 248 4 Discharging
79798.77 49 3617134 -181884 248 4 Discharging
79808.85 49 3613631 -302124 249 4 Discharging
79818.91 49 3668324 -58593 248 4 Discharging
79828.99 49 3657619 -67291 248 4 Discharging
79839.07 49 3618886 -261383 248 4 Discharging
79849.15 49 3649054 -175781 249 4 Discharging
79859.24 49 3651001 -147247 248 4 Discharging
79869.32 49 3646330 -144500 248 4 Discharging
79879.40 49 3629785 -225067 249 4 Discharging
79889.47 49 3666572 -72784 248 4 Discharging
79899.56 49 3667934 -58746 248 4 Discharging
79909.65 49 3665793 -57830 248 4 Discharging
79919.73 49 3665988 -58288 248 4 Discharging
79929.80 49 3657035 -59509 248 4 Discharging
79939.88 49 3643605 -212249 248 4 Discharging
79949.97 49 3630369 -177765 249 4 Discharging
79960.05 49 3667934 -58441 248 4 Discharging
79970.13 48 3664042 -76599 248 4 Discharging
79980.23 48 3667350 -58136 249 4 Discharging
79990.29 48 3651974 -123138 248 4 Discharging
80000.36 48 3665209 -58136 248 4 Discharging
80010.44 48 3641658 -111847 248 4 Discharging
80020.50 48 3618886 -232849 249 4 Discharging
80030.58 48 3636792 -214233 248 4 Discharging
80040.66 48 3647497 -173797 248 4 Discharging
80050.75 48 3660927 -110626 248 4 Discharging
80060.83 48 3667350 -58746 248 4 Discharging
80070.90 48 3639128 -103912 248 4 Discharging
80080.98 48 3625503 -171508 249 4 Discharging
80091.06 48 3628812 -169372 248 4 Discharging
80101.13 48 3627839 -171966 249 4 Discharging
80111.21 48 3633678 -177154 249 4 Discharging
80121.31 48 3664431 -58898 248 4 Discharging
80131.38 48 3629980 -239715 248 4 Discharging
80141.47 48 3638349 -146179 248 4 Discharging
80151.57 48 3664625 -58593 249 4 Discharging
80161.65 48 3655867 -58441 248 4 Discharging
80171.72 48 3617718 -312195 249 4 Discharging
80181.82 48 3646135 -118560 249 4 Discharging
80191.90 48 3619664 -184478 249 4 Discharging
80201.98 48 3663847 -58136 249 4 Discharging
80212.05 48 3651974 -87127 248 4 Discharging
80222.14 48 3662290 -58593 249 4 Discharging
80232.22 48 3625503 -204620 248 4 Discharging
80242.30 48 3614993 -238189 249 4 Discharging
80252.39 48 3658008 -75531 248 4 Discharging
80262.47 48 3664431 -58288 249 4 Discharging
80272.54 48 3649638 -62866 248 4 Discharging
80282.64 48 3646524 -109405 248 4 Discharging
80292.72 48 3660927 -58441 248 4 Discharging
80302.79 48 3661901 -58136 248 4 Discharging
80312.86 48 3640296 -108490 248 4 Discharging
80322.97 48 3603704 -348358 249 4 Discharging
80333.03 48 3658397 -112762 248 4 Discharging
80343.11 48 3662874 -61035 249 4 Discharging
80353.18 48 3645162 -126342 248 4 Discharging
80363.26 48 3663652 -58288 248 4 Discharging
80373.33 48 3659954 -58288 249 4 Discharging
80383.41 48 3624530 -182037 249 4 Discharging
80393.49 48 3616161 -285034 249 4 Discharging
80403.56 48 3622195 -195770 248 4 Discharging
80413.63 48 3657424 -58593 248 4 Discharging
80423.71 48 3598643 -217285 249 4 Discharging
80433.79 48 3619080 -192871 248 4 Discharging
80443.88 48 3602342 -244140 249 4 Discharging
80453.97 48 3625114 -176391 249 4 Discharging
80464.04 48 3626866 -196533 249 4 Discharging
80474.10 48 3663068 -59356 249 4 Discharging
80484.17 48 3661511 -58898 248 4 Discharging
80494.26 48 3644967 -125885 248 4 Discharging
80504.34 48 3661122 -58136 249 4 Discharging
80514.41 48 3651001 -108184 248 4 Discharging
80524.50 48 3604677 -249176 248 4 Discharging
80534.57 48 3617718 -202179 249 4 Discharging
80544.65 48 3650417 -132141 248 4 Discharging
80554.75 48 3663847 -58288 248 4 Discharging
80564.82 48 3657813 -68969 248 4 Discharging
80574.90 48 3661706 -57983 248 4 Discharging
80584.99 48 3661706 -58898 248 4 Discharging
80595.07 48 3622778 -174102 249 4 Discharging
80605.15 48 3620637 -175933 249 4 Discharging
80615.23 48 3612463 -235748 249 4 Discharging
80625.32 48 3631537 -204010 249 4 Discharging
80635.38 48 3648471 -163726 249 4 Discharging
80645.46 48 3637571 -135192 248 4 Discharging
80655.55 48 3661706 -57983 248 4 Discharging
80665.62 48 3655088 -58746 249 4 Discharging
80675.70 48 3607791 -260315 249 4 Discharging
80685.78 48 3661511 -58136 248 4 Discharging
80695.89 48 3640685 -113067 248 4 Discharging
80705.97 48 3659954 -58136 248 4 Discharging
80716.05 48 3630175 -193023 248 4 Discharging
80726.14 48 3641074 -123138 249 4 Discharging
80736.22 48 3652753 -58746 248 4 Discharging
80746.31 48 3623557 -172577 249 4 Discharging
80756.38 48 3660927 -58441 249 4 Discharging
80766.45 48 3648860 -72479 248 4 Discharging
80776.54 48 3638933 -123443 248 4 Discharging
80786.62 48 3660149 -58441 248 4 Discharging
80796.71 48 3658786 -58288 248 4 Discharging
80806.79 48 3618107 -222320 248 4 Discharging
80816.88 48 3614020 -173034 248 4 Discharging
80826.99 48 3594361 -347900 249 4 Discharging
80837.06 48 3640101 -112457 249 4 Discharging
80847.15 48 3660149 -58136 249 4 Discharging
80857.25 48 3647887 -142517 248 4 Discharging
80867.32 48 3658786 -69732 249 4 Discharging
80877.39 48 3604872 -177765 248 4 Discharging
80887.48 48 3604093 -269165 249 4 Discharging
80897.56 48 3620443 -163574 249 4 Discharging
80907.64 48 3620054 -199585 248 4 Discharging
80917.73 47 3646135 -184021 249 4 Discharging
80927.81 47 3658981 -57678 248 4 Discharging
80937.88 47 3640880 -111084 249 4 Discharging
80947.96 47 3656061 -60730 249 4 Discharging
80958.01 47 3629785 -121154 248 4 Discharging
80968.10 47 3612657 -245514 249 4 Discharging
80978.16 47 3654310 -58898 248 4 Discharging
80988.27 47 3652169 -57830 249 4 Discharging
80998.35 47 3620248 -194549 248 4 Discharging
81008.43 47 3611879 -228882 249 4 Discharging
81018.51 47 3647887 -88958 248 4 Discharging
81028.58 47 3649833 -57983 248 4 Discharging
81038.66 47 3611295 -232544 249 4 Discharging
81048.76 47 3652753 -83465 248 4 Discharging
81058.82 47 3611295 -191040 249 4 Discharging
81068.92 47 3654504 -61798 249 4 Discharging
81078.99 47 3654699 -58441 248 4 Discharging
81089.09 47 3601952 -345001 249 4 Discharging
81099.17 47 3625114 -237426 248 4 Discharging
81109.24 47 3603704 -222168 249 4 Discharging
81119.32 47 3651195 -59204 249 4 Discharging
81129.41 47 3657229 -58746 249 4 Discharging
81139.49 47 3635819 -120849 248 4 Discharging
81149.58 47 3649444 -59204 249 4 Discharging
81159.65 47 3655867 -58136 249 4 Discharging
81169.73 47 3655283 -57983 248 4 Discharging
81179.81 47 3636792 -59051 248 4 Discharging
81189.90 47 3620054 -176391 249 4 Discharging
81199.97 47 3616745 -203399 248 4 Discharging
81210.05 47 3656451 -59051 248 4 Discharging
81220.14 47 3641074 -154113 248 4 Discharging
81230.23 47 3646913 -117950 248 4 Discharging
81240.31 47 3655477 -58136 248 4 Discharging
81250.41 47 3631732 -110473 248 4 Discharging
81260.48 47 3643799 -88195 248 4 Discharging
81270.56 47 3602731 -273285 249 4 Discharging
81280.65 47 3636987 -77362 248 4 Discharging
81290.74 47 3633094 -165710 248 4 Discharging
81300.82 47 3643215 -64392 249 4 Discharging
81310.90 47 3647692 -108032 248 4 Discharging
81320.99 47 3653726 -59051 248 4 Discharging
81331.07 47 3617523 -172119 248 4 Discharging
81341.14 47 3626671 -168304 249 4 Discharging
81351.22 47 3634846 -204620 248 4 Discharging
81361.31 47 3643799 -118866 248 4 Discharging
81371.38 47 3651779 -68359 248 4 Discharging
81381.47 47 3612852 -201110 248 4 Discharging
81391.56 47 3623168 -223846 248 4 Discharging
81401.64 47 3597281 -198974 249 4 Discharging
81411.71 47 3654894 -58441 249 4 Discharging
81421.80 47 3636208 -122680 248 4 Discharging
81431.93 47 3639323 -158233 248 4 Discharging
81442.14 47 3645162 -210113 248 4 Discharging
81452.50 47 3633094 -117187 248 4 Discharging
81462.58 47 3650222 -68359 248 4 Discharging
81472.65 47 3616745 -178833 249 4 Discharging
81482.75 47 3608765 -199279 249 4 Discharging
81492.83 47 3643994 -127716 248 4 Discharging
81502.91 47 3649249 -63324 248 4 Discharging
81513.02 47 3653336 -57983 249 4 Discharging
81523.10 47 3634651 -107116 248 4 Discharging
81533.19 47 3651195 -58288 248 4 Discharging
81543.27 47 3643215 -57983 248 4 Discharging
81553.36 47 3619859 -222015 249 4 Discharging
81563.44 47 3627060 -174102 249 4 Discharging
81573.52 47 3629591 -192260 249 4 Discharging
81583.62 47 3654504 -64697 248 4 Discharging
81593.69 47 3632900 -119171 249 4 Discharging
81603.78 47 3642242 -73242 248 4 Discharging
81613.89 47 3645162 -58288 248 4 Discharging
81623.97 47 3610127 -191650 249 4 Discharging
81634.05 47 3652558 -57525 248 4 Discharging
81644.14 47 3646330 -68512 248 4 Discharging
81654.23 47 3634262 -150451 248 4 Discharging
81664.31 47 3638544 -66833 248 4 Discharging
81674.38 47 3629591 -215454 248 4 Discharging
81684.47 47 3644967 -67901 248 4 Discharging
81694.55 47 3558743 -222168 249 4 Discharging
81704.63 47 3637376 -149688 248 4 Discharging
81714.72 47 3604677 -250244 249 4 Discharging
81724.79 47 3651390 -59661 248 4 Discharging
81734.87 47 3649638 -58593 248 4 Discharging
81744.97 47 3648471 -57678 248 4 Discharging
81755.05 47 3647692 -75836 248 4 Discharging
81765.12 47 3593194 -228271 249 4 Discharging
81775.20 47 3623752 -216064 249 4 Discharging
81785.28 47 3652363 -57678 248 4 Discharging
81795.35 47 3641269 -110626 248 4 Discharging
81805.43 47 3639517 -131988 248 4 Discharging
81815.51 47 3647497 -69274 248 4 Discharging
81825.60 47 3640296 -69580 248 4 Discharging
81835.69 47 3619859 -166168 248 4 Discharging
81845.77 46 3602342 -208435 249 4 Discharging
81855.87 46 3647887 -58441 248 4 Discharging
81865.94 46 3616745 -197906 249 4 Discharging
81876.01 46 3632510 -181884 248 4 Discharging
81886.10 46 3629007 -171966 248 4 Discharging
81896.18 46 3648471 -62255 248 4 Discharging
81906.25 46 3609932 -212097 249 4 Discharging
81916.34 46 3605067 -191345 249 4 Discharging
81926.42 46 3649833 -58136 248 4 Discharging
81936.50 46 3615382 -223846 248 4 Discharging
81946.60 46 3644967 -73242 248 4 Discharging
81956.68 46 3637376 -85144 249 4 Discharging
81966.75 46 3622000 -154113 248 4 Discharging
81976.87 46 3646524 -58593 248 4 Discharging
81986.95 46 3609932 -176391 248 4 Discharging
81997.03 46 3650612 -58136 249 4 Discharging
82007.10 46 3630953 -119476 248 4 Discharging
82017.19 46 3631343 -116577 248 4 Discharging
82027.27 46 3649249 -58441 249 4 Discharging
82037.34 46 3620637 -181884 249 4 Discharging
82047.42 46 3644383 -58136 249 4 Discharging
82057.50 46 3606040 -171051 249 4 Discharging
82067.57 46 3582878 -356750 249 4 Discharging
82077.65 46 3646719 -57525 248 4 Discharging
82087.73 46 3639323 -113372 248 4 Discharging
82097.80 46 3644189 -58898 248 4 Discharging
82107.89 46 3627839 -128326 248 4 Discharging
82117.97 46 3627060 -142517 248 4 Discharging
82128.05 46 3634846 -58746 248 4 Discharging
82138.14 46 3610711 -173187 249 4 Discharging
82148.21 46 3607402 -277862 248 4 Discharging
82158.30 46 3648471 -58441 248 4 Discharging
82168.38 46 3647692 -62408 248 4 Discharging
82178.47 46 3640685 -58593 248 4 Discharging
82188.55 46 3644578 -58746 249 4 Discharging
82198.63 46 3628423 -162811 248 4 Discharging
82208.72 46 3606040 -180359 248 4 Discharging
82218.80 46 3603509 -322571 249 4 Discharging
82228.88 46 3638739 -114898 248 4 Discharging
82238.97 46 3625309 -165863 248 4 Discharging
82249.04 46 3622584 -132904 249 4 Discharging
82259.12 46 3644189 -64239 248 4 Discharging
82269.20 46 3640101 -60577 248 4 Discharging
82279.29 46 3594751 -294189 249 4 Discharging
82289.37 46 3645551 -58441 249 4 Discharging
82299.44 46 3636014 -106353 248 4 Discharging
82309.51 46 3645746 -58593 249 4 Discharging
82319.60 46 3643215 -58136 248 4 Discharging
82329.68 46 3641853 -58288 249 4 Discharging
82339.77 46 3601368 -299225 248 4 Discharging
82349.84 46 3587355 -238037 249 4 Discharging
82359.91 46 3635235 -64392 248 4 Discharging
82370.01 46 3646524 -58288 249 4 Discharging
82380.08 46 3643215 -157165 248 4 Discharging
82390.17 46 3644578 -59051 249 4 Discharging
82400.24 46 3644772 -57983 248 4 Discharging
82410.33 46 3643215 -59204 248 4 Discharging
82420.41 46 3622000 -119628 249 4 Discharging
82430.49 46 3587355 -270996 248 4 Discharging
82440.59 46 3619664 -194397 249 4 Discharging
82450.66 46 3645551 -57678 249 4 Discharging
82460.73 46 3642631 -115509 248 4 Discharging
82470.81 46 3644383 -58898 248 4 Discharging
82480.90 46 3638544 -170440 248 4 Discharging
82490.97 46 3640101 -57830 249 4 Discharging
82501.05 46 3603704 -177459 248 4 Discharging
82511.15 46 3601174 -203247 248 4 Discharging
82521.22 46 3621611 -146484 248 4 Discharging
82531.29 46 3629785 -278167 248 4 Discharging
82541.37 46 3633678 -131073 248 4 Discharging
82551.45 46 3627839 -139770 248 4 Discharging
82561.51 46 3636792 -68206 248 4 Discharging
82571.57 46 3601368 -178833 248 4 Discharging
82581.64 46 3606040 -192108 248 4 Discharging
82591.72 46 3643605 -63934 248 4 Discharging
82601.79 46 3625503 -152435 248 4 Discharging
82611.87 46 3642826 -58136 248 4 Discharging
82621.96 46 3636792 -59661 247 4 Discharging
82632.03 46 3633289 -60577 248 4 Discharging
82642.11 46 3639712 -113525 248 4 Discharging
82652.21 46 3583656 -278930 248 4 Discharging
82662.28 46 3644383 -58593 248 4 Discharging
82672.35 46 3643021 -57830 247 4 Discharging
82682.44 46 3643215 -60730 247 4 Discharging
82692.53 46 3642826 -58746 247 4 Discharging
82702.61 46 3623946 -135803 247 4 Discharging
82712.69 46 3639907 -58136 247 4 Discharging
82722.77 46 3629007 -68512 248 4 Discharging
82732.84 46 3593388 -205383 248 4 Discharging
82742.93 46 3627255 -151214 248 4 Discharging
82753.00 46 3623362 -151062 247 4 Discharging
82763.08 46 3630759 -116272 247 4 Discharging
82773.16 46 3627839 -105590 247 4 Discharging
82783.25 46 3639907 -57983 247 4 Discharging
82793.33 46 3601758 -179748 247 4 Discharging
82803.40 46 3575871 -269470 248 4 Discharging
82813.49 45 3638739 -138855 247 4 Discharging
82823.57 45 3640685 -58288 247 4 Discharging
82833.66 45 3619664 -184936 248 4 Discharging
82843.75 45 3635235 -70648 247 4 Discharging
82853.82 45 3640685 -58746 248 4 Discharging
82863.91 45 3601174 -177612 248 4 Discharging
82873.99 45 3601758 -226288 248 4 Discharging
82884.08 45 3596892 -332489 248 4 Discharging
82894.16 45 3603899 -191650 248 4 Discharging
82904.23 45 3598643 -216369 248 4 Discharging
82914.31 45 3638739 -63476 248 4 Discharging
82924.39 45 3636598 -58746 247 4 Discharging
82934.47 45 3616550 -277099 248 4 Discharging
82944.57 45 3583462 -201263 248 4 Discharging
82954.64 45 3631926 -115509 248 4 Discharging
82964.71 45 3640880 -57678 247 4 Discharging
82974.80 45 3640685 -57678 248 4 Discharging
82984.90 45 3623557 -136871 247 4 Discharging
82994.97 45 3635041 -62713 247 4 Discharging
83005.06 45 3634651 -58593 247 4 Discharging
83015.15 45 3603120 -180206 248 4 Discharging
83025.24 45 3626477 -84228 247 4 Discharging
83035.33 45 3601368 -219726 247 4 Discharging
83045.42 45 3616939 -187988 247 4 Discharging
83055.50 45 3638933 -58288 247 4 Discharging
83065.59 45 3616355 -185241 247 4 Discharging
83075.66 45 3629591 -59967 247 4 Discharging
83085.77 45 3601174 -171508 248 4 Discharging
83095.84 45 3627644 -118255 247 4 Discharging
83105.92 45 3637960 -58136 247 4 Discharging
83116.01 45 3632510 -82702 247 4 Discharging
83126.10 45 3635819 -59051 247 4 Discharging
83136.19 45 3601368 -206756 247 4 Discharging
83146.28 45 3615577 -180511 247 4 Discharging
83156.36 45 3601758 -261841 248 4 Discharging
83166.44 45 3636792 -58136 247 4 Discharging
83176.51 45 3637766 -57678 247 4 Discharging
83186.60 45 3632316 -59509 247 4 Discharging
83196.67 45 3610711 -132293 248 4 Discharging
83206.75 45 3622973 -117797 247 4 Discharging
83216.84 45 3597865 -167846 248 4 Discharging
83226.91 45 3605650 -169220 248 4 Discharging
83236.98 45 3594361 -209045 247 4 Discharging
83247.06 45 3615772 -151062 247 4 Discharging
83257.14 45 3620832 -83618 248 4 Discharging
83267.22 45 3636208 -58441 247 4 Discharging
83277.32 45 3634262 -59051 247 4 Discharging
83287.41 45 3629202 -60730 247 4 Discharging
83297.47 45 3598060 -153198 247 4 Discharging
83307.57 45 3597670 -208435 248 4 Discharging
83317.66 45 3628423 -71106 247 4 Discharging
83327.74 45 3605650 -214538 247 4 Discharging
83337.82 45 3629785 -121460 247 4 Discharging
83347.90 45 3616745 -129852 247 4 Discharging
83357.97 45 3620832 -75683 247 4 Discharging
83368.05 45 3619470 -64086 247 4 Discharging
83378.14 45 3585408 -213012 248 4 Discharging
83388.22 45 3632705 -57983 247 4 Discharging
83398.30 45 3564387 -320129 248 4 Discharging
83408.37 45 3630175 -57983 247 4 Discharging
83418.48 45 3631343 -58898 247 4 Discharging
83428.56 45 3585992 -275421 248 4 Discharging
83438.65 45 3597670 -258789 247 4 Discharging
83448.74 45 3589885 -274810 248 4 Discharging
83458.81 45 3634457 -59204 248 4 Discharging
83468.89 45 3632121 -59356 248 4 Discharging
83478.99 45 3604093 -168609 248 4 Discharging
83489.06 45 3632900 -57983 247 4 Discharging
83499.13 45 3629007 -96130 247 4 Discharging
83509.20 45 3616939 -108184 248 4 Discharging
83519.29 45 3585019 -209045 248 4 Discharging
83529.38 45 3564387 -336609 248 4 Discharging
83539.45 45 3607402 -207519 248 4 Discharging
83549.54 45 3629980 -101013 248 4 Discharging
83559.61 45 3631148 -69580 247 4 Discharging
83569.67 45 3634262 -59509 248 4 Discharging
83579.75 45 3600395 -218811 247 4 Discharging
83589.85 45 3614798 -114746 248 4 Discharging
83599.92 45 3618691 -59356 248 4 Discharging
83610.00 45 3591053 -176239 248 4 Discharging
83620.07 45 3631926 -58288 248 4 Discharging
83630.12 44 3630369 -58288 247 4 Discharging
83640.20 44 3621027 -100402 248 4 Discharging
83650.28 44 3615577 -173645 247 4 Discharging
83660.36 44 3628618 -58746 247 4 Discharging
83670.44 44 3618496 -59661 247 4 Discharging
83680.52 44 3570810 -256958 248 4 Discharging
83690.62 44 3628423 -65307 248 4 Discharging
83700.69 44 3628423 -102539 247 4 Discharging
83710.78 44 3629202 -59509 248 4 Discharging
83720.85 44 3623946 -59661 247 4 Discharging
83730.96 44 3591831 -254974 248 4 Discharging
83741.04 44 3607013 -132751 247 4 Discharging
83751.13 44 3591442 -186615 248 4 Discharging
83761.21 44 3631537 -58746 247 4 Discharging
83771.29 44 3630175 -58746 248 4 Discharging
83781.37 44 3595529 -186309 248 4 Discharging
83791.45 44 3630369 -58593 248 4 Discharging
83801.56 44 3626477 -58288 248 4 Discharging
83811.64 44 3563609 -274658 248 4 Discharging
83821.72 44 3582878 -187072 248 4 Discharging
83831.82 44 3597865 -269317 247 4 Discharging
83841.90 44 3629785 -58441 248 4 Discharging
83851.98 44 3629007 -58288 247 4 Discharging
83862.09 44 3619859 -134735 247 4 Discharging
83872.17 44 3628812 -58746 248 4 Discharging
83882.25 44 3622195 -59509 248 4 Discharging
83892.31 44 3582683 -206298 248 4 Discharging
83902.38 44 3629007 -58898 247 4 Discharging
83912.46 44 3562636 -373077 248 4 Discharging
83922.53 44 3623752 -58746 248 4 Discharging
83932.62 44 3626866 -69580 247 4 Discharging
83942.69 44 3624530 -78887 247 4 Discharging
83952.77 44 3613436 -115051 248 4 Discharging
83962.88 44 3576260 -205536 248 4 Discharging
83972.95 44 3615188 -119018 248 4 Discharging
83983.02 44 3626282 -58593 248 4 Discharging
83993.10 44 3622195 -62713 248 4 Discharging
84003.20 44 3622389 -103912 248 4 Discharging
84013.28 44 3622389 -58593 248 4 Discharging
84023.36 44 3580348 -250244 248 4 Discharging
84033.44 44 3591247 -166931 248 4 Discharging
84043.52 44 3578207 -175171 248 4 Discharging
84053.60 44 3608181 -75378 248 4 Discharging
84063.71 44 3585019 -176696 248 4 Discharging
84073.78 44 3587355 -200805 248 4 Discharging
84083.86 44 3589301 -200805 248 4 Discharging
84093.94 44 3562830 -298919 248 4 Discharging
84104.02 44 3618302 -58593 248 4 Discharging
84114.09 44 3584046 -177765 248 4 Discharging
84124.16 44 3606234 -99945 248 4 Discharging
84134.26 44 3600979 -169525 248 4 Discharging
84144.33 44 3603120 -159759 248 4 Discharging
84154.42 44 3621805 -62408 248 4 Discharging
84164.50 44 3613241 -107269 248 4 Discharging
84174.61 44 3602342 -61340 248 4 Discharging
84184.70 44 3585603 -175476 248 4 Discharging
84194.78 44 3617913 -84075 248 4 Discharging
84204.90 44 3624530 -59814 248 4 Discharging
84214.99 44 3621221 -59204 248 4 Discharging
84225.07 44 3593194 -213012 248 4 Discharging
84235.15 44 3624530 -58898 248 4 Discharging
84245.22 44 3619664 -89263 248 4 Discharging
84255.32 44 3597670 -137329 248 4 Discharging
84265.41 44 3581905 -173187 248 4 Discharging
84275.49 44 3624530 -57983 248 4 Discharging
84285.58 44 3623946 -58136 248 4 Discharging
84295.66 44 3610127 -117492 248 4 Discharging
84305.73 44 3602926 -134735 248 4 Discharging
84315.82 44 3573535 -261535 248 4 Discharging
84325.90 44 3615577 -64086 248 4 Discharging
84335.98 44 3569059 -201721 248 4 Discharging
84346.07 44 3618886 -59509 248 4 Discharging
84356.36 44 3622000 -58593 248 4 Discharging
84366.42 44 3620832 -58288 248 4 Discharging
84376.51 44 3606624 -162506 248 4 Discharging
84386.59 44 3617718 -58593 248 4 Discharging
84396.66 44 3552904 -335693 248 4 Discharging
84406.74 44 3582099 -173645 248 4 Discharging
84416.81 44 3615382 -141143 248 4 Discharging
84426.89 44 3606818 -150146 248 4 Discharging
84436.99 44 3621416 -58593 248 4 Discharging
84447.07 44 3618886 -99945 248 4 Discharging
84457.15 43 3619664 -58593 248 4 Discharging
84467.24 43 3614214 -59509 248 4 Discharging
84477.34 43 3568085 -245819 248 4 Discharging
84487.42 43 3616745 -59051 248 4 Discharging
84497.49 43 3593388 -215759 248 4 Discharging
84507.59 43 3600006 -190124 248 4 Discharging
84517.66 43 3620248 -58746 248 4 Discharging
84527.75 43 3613241 -58593 248 4 Discharging
84537.82 43 3617134 -58441 248 4 Discharging
84547.88 43 3607986 -59661 248 4 Discharging
84557.94 43 3564582 -290222 249 4 Discharging
84568.02 43 3619664 -79040 248 4 Discharging
84578.11 43 3606818 -111236 248 4 Discharging
84588.20 43 3589301 -187072 248 4 Discharging
84598.28 43 3619470 -58441 248 4 Discharging
84608.38 43 3616939 -65460 248 4 Discharging
84618.47 43 3576844 -174408 248 4 Discharging
84628.55 43 3587938 -182190 249 4 Discharging
84638.64 43 3608181 -146789 248 4 Discharging
84648.72 43 3619275 -57983 248 4 Discharging
84658.80 43 3604677 -75531 248 4 Discharging
84668.93 43 3592610 -128936 248 4 Discharging
84679.02 43 3610322 -58136 248 4 Discharging
84689.09 43 3599033 -151977 248 4 Discharging
84699.17 43 3568864 -179748 248 4 Discharging
84709.26 43 3596308 -76141 248 4 Discharging
84719.33 43 3589690 -165100 248 4 Discharging
84729.41 43 3575092 -186462 248 4 Discharging
84739.49 43 3560495 -232849 248 4 Discharging
84749.57 43 3575482 -194091 248 4 Discharging
84759.65 43 3552515 -259094 248 4 Discharging
84769.76 43 3571589 -186157 248 4 Discharging
84779.84 43 3587744 -210418 248 4 Discharging
84789.91 43 3595140 -166015 248 4 Discharging
84799.99 43 3575482 -198516 248 4 Discharging
84810.12 43 3615772 -57983 248 4 Discharging
84820.21 43 3610127 -65460 248 4 Discharging
84830.28 43 3610906 -58441 248 4 Discharging
84840.37 43 3598643 -59661 248 4 Discharging
84850.45 43 3576066 -173339 248 4 Discharging
84860.52 43 3613825 -59051 248 4 Discharging
84870.61 43 3609932 -58746 248 4 Discharging
84880.70 43 3595919 -167389 248 4 Discharging
84890.80 43 3613825 -58898 248 4 Discharging
84900.88 43 3607986 -61187 248 4 Discharging
84910.95 43 3607791 -58441 248 4 Discharging
84921.04 43 3572951 -178985 248 4 Discharging
84931.10 43 3565166 -261078 248 4 Discharging
84941.19 43 3610711 -59814 249 4 Discharging
84951.27 43 3610322 -58288 248 4 Discharging
84961.35 43 3609738 -59051 248 4 Discharging
84971.47 43 3568085 -250702 248 4 Discharging
84981.55 43 3599033 -119934 248 4 Discharging
84991.64 43 3562441 -201873 249 4 Discharging
85001.71 43 3556602 -283355 249 4 Discharging
85011.80 43 3596113 -152588 248 4 Discharging
85021.88 43 3611684 -58898 248 4 Discharging
85031.97 43 3598060 -121002 248 4 Discharging
85042.09 43 3608181 -184631 248 4 Discharging
85052.18 43 3602731 -79040 248 4 Discharging
85062.26 43 3546092 -282745 248 4 Discharging
85072.34 43 3603120 -155944 249 4 Discharging
85082.42 43 3610322 -59051 248 4 Discharging
85092.50 43 3592026 -134277 249 4 Discharging
85102.59 43 3608570 -58746 248 4 Discharging
85112.67 43 3606624 -59509 248 4 Discharging
85122.75 43 3595529 -156555 248 4 Discharging
85132.83 43 3568669 -172577 249 4 Discharging
85142.98 43 3579569 -178070 249 4 Discharging
85153.05 43 3591247 -135192 249 4 Discharging
85163.13 43 3576066 -193328 248 4 Discharging
85173.21 43 3609543 -58136 248 4 Discharging
85183.30 43 3607791 -59356 248 4 Discharging
85193.38 43 3593778 -74768 248 4 Discharging
85203.48 43 3590079 -137024 248 4 Discharging
85213.56 43 3590663 -58136 249 4 Discharging
85223.63 43 3558354 -199585 249 4 Discharging
85233.71 43 3602147 -63629 249 4 Discharging
85243.79 43 3602536 -63476 248 4 Discharging
85253.87 43 3578012 -157470 248 4 Discharging
85263.95 43 3577039 -252227 248 4 Discharging
85274.04 43 3592999 -117950 248 4 Discharging
85284.12 43 3563025 -170135 248 4 Discharging
85294.20 43 3548233 -293274 249 4 Discharging
85304.29 43 3606234 -58746 248 4 Discharging
85314.36 43 3601368 -68359 248 4 Discharging
85324.44 43 3562052 -181274 249 4 Discharging
85334.53 43 3541615 -312042 249 4 Discharging
85344.61 43 3560105 -178833 249 4 Discharging
85354.69 43 3562052 -183105 249 4 Discharging
85364.77 43 3606040 -58898 249 4 Discharging
85374.87 43 3592999 -76141 248 4 Discharging
85384.95 43 3605650 -58441 248 4 Discharging
85395.03 43 3603509 -59356 248 4 Discharging
85405.15 42 3593972 -85601 248 4 Discharging
85415.23 42 3566918 -215759 249 4 Discharging
85425.31 42 3561468 -179596 249 4 Discharging
85435.38 42 3576844 -202026 249 4 Discharging
85445.46 42 3563414 -210113 248 4 Discharging
85455.53 42 3594556 -91705 248 4 Discharging
85465.61 42 3594751 -114441 248 4 Discharging
85475.69 42 3601758 -58746 248 4 Discharging
85485.78 42 3595724 -58898 248 4 Discharging
85495.85 42 3552709 -204773 249 4 Discharging
85505.94 42 3586381 -111389 248 4 Discharging
85516.01 42 3583656 -148468 248 4 Discharging
85526.09 42 3596308 -59509 249 4 Discharging
85536.17 42 3558159 -262146 249 4 Discharging
85546.27 42 3583851 -114746 248 4 Discharging
85556.36 42 3588133 -86517 249 4 Discharging
85566.43 42 3559911 -175018 249 4 Discharging
85576.52 42 3541809 -244751 249 4 Discharging
85586.59 42 3587160 -77514 248 4 Discharging
85596.67 42 3581126 -139923 249 4 Discharging
85606.75 42 3598254 -59661 248 4 Discharging
85616.85 42 3590663 -62561 249 4 Discharging
85626.93 42 3590858 -58898 249 4 Discharging
85637.01 42 3555629 -169525 249 4 Discharging
85647.11 42 3555045 -184631 249 4 Discharging
85657.18 42 3599033 -58746 249 4 Discharging
85667.26 42 3588912 -122680 249 4 Discharging
85677.34 42 3598643 -59204 249 4 Discharging
85687.43 42 3596502 -64239 249 4 Discharging
85697.51 42 3593194 -62103 249 4 Discharging
85707.59 42 3590079 -58898 249 4 Discharging
85717.66 42 3554850 -120391 249 4 Discharging
85727.74 42 3583851 -114441 249 4 Discharging
85737.82 42 3597865 -58288 249 4 Discharging
85747.92 42 3585214 -109558 249 4 Discharging
85758.00 42 3597281 -58898 249 4 Discharging
85768.09 42 3592610 -59967 249 4 Discharging
85778.17 42 3579958 -156250 249 4 Discharging
85788.26 42 3550374 -189056 249 4 Discharging
85798.33 42 3559132 -203552 249 4 Discharging
85808.40 42 3592026 -59051 249 4 Discharging
85818.50 42 3560300 -267029 249 4 Discharging
85828.57 42 3531688 -340423 249 4 Discharging
85838.64 42 3567502 -207519 249 4 Discharging
85848.74 42 3585992 -58593 249 4 Discharging
85858.81 42 3585992 -61187 249 4 Discharging
85868.88 42 3549011 -173645 249 4 Discharging
85878.97 42 3545508 -290680 249 4 Discharging
85889.04 42 3592220 -58441 249 4 Discharging
85899.13 42 3590274 -59204 249 4 Discharging
85909.20 42 3581321 -108337 249 4 Discharging
85919.29 42 3568475 -167999 249 4 Discharging
85929.37 42 3566723 -132141 249 4 Discharging
85939.43 42 3537138 -236663 249 4 Discharging
85949.53 42 3593972 -58136 249 4 Discharging
85959.60 42 3592026 -145721 249 4 Discharging
85969.68 42 3593194 -58898 249 4 Discharging
85979.76 42 3541420 -211944 249 4 Discharging
85989.93 42 3561079 -157318 249 4 Discharging
86000.00 42 3578012 -58441 249 4 Discharging
86010.07 42 3536165 -224151 249 4 Discharging
86020.16 42 3530326 -395508 249 4 Discharging
86030.24 42 3585214 -59204 249 4 Discharging
86040.32 42 3568864 -207367 249 4 Discharging
86050.40 42 3590274 -58898 249 4 Discharging
86060.49 42 3587744 -57525 249 4 Discharging
86070.57 42 3570421 -96435 249 4 Discharging
86080.64 42 3539668 -187378 249 4 Discharging
86090.72 42 3528574 -311279 249 4 Discharging
86100.80 42 3581710 -60424 249 4 Discharging
86110.87 42 3556213 -216827 249 4 Discharging
86120.95 42 3554850 -255279 249 4 Discharging
86131.03 42 3586187 -58898 249 4 Discharging
86141.11 42 3563803 -123748 249 4 Discharging
86151.18 42 3521957 -197448 249 4 Discharging
86161.97 42 3544729 -176696 249 4 Discharging
86172.14 42 3544924 -294800 249 4 Discharging
86182.21 42 3569059 -144195 249 4 Discharging
86192.34 42 3550957 -234832 249 4 Discharging
86202.42 42 3569837 -128784 249 4 Discharging
86212.50 42 3569253 -143127 249 4 Discharging
86222.59 42 3568085 -98724 249 4 Discharging
86232.66 42 3541226 -177917 249 4 Discharging
86242.73 42 3584240 -59051 249 4 Discharging
86252.81 42 3584435 -59509 249 4 Discharging
86262.89 42 3566918 -105896 249 4 Discharging
86272.97 42 3582489 -59356 249 4 Discharging
86283.06 42 3547649 -289306 249 4 Discharging
86293.14 42 3539085 -175933 249 4 Discharging
86303.21 42 3520594 -252075 249 4 Discharging
86313.29 42 3518453 -313263 249 4 Discharging
86323.37 42 3578596 -95214 249 4 Discharging
86333.45 42 3582294 -66986 249 4 Discharging
86343.53 42 3576260 -59509 249 4 Discharging
86353.64 42 3578791 -59661 249 4 Discharging
86363.72 41 3578012 -58593 249 4 Discharging
86373.81 41 3534997 -190582 249 4 Discharging
86383.89 41 3531299 -279541 249 4 Discharging
86393.96 41 3563998 -126495 249 4 Discharging
86404.04 41 3579374 -59967 249 4 Discharging
86414.19 41 3576844 -69732 249 4 Discharging
86424.28 41 3559327 -109710 249 4 Discharging
86434.36 41 3576455 -60424 249 4 Discharging
86444.46 41 3569837 -69885 249 4 Discharging
86454.53 41 3534024 -202636 249 4 Discharging
86464.69 41 3570032 -72326 250 4 Discharging
86474.76 41 3559132 -128631 249 4 Discharging
86484.84 41 3552125 -233612 249 4 Discharging
86494.92 41 3571005 -64849 249 4 Discharging
86505.00 41 3575871 -59051 249 4 Discharging
86515.09 41 3561857 -59204 249 4 Discharging
86525.17 41 3561273 -59356 249 4 Discharging
86535.25 41 3502298 -356140 249 4 Discharging
86545.34 41 3534997 -176849 249 4 Discharging
86555.42 41 3567891 -70037 249 4 Discharging
86565.51 41 3566918 -58746 249 4 Discharging
86575.59 41 3546481 -200348 249 4 Discharging
86585.72 41 3573146 -58593 249 4 Discharging
86595.79 41 3527990 -177154 249 4 Discharging
86605.86 41 3497627 -319824 250 4 Discharging
86615.94 41 3516312 -252685 249 4 Discharging
86626.02 41 3572951 -75836 249 4 Discharging
86636.09 41 3506386 -276489 250 4 Discharging
86646.16 41 3571394 -59204 250 4 Discharging
86656.21 41 3566528 -59356 249 4 Discharging
86666.27 41 3529937 -198669 250 4 Discharging
86676.32 41 3536944 -249176 250 4 Discharging
86686.40 41 3572757 -125579 249 4 Discharging
86696.47 41 3570226 -58441 249 4 Discharging
86706.53 41 3556602 -114746 249 4 Discharging
86716.63 41 3570810 -59356 249 4 Discharging
86726.71 41 3564777 -59204 250 4 Discharging
86736.78 41 3524487 -209198 249 4 Discharging
86746.89 41 3522151 -213623 249 4 Discharging
86756.96 41 3557575 -109100 249 4 Discharging
86767.04 41 3540642 -264282 249 4 Discharging
86777.12 41 3571005 -59204 249 4 Discharging
86787.20 41 3550763 -128173 249 4 Discharging
86797.30 41 3563414 -59967 249 4 Discharging
86807.39 41 3525071 -193481 249 4 Discharging
86817.49 41 3508721 -310669 249 4 Discharging
86827.57 41 3568864 -59509 249 4 Discharging
86837.64 41 3545118 -114288 249 4 Discharging
86847.75 41 3565361 -66680 250 4 Discharging
86857.84 41 3562246 -58898 249 4 Discharging
86867.92 41 3528963 -263824 250 4 Discharging
86878.01 41 3557770 -59509 249 4 Discharging
86888.08 41 3520789 -187378 250 4 Discharging
86898.15 41 3566528 -58593 249 4 Discharging
86908.24 41 3563220 -59204 250 4 Discharging
86918.31 41 3538111 -229797 249 4 Discharging
86928.39 41 3563803 -59051 250 4 Discharging
86938.49 41 3561468 -59661 249 4 Discharging
86948.56 41 3546481 -61492 250 4 Discharging
86958.65 41 3508916 -222931 249 4 Discharging
86968.73 41 3565944 -58746 250 4 Discharging
86978.81 41 3566723 -59204 250 4 Discharging
86988.89 41 3564193 -59356 249 4 Discharging
86998.98 41 3549400 -167846 249 4 Discharging
87009.06 41 3550763 -63018 249 4 Discharging
87019.14 41 3555045 -59661 249 4 Discharging
87029.23 41 3522346 -176544 250 4 Discharging
87039.31 41 3558938 -60424 249 4 Discharging
87049.38 41 3506969 -326843 249 4 Discharging
87059.46 41 3563803 -66223 249 4 Discharging
87069.53 41 3560300 -59356 250 4 Discharging
87079.62 41 3557380 -66680 250 4 Discharging
87089.71 41 3517285 -176544 250 4 Discharging
87099.79 41 3518648 -185699 249 4 Discharging
87109.87 41 3542977 -112457 249 4 Discharging
87119.95 41 3557964 -59204 250 4 Discharging
87130.04 41 3538111 -179596 249 4 Discharging
87140.14 41 3547454 -59814 249 4 Discharging
87150.22 41 3532078 -258026 249 4 Discharging
87160.31 41 3543172 -80871 249 4 Discharging
87170.40 41 3510278 -175476 250 4 Discharging
87180.50 41 3489647 -329132 250 4 Discharging
87190.58 41 3546092 -59204 249 4 Discharging
87200.66 41 3540058 -58898 249 4 Discharging
87210.75 41 3498016 -269775 250 4 Discharging
87220.83 41 3511057 -201110 250 4 Discharging
87230.91 41 3511835 -206756 250 4 Discharging
87241.00 41 3511251 -177612 249 4 Discharging
87251.06 41 3553293 -59661 250 4 Discharging
87261.14 41 3539863 -197143 250 4 Discharging
87271.21 41 3554461 -59051 249 4 Discharging
87281.35 41 3553488 -86669 249 4 Discharging
87291.44 41 3537917 -169525 249 4 Discharging
87301.51 41 3539863 -58898 249 4 Discharging
87311.59 41 3501325 -247497 250 4 Discharging
87321.70 41 3504828 -300903 250 4 Discharging
87331.77 41 3549595 -97961 249 4 Discharging
87341.86 41 3552125 -60577 250 4 Discharging
87351.93 41 3548622 -59661 249 4 Discharging
87362.02 40 3548816 -59051 249 4 Discharging
87372.10 40 3541809 -105590 249 4 Discharging
87382.19 40 3540447 -60577 250 4 Discharging
87392.26 40 3507553 -180969 250 4 Discharging
87402.33 40 3549595 -59814 250 4 Discharging
87412.41 40 3531883 -88958 250 4 Discharging
87422.48 40 3527017 -163421 250 4 Discharging
87432.57 40 3526433 -168457 250 4 Discharging
87442.67 40 3535581 -110473 249 4 Discharging
87452.74 40 3539085 -59661 250 4 Discharging
87462.81 40 3507748 -161895 250 4 Discharging
87472.88 40 3486143 -286255 250 4 Discharging
87482.96 40 3548038 -58746 250 4 Discharging
87493.04 40 3542004 -59509 250 4 Discharging
87503.12 40 3541031 -65765 250 4 Discharging
87513.21 40 3537138 -59204 250 4 Discharging
87523.29 40 3485754 -346374 250 4 Discharging
87533.37 40 3499573 -177002 250 4 Discharging
87543.48 40 3502298 -177917 250 4 Discharging
87553.54 40 3536944 -79193 249 4 Discharging
87563.63 40 3542393 -60424 250 4 Discharging
87573.74 40 3537917 -80413 250 4 Discharging
87583.82 40 3542199 -59204 249 4 Discharging
87593.91 40 3541031 -59204 249 4 Discharging
87603.98 40 3507748 -224762 250 4 Discharging
87614.06 40 3482056 -267486 250 4 Discharging
87624.13 40 3496264 -261230 250 4 Discharging
87634.22 40 3537917 -88806 250 4 Discharging
87644.30 40 3541420 -60119 249 4 Discharging
87654.37 40 3521762 -127563 249 4 Discharging
87664.46 40 3535776 -61187 250 4 Discharging
87674.55 40 3532078 -60119 249 4 Discharging
87684.63 40 3496459 -258331 250 4 Discharging
87694.71 40 3539863 -59509 250 4 Discharging
87704.79 40 3513003 -178680 250 4 Discharging
87714.91 40 3504439 -204773 250 4 Discharging
87724.98 40 3538890 -59509 250 4 Discharging
87735.07 40 3534219 -83770 249 4 Discharging
87745.16 40 3525655 -60882 250 4 Discharging
87755.25 40 3488479 -259704 250 4 Discharging
87765.31 40 3516896 -133361 250 4 Discharging
87775.40 40 3535581 -60119 249 4 Discharging
87785.49 40 3475438 -214843 250 4 Discharging
87795.57 40 3492372 -186157 250 4 Discharging
87805.64 40 3484392 -215301 250 4 Discharging
87815.74 40 3469599 -266113 250 4 Discharging
87825.81 40 3476801 -215454 250 4 Discharging
87835.89 40 3534024 -59051 250 4 Discharging
87845.97 40 3532662 -58441 250 4 Discharging
87856.05 40 3529353 -59051 250 4 Discharging
87866.13 40 3508137 -137024 250 4 Discharging
87876.21 40 3523708 -60119 250 4 Discharging
87886.29 40 3521567 -59356 250 4 Discharging
87896.37 40 3477774 -250854 250 4 Discharging
87906.47 40 3467069 -261535 250 4 Discharging
87916.54 40 3518258 -109710 250 4 Discharging
87926.62 40 3527212 -60272 250 4 Discharging
87936.73 40 3526822 -59814 250 4 Discharging
87946.81 40 3512614 -61950 250 4 Discharging
87956.90 40 3519816 -59814 250 4 Discharging
87967.01 40 3505218 -110778 250 4 Discharging
87977.08 40 3466290 -262756 250 4 Discharging
87987.17 40 3503661 -206146 250 4 Discharging
87997.25 40 3504245 -178222 250 4 Discharging
88007.37 40 3516312 -155792 250 4 Discharging
88017.44 40 3502104 -177002 250 4 Discharging
88027.55 40 3520983 -59661 250 4 Discharging
88037.63 40 3515533 -60730 250 4 Discharging
88047.72 40 3500936 -71411 250 4 Discharging
88057.82 40 3475633 -245971 250 4 Discharging
88067.90 40 3511446 -67291 250 4 Discharging
88077.98 40 3497627 -169830 250 4 Discharging
88088.09 40 3505802 -113067 250 4 Discharging
88098.18 40 3519816 -59509 250 4 Discharging
88108.26 40 3516507 -59967 250 4 Discharging
88118.35 40 3486922 -156555 250 4 Discharging
88128.44 40 3479720 -179596 250 4 Discharging
88138.51 40 3482640 -199890 250 4 Discharging
88148.59 40 3518648 -63629 250 4 Discharging
88158.68 40 3516701 -59356 250 4 Discharging
88168.75 40 3500936 -204010 250 4 Discharging
88178.84 40 3515728 -63324 250 4 Discharging
88188.92 40 3494902 -60882 250 4 Discharging
88199.01 40 3492566 -180969 250 4 Discharging
88209.10 40 3484781 -203704 250 4 Discharging
88219.18 40 3515923 -59356 250 4 Discharging
88229.27 40 3512225 -59356 250 4 Discharging
88239.36 40 3514560 -59967 250 4 Discharging
88249.44 40 3475244 -192718 250 4 Discharging
88259.54 40 3484975 -200348 250 4 Discharging
88269.68 40 3470183 -190124 250 4 Discharging
88279.76 40 3468042 -232849 250 4 Discharging
88289.86 40 3505412 -85907 250 4 Discharging
88299.95 40 3510473 -63476 250 4 Discharging
88310.02 39 3501909 -60730 250 4 Discharging
88320.10 39 3507164 -59204 250 4 Discharging
88330.20 39 3493734 -63781 250 4 Discharging
88340.27 39 3464733 -229950 250 4 Discharging
88350.32 39 3461035 -219268 250 4 Discharging
88360.41 39 3510473 -59204 250 4 Discharging
88370.48 39 3493540 -123596 250 4 Discharging
88380.56 39 3506969 -59814 250 4 Discharging
88390.64 39 3493150 -142974 250 4 Discharging
88400.73 39 3498405 -90789 250 4 Discharging
88410.81 39 3487311 -59356 250 4 Discharging
88420.88 39 3468626 -208587 250 4 Discharging
88430.96 39 3498016 -68664 250 4 Discharging
88441.04 39 3444102 -296325 250 4 Discharging
88451.13 39 3458310 -214386 250 4 Discharging
88461.21 39 3491593 -68512 250 4 Discharging
88471.27 39 3495681 -60424 250 4 Discharging
88481.38 39 3457337 -178527 250 4 Discharging
88491.45 39 3465706 -206604 250 4 Discharging
88501.52 39 3492177 -121612 251 4 Discharging
88511.60 39 3497238 -84533 250 4 Discharging
88521.68 39 3440988 -393829 251 4 Discharging
88531.77 39 3468431 -211334 250 4 Discharging
88541.85 39 3494902 -60272 250 4 Discharging
88551.94 39 3449746 -195617 250 4 Discharging
88562.01 39 3499768 -60272 250 4 Discharging
88572.09 39 3476995 -158691 250 4 Discharging
88582.20 39 3493540 -60119 250 4 Discharging
88592.28 39 3496848 -59967 250 4 Discharging
88602.37 39 3466874 -153961 250 4 Discharging
88612.46 39 3488090 -60424 250 4 Discharging
88622.54 39 3449162 -178070 250 4 Discharging
88632.62 39 3492177 -77819 250 4 Discharging
88642.69 39 3493540 -59967 250 4 Discharging
88652.78 39 3461424 -189666 250 4 Discharging
88662.86 39 3491788 -60424 250 4 Discharging
88672.95 39 3472908 -126342 250 4 Discharging
88683.05 39 3441571 -221557 250 4 Discharging
88693.13 39 3470572 -60882 250 4 Discharging
88703.21 39 3444296 -189056 250 4 Discharging
88713.30 39 3483808 -88501 250 4 Discharging
88723.37 39 3490425 -60730 250 4 Discharging
88733.45 39 3467653 -137329 251 4 Discharging
88743.53 39 3486727 -59509 250 4 Discharging
88753.62 39 3482834 -60882 250 4 Discharging
88763.69 39 3449552 -91552 250 4 Discharging
88773.78 39 3436706 -180359 251 4 Discharging
88783.90 39 3446632 -271301 251 4 Discharging
88793.98 39 3484002 -60882 251 4 Discharging
88804.06 39 3450135 -264892 250 4 Discharging
88814.14 39 3472713 -155639 251 4 Discharging
88824.24 39 3482056 -59814 250 4 Discharging
88834.32 39 3480693 -63629 251 4 Discharging
88844.40 39 3452860 -135040 250 4 Discharging
88854.52 39 3433786 -185089 251 4 Discharging
88864.59 39 3445464 -185852 251 4 Discharging
88874.67 39 3474854 -89874 251 4 Discharging
88884.75 39 3480110 -64392 251 4 Discharging
88894.91 39 3457532 -169983 251 4 Discharging
88904.98 39 3471935 -222625 251 4 Discharging
88915.06 39 3469988 -59967 250 4 Discharging
88925.15 39 3433202 -190277 251 4 Discharging
88935.22 39 3473687 -77972 251 4 Discharging
88945.31 39 3473687 -60577 250 4 Discharging
88955.38 39 3457142 -164947 250 4 Discharging
88965.50 39 3470183 -60424 251 4 Discharging
88975.58 39 3438652 -174560 250 4 Discharging
88985.66 39 3444491 -296020 251 4 Discharging
88995.75 39 3454417 -61645 251 4 Discharging
89005.82 39 3428920 -177765 251 4 Discharging
89015.90 39 3472324 -60424 251 4 Discharging
89026.02 39 3470962 -60730 251 4 Discharging
89036.09 39 3468042 -60272 250 4 Discharging
89046.17 39 3469599 -60272 251 4 Discharging
89056.25 39 3465901 -59814 251 4 Discharging
89066.34 39 3408483 -288086 251 4 Discharging
89076.42 39 3425417 -183105 251 4 Discharging
89086.50 39 3459478 -112762 251 4 Discharging
89096.57 39 3469405 -61187 251 4 Discharging
89106.64 39 3463176 -60730 251 4 Discharging
89116.71 39 3452666 -118560 250 4 Discharging
89126.81 39 3462398 -61492 251 4 Discharging
89136.89 39 3399919 -265503 251 4 Discharging
89146.96 39 3448773 -62255 251 4 Discharging
89157.04 39 3410040 -182953 251 4 Discharging
89167.13 39 3408094 -310669 251 4 Discharging
89177.21 39 3460257 -61187 251 4 Discharging
89187.29 39 3449357 -112609 251 4 Discharging
89197.41 39 3445853 -139770 251 4 Discharging
89207.49 39 3457921 -59967 251 4 Discharging
89217.58 39 3449357 -75683 251 4 Discharging
89227.67 39 3430088 -119781 251 4 Discharging
89237.75 39 3398167 -254821 251 4 Discharging
89247.84 39 3399335 -227203 251 4 Discharging
89257.94 39 3438068 -199432 251 4 Discharging
89268.00 39 3446048 -65307 251 4 Discharging
89278.08 39 3449552 -61035 251 4 Discharging
89288.16 38 3448773 -82702 251 4 Discharging
89298.24 38 3436706 -61187 251 4 Discharging
89308.32 38 3386100 -263366 251 4 Discharging
89318.40 38 3449552 -60730 251 4 Discharging
89328.50 38 3403423 -251617 251 4 Discharging
89338.59 38 3429115 -171203 251 4 Discharging
89348.68 38 3439236 -104065 251 4 Discharging
89358.77 38 3437484 -112915 251 4 Discharging
89368.85 38 3436122 -61492 251 4 Discharging
89378.91 38 3407121 -186462 251 4 Discharging
89389.00 38 3438457 -176544 251 4 Discharging
89399.09 38 3447994 -61187 251 4 Discharging
89409.17 38 3439041 -121917 251 4 Discharging
89419.26 38 3407705 -206146 251 4 Discharging
89429.34 38 3416074 -173950 251 4 Discharging
89439.40 38 3428336 -65460 251 4 Discharging
89449.48 38 3379482 -223083 251 4 Discharging
89459.55 38 3440793 -61035 251 4 Discharging
89469.64 38 3426000 -143280 251 4 Discharging
89479.73 38 3426000 -142974 251 4 Discharging
89489.83 38 3438263 -60730 251 4 Discharging
89499.94 38 3369361 -374450 251 4 Discharging
89510.02 38 3395248 -270233 251 4 Discharging
89520.09 38 3384932 -195617 251 4 Discharging
89530.17 38 3427558 -77667 251 4 Discharging
89540.24 38 3431061 -61035 251 4 Discharging
89550.32 38 3416658 -145721 251 4 Discharging
89560.40 38 3431450 -60577 251 4 Discharging
89570.53 38 3427558 -59509 251 4 Discharging
89580.61 38 3396221 -171661 251 4 Discharging
89590.68 38 3400892 -62255 251 4 Discharging
89600.80 38 3353596 -280761 251 4 Discharging
89610.88 38 3408094 -145111 251 4 Discharging
89620.97 38 3420745 -61340 251 4 Discharging
89631.06 38 3417242 -61798 251 4 Discharging
89641.14 38 3409067 -61492 251 4 Discharging
89651.23 38 3389993 -113830 251 4 Discharging
89661.30 38 3376563 -182037 252 4 Discharging
89671.46 38 3361186 -312500 251 4 Discharging
89681.54 38 3400114 -174713 251 4 Discharging
89691.61 38 3410819 -116729 252 4 Discharging
89701.70 38 3419772 -77209 251 4 Discharging
89711.78 38 3420551 -60272 251 4 Discharging
89721.86 38 3410040 -101623 251 4 Discharging
89731.94 38 3404396 -61035 252 4 Discharging
89742.04 38 3364301 -239257 251 4 Discharging
89752.12 38 3402644 -148010 252 4 Discharging
89762.21 38 3419188 -67443 251 4 Discharging
89772.29 38 3400114 -107574 251 4 Discharging
89782.37 38 3415101 -61492 251 4 Discharging
89792.45 38 3402060 -65002 251 4 Discharging
89802.56 38 3411208 -62103 251 4 Discharging
89812.64 38 3362549 -187378 252 4 Discharging
89822.71 38 3348340 -204010 251 4 Discharging
89832.78 38 3360019 -339355 252 4 Discharging
89842.88 38 3348535 -321808 251 4 Discharging
89852.97 38 3373059 -228882 251 4 Discharging
89863.06 38 3390966 -153808 251 4 Discharging
89873.17 38 3400698 -92315 252 4 Discharging
89883.26 38 3397000 -61645 252 4 Discharging
89893.34 38 3339971 -279998 252 4 Discharging
89903.42 38 3404980 -61645 252 4 Discharging
89913.50 38 3381818 -77972 252 4 Discharging
89923.57 38 3398751 -61187 252 4 Discharging
89933.64 38 3375200 -109558 252 4 Discharging
89943.75 38 3375006 -191040 253 4 Discharging
89953.82 38 3375006 -62561 252 4 Discharging
89963.90 38 3348146 -180816 253 4 Discharging
89973.98 38 3394859 -62103 253 4 Discharging
89984.06 38 3391939 -61187 253 4 Discharging
89994.13 38 3392134 -61340 252 4 Discharging
90004.22 38 3384932 -79040 253 4 Discharging
90014.31 38 3330823 -280304 253 4 Discharging
90024.39 38 3324011 -283966 253 4 Discharging
90034.46 38 3328293 -275116 253 4 Discharging
90044.56 38 3387268 -62103 253 4 Discharging
90055.16 38 3381039 -61492 253 4 Discharging
90065.36 38 3382791 -61492 254 4 Discharging
90075.56 38 3353596 -265045 253 4 Discharging
90086.28 38 3344253 -177154 254 4 Discharging
90096.36 38 3379872 -61645 253 4 Discharging
90106.44 38 3376563 -61645 253 4 Discharging
90116.54 38 3297929 -227203 254 4 Discharging
90126.62 38 3315836 -348510 254 4 Discharging
90136.69 38 3373448 -61187 253 4 Discharging
90146.77 38 3375979 -62408 254 4 Discharging
90156.90 38 3326152 -191803 254 4 Discharging
90166.98 38 3349703 -176391 254 4 Discharging
90177.06 38 3369556 -70190 254 4 Discharging
90187.17 38 3314279 -201110 254 4 Discharging
90197.26 38 3302211 -308227 254 4 Discharging
90207.34 38 3372281 -61798 254 4 Discharging
90217.43 38 3370334 -60730 255 4 Discharging
90227.52 38 3351649 -104675 254 4 Discharging
90237.56 37 3336662 -129852 254 4 Discharging
90247.68 37 3318755 -258178 254 4 Discharging
90257.76 37 3335689 -62408 254 4 Discharging
90267.84 37 3278076 -364685 255 4 Discharging
90277.95 37 3357488 -62255 255 4 Discharging
90288.03 37 3356710 -62561 254 4 Discharging
90298.11 37 3336857 -162658 254 4 Discharging
90308.19 37 3348730 -61187 255 4 Discharging
90318.30 37 3342890 -74157 254 4 Discharging
90328.38 37 3325957 -210724 255 4 Discharging
90338.45 37 3298708 -183868 255 4 Discharging
90348.54 37 3299097 -193786 255 4 Discharging
90358.62 37 3300849 -127410 255 4 Discharging
90368.73 37 3347562 -62103 255 4 Discharging
90378.81 37 3346589 -61340 255 4 Discharging
90388.90 37 3344642 -65460 255 4 Discharging
90398.97 37 3334521 -61492 255 4 Discharging
90409.05 37 3250438 -329132 255 4 Discharging
90419.12 37 3280607 -294647 255 4 Discharging
90429.19 37 3329071 -62866 255 4 Discharging
90439.26 37 3335884 -62713 255 4 Discharging
90449.35 37 3297929 -211639 255 4 Discharging
90459.42 37 3317198 -176849 255 4 Discharging
90469.51 37 3327903 -61798 255 4 Discharging
90479.60 37 3310970 -116577 255 4 Discharging
90489.68 37 3271653 -313110 256 4 Discharging
90499.76 37 3316225 -147705 256 4 Discharging
90509.83 37 3328877 -62866 255 4 Discharging
90519.96 37 3306883 -183258 256 4 Discharging
90530.03 37 3304742 -125579 256 4 Discharging
90540.11 37 3320507 -62713 255 4 Discharging
90550.24 37 3298513 -191803 255 4 Discharging
90560.32 37 3278271 -189666 256 4 Discharging
90570.40 37 3278466 -251465 256 4 Discharging
90580.48 37 3319145 -62866 255 4 Discharging
90590.55 37 3316614 -62255 255 4 Discharging
90600.63 37 3283137 -175018 256 4 Discharging
90610.70 37 3307856 -63629 255 4 Discharging
90620.77 37 3290144 -127563 255 4 Discharging
90630.86 37 3266203 -191497 256 4 Discharging
90640.94 37 3275741 -248260 256 4 Discharging
90651.06 37 3276714 -222778 256 4 Discharging
90661.14 37 3282553 -178222 256 4 Discharging
90671.25 37 3273405 -205230 256 4 Discharging
90681.35 37 3290922 -63171 256 4 Discharging
90691.42 37 3280996 -174560 256 4 Discharging
90701.50 37 3226498 -260315 256 4 Discharging
90711.58 37 3251216 -211792 256 4 Discharging
90721.67 37 3298319 -62561 256 4 Discharging
90731.74 37 3257056 -188293 256 4 Discharging
90741.81 37 3273989 -186004 256 4 Discharging
90751.90 37 3285667 -63476 256 4 Discharging
90761.99 37 3215209 -190582 257 4 Discharging
90772.12 37 3212484 -266571 257 4 Discharging
90782.21 37 3281191 -79345 257 4 Discharging
90792.30 37 3283915 -63018 256 4 Discharging
90802.37 37 3255304 -149994 256 4 Discharging
90812.47 37 3275741 -63629 256 4 Discharging
90822.54 37 3248492 -182190 256 4 Discharging
90832.61 37 3259197 -73700 256 4 Discharging
90842.70 37 3199248 -260467 257 4 Discharging
90852.77 37 3263868 -123596 256 4 Discharging
90862.84 37 3262895 -63934 257 4 Discharging
90872.91 37 3269902 -63629 256 4 Discharging
90883.00 37 3246934 -134887 257 4 Discharging
90893.09 37 3256277 -64086 257 4 Discharging
90903.18 37 3246545 -112762 257 4 Discharging
90913.28 37 3214235 -96893 257 4 Discharging
90923.36 37 3185624 -393219 257 4 Discharging
90933.44 37 3252384 -63476 257 4 Discharging
90943.51 37 3218128 -120239 257 4 Discharging
90953.63 37 3228055 -64239 257 4 Discharging
90963.71 37 3192631 -219268 257 4 Discharging
90973.79 37 3203336 -194091 258 4 Discharging
90983.91 37 3192825 -193023 258 4 Discharging
90993.98 37 3177838 -377044 258 4 Discharging
91004.05 37 3244015 -63934 257 4 Discharging
91014.17 37 3215793 -128021 258 4 Discharging
91024.24 37 3212873 -183258 257 4 Discharging
91034.31 36 3224357 -64392 257 4 Discharging
91044.42 36 3230390 -64086 257 4 Discharging
91054.51 36 3180369 -303344 258 4 Discharging
91064.60 36 3152925 -281830 258 4 Discharging
91074.68 36 3170053 -218048 258 4 Discharging
91084.77 36 3211316 -162048 258 4 Discharging
91094.85 36 3218323 -63781 258 4 Discharging
91104.93 36 3214430 -64086 258 4 Discharging
91115.04 36 3193409 -122528 258 4 Discharging
91125.12 36 3198859 -64697 258 4 Discharging
91135.20 36 3191463 -131073 258 4 Discharging
91145.27 36 3154093 -244598 258 4 Discharging
91155.35 36 3202946 -63324 258 4 Discharging
91165.43 36 3187765 -137024 258 4 Discharging
91175.52 36 3199443 -63781 258 4 Discharging
91185.60 36 3183677 -65460 258 4 Discharging
91195.68 36 3185235 -76141 258 4 Discharging
91205.77 36 3157596 -134582 258 4 Discharging
91215.85 36 3134434 -183105 258 4 Discharging
91225.93 36 3119058 -374450 258 4 Discharging
91236.01 36 3159542 -158233 258 4 Discharging
91246.09 36 3164408 -135345 258 4 Discharging
91256.18 36 3142609 -135498 258 4 Discharging
91266.34 36 3117501 -201416 259 4 Discharging
91276.42 36 3147864 -64392 258 4 Discharging
91286.50 36 3103682 -207367 259 4 Discharging
91296.57 36 3121588 -323028 259 4 Discharging
91306.64 36 3123535 -266113 259 4 Discharging
91316.72 36 3139300 -132904 258 4 Discharging
91326.82 36 3146891 -64086 259 4 Discharging
91336.90 36 3132293 -165863 258 4 Discharging
91346.98 36 3135018 -77514 259 4 Discharging
91357.09 36 3094923 -152588 259 4 Discharging
91367.17 36 3059888 -342712 259 4 Discharging
91377.25 36 3092393 -316162 259 4 Discharging
91387.34 36 3133266 -88501 259 4 Discharging
91397.43 36 3096285 -156860 259 4 Discharging
91407.52 36 3105433 -135192 259 4 Discharging
91417.60 36 3113997 -64392 259 4 Discharging
91427.68 36 3057553 -128173 259 4 Discharging
91437.76 36 3050351 -223236 259 4 Discharging
91447.83 36 3061640 -206604 259 4 Discharging
91457.95 36 3063197 -228424 259 4 Discharging
91468.03 36 3072734 -74005 259 4 Discharging
91478.12 36 3083439 -65612 259 4 Discharging
91488.23 36 3078963 -66070 259 4 Discharging
91498.31 36 3045096 -70190 259 4 Discharging
91508.38 36 3009867 -207214 260 4 Discharging
91518.46 36 3055412 -85144 260 4 Discharging
91528.57 36 3002276 -313415 259 4 Discharging
91538.65 36 3046458 -149383 259 4 Discharging
91548.73 36 3048794 -66833 260 4 Discharging
91558.84 36 3034780 -65460 259 4 Discharging
91568.95 36 3020182 -68054 259 4 Discharging
91579.06 36 2980476 -216369 260 4 Discharging
91589.15 36 2997994 -247650 260 4 Discharging
91599.23 36 2997215 -125732 259 4 Discharging
91609.33 36 3001497 -96893 260 4 Discharging
91619.41 36 3012008 -143280 260 4 Discharging
91629.51 36 3010450 -67291 260 4 Discharging
91639.62 36 2994685 -67291 260 4 Discharging
91649.74 36 2977362 -85296 260 4 Discharging
91659.84 36 2932012 -238647 260 4 Discharging
91669.92 36 2949918 -200958 260 4 Discharging
91680.05 36 2965489 -68054 260 4 Discharging
91690.17 36 2925394 -217895 260 4 Discharging
91700.30 36 2905736 -401001 260 4 Discharging
91710.40 36 2918193 -155944 260 4 Discharging
91720.50 36 2931817 -68054 260 4 Discharging
91730.63 36 2878097 -215759 260 4 Discharging
91740.73 36 2881406 -248565 261 4 Discharging
91750.81 36 2923448 -66986 260 4 Discharging
91760.89 36 2915078 -68664 260 4 Discharging
91770.99 36 2875178 -208130 261 4 Discharging
91781.07 35 2899897 -68206 260 4 Discharging
91791.15 35 2874010 -129242 260 4 Discharging
91801.26 35 2864278 -70037 260 4 Discharging
